ville;code_commune;nom_commune;zone;annee;type_local;prix_m2_median;nb_ventes
Bordeaux;33003;Ambarès-et-Lagrave;peripherie;2021;Appartement;;28
Bordeaux;33003;Ambarès-et-Lagrave;peripherie;2021;Maison;2824.0;157
Bordeaux;33003;Ambarès-et-Lagrave;peripherie;2022;Appartement;2785.0;42
Bordeaux;33003;Ambarès-et-Lagrave;peripherie;2022;Maison;3049.0;135
Bordeaux;33003;Ambarès-et-Lagrave;peripherie;2023;Appartement;2830.0;35
Bordeaux;33003;Ambarès-et-Lagrave;peripherie;2023;Maison;2956.0;92
Bordeaux;33003;Ambarès-et-Lagrave;peripherie;2024;Appartement;2717.0;32
Bordeaux;33003;Ambarès-et-Lagrave;peripherie;2024;Maison;2699.0;102
Bordeaux;33003;Ambarès-et-Lagrave;peripherie;2025;Appartement;;25
Bordeaux;33003;Ambarès-et-Lagrave;peripherie;2025;Maison;2685.0;105
Bordeaux;33004;Ambès;peripherie;2021;Appartement;;4
Bordeaux;33004;Ambès;peripherie;2021;Maison;;25
Bordeaux;33004;Ambès;peripherie;2022;Appartement;;16
Bordeaux;33004;Ambès;peripherie;2022;Maison;;24
Bordeaux;33004;Ambès;peripherie;2023;Appartement;;24
Bordeaux;33004;Ambès;peripherie;2023;Maison;;16
Bordeaux;33004;Ambès;peripherie;2024;Appartement;;19
Bordeaux;33004;Ambès;peripherie;2024;Maison;;10
Bordeaux;33004;Ambès;peripherie;2025;Appartement;;20
Bordeaux;33004;Ambès;peripherie;2025;Maison;;25
Bordeaux;33013;Artigues-près-Bordeaux;peripherie;2021;Appartement;;28
Bordeaux;33013;Artigues-près-Bordeaux;peripherie;2021;Maison;3372.0;63
Bordeaux;33013;Artigues-près-Bordeaux;peripherie;2022;Appartement;3310.0;38
Bordeaux;33013;Artigues-près-Bordeaux;peripherie;2022;Maison;3523.0;73
Bordeaux;33013;Artigues-près-Bordeaux;peripherie;2023;Appartement;3190.0;35
Bordeaux;33013;Artigues-près-Bordeaux;peripherie;2023;Maison;3214.0;45
Bordeaux;33013;Artigues-près-Bordeaux;peripherie;2024;Appartement;;29
Bordeaux;33013;Artigues-près-Bordeaux;peripherie;2024;Maison;3188.0;36
Bordeaux;33013;Artigues-près-Bordeaux;peripherie;2025;Appartement;3055.0;40
Bordeaux;33013;Artigues-près-Bordeaux;peripherie;2025;Maison;3139.0;57
Bordeaux;33032;Bassens;peripherie;2021;Appartement;;24
Bordeaux;33032;Bassens;peripherie;2021;Maison;3027.0;37
Bordeaux;33032;Bassens;peripherie;2022;Appartement;2885.0;48
Bordeaux;33032;Bassens;peripherie;2022;Maison;3194.0;37
Bordeaux;33032;Bassens;peripherie;2023;Appartement;2657.0;32
Bordeaux;33032;Bassens;peripherie;2023;Maison;3118.0;41
Bordeaux;33032;Bassens;peripherie;2024;Appartement;;27
Bordeaux;33032;Bassens;peripherie;2024;Maison;3038.0;31
Bordeaux;33032;Bassens;peripherie;2025;Appartement;;28
Bordeaux;33032;Bassens;peripherie;2025;Maison;2857.0;47
Bordeaux;33039;Bègles;peripherie;2021;Appartement;3578.0;227
Bordeaux;33039;Bègles;peripherie;2021;Maison;4366.0;303
Bordeaux;33039;Bègles;peripherie;2022;Appartement;3620.0;324
Bordeaux;33039;Bègles;peripherie;2022;Maison;4520.0;248
Bordeaux;33039;Bègles;peripherie;2023;Appartement;3524.0;233
Bordeaux;33039;Bègles;peripherie;2023;Maison;4509.0;187
Bordeaux;33039;Bègles;peripherie;2024;Appartement;3180.0;194
Bordeaux;33039;Bègles;peripherie;2024;Maison;4063.0;158
Bordeaux;33039;Bègles;peripherie;2025;Appartement;3208.0;216
Bordeaux;33039;Bègles;peripherie;2025;Maison;3990.0;202
Bordeaux;33056;Blanquefort;peripherie;2021;Appartement;3138.0;70
Bordeaux;33056;Blanquefort;peripherie;2021;Maison;3624.0;100
Bordeaux;33056;Blanquefort;peripherie;2022;Appartement;3646.0;73
Bordeaux;33056;Blanquefort;peripherie;2022;Maison;4000.0;117
Bordeaux;33056;Blanquefort;peripherie;2023;Appartement;3333.0;45
Bordeaux;33056;Blanquefort;peripherie;2023;Maison;3917.0;98
Bordeaux;33056;Blanquefort;peripherie;2024;Appartement;;27
Bordeaux;33056;Blanquefort;peripherie;2024;Maison;3590.0;72
Bordeaux;33056;Blanquefort;peripherie;2025;Appartement;2935.0;64
Bordeaux;33056;Blanquefort;peripherie;2025;Maison;3268.0;101
Bordeaux;33063;Bordeaux;centre;2021;Appartement;4600.0;3965
Bordeaux;33063;Bordeaux;centre;2021;Maison;5211.0;1486
Bordeaux;33063;Bordeaux;centre;2022;Appartement;4628.0;4145
Bordeaux;33063;Bordeaux;centre;2022;Maison;5398.0;1390
Bordeaux;33063;Bordeaux;centre;2023;Appartement;4533.0;3269
Bordeaux;33063;Bordeaux;centre;2023;Maison;5369.0;1056
Bordeaux;33063;Bordeaux;centre;2024;Appartement;4231.0;2868
Bordeaux;33063;Bordeaux;centre;2024;Maison;4964.0;866
Bordeaux;33063;Bordeaux;centre;2025;Appartement;4123.0;3424
Bordeaux;33063;Bordeaux;centre;2025;Maison;4855.0;1101
Bordeaux;33065;Bouliac;peripherie;2021;Appartement;;1
Bordeaux;33065;Bouliac;peripherie;2021;Maison;;23
Bordeaux;33065;Bouliac;peripherie;2022;Appartement;;1
Bordeaux;33065;Bouliac;peripherie;2022;Maison;;21
Bordeaux;33065;Bouliac;peripherie;2023;Appartement;;4
Bordeaux;33065;Bouliac;peripherie;2023;Maison;;20
Bordeaux;33065;Bouliac;peripherie;2024;Appartement;;5
Bordeaux;33065;Bouliac;peripherie;2024;Maison;;13
Bordeaux;33065;Bouliac;peripherie;2025;Appartement;;7
Bordeaux;33065;Bouliac;peripherie;2025;Maison;;12
Bordeaux;33069;Le Bouscat;peripherie;2021;Appartement;3741.0;300
Bordeaux;33069;Le Bouscat;peripherie;2021;Maison;5337.0;246
Bordeaux;33069;Le Bouscat;peripherie;2022;Appartement;3938.0;304
Bordeaux;33069;Le Bouscat;peripherie;2022;Maison;5654.0;253
Bordeaux;33069;Le Bouscat;peripherie;2023;Appartement;4065.0;175
Bordeaux;33069;Le Bouscat;peripherie;2023;Maison;5483.0;172
Bordeaux;33069;Le Bouscat;peripherie;2024;Appartement;3633.0;173
Bordeaux;33069;Le Bouscat;peripherie;2024;Maison;5115.0;144
Bordeaux;33069;Le Bouscat;peripherie;2025;Appartement;3843.0;242
Bordeaux;33069;Le Bouscat;peripherie;2025;Maison;4943.0;200
Bordeaux;33075;Bruges;peripherie;2021;Appartement;3498.0;266
Bordeaux;33075;Bruges;peripherie;2021;Maison;4326.0;148
Bordeaux;33075;Bruges;peripherie;2022;Appartement;3659.0;244
Bordeaux;33075;Bruges;peripherie;2022;Maison;4562.0;128
Bordeaux;33075;Bruges;peripherie;2023;Appartement;3648.0;216
Bordeaux;33075;Bruges;peripherie;2023;Maison;4545.0;83
Bordeaux;33075;Bruges;peripherie;2024;Appartement;3440.0;162
Bordeaux;33075;Bruges;peripherie;2024;Maison;4177.0;93
Bordeaux;33075;Bruges;peripherie;2025;Appartement;3475.0;195
Bordeaux;33075;Bruges;peripherie;2025;Maison;4200.0;113
Bordeaux;33096;Carbon-Blanc;peripherie;2021;Appartement;2984.0;37
Bordeaux;33096;Carbon-Blanc;peripherie;2021;Maison;3059.0;86
Bordeaux;33096;Carbon-Blanc;peripherie;2022;Appartement;2723.0;37
Bordeaux;33096;Carbon-Blanc;peripherie;2022;Maison;3230.0;81
Bordeaux;33096;Carbon-Blanc;peripherie;2023;Appartement;;21
Bordeaux;33096;Carbon-Blanc;peripherie;2023;Maison;3169.0;53
Bordeaux;33096;Carbon-Blanc;peripherie;2024;Appartement;;16
Bordeaux;33096;Carbon-Blanc;peripherie;2024;Maison;2907.0;41
Bordeaux;33096;Carbon-Blanc;peripherie;2025;Appartement;2402.0;36
Bordeaux;33096;Carbon-Blanc;peripherie;2025;Maison;3005.0;60
Bordeaux;33119;Cenon;peripherie;2021;Appartement;3018.0;214
Bordeaux;33119;Cenon;peripherie;2021;Maison;3691.0;155
Bordeaux;33119;Cenon;peripherie;2022;Appartement;3333.0;240
Bordeaux;33119;Cenon;peripherie;2022;Maison;3850.0;162
Bordeaux;33119;Cenon;peripherie;2023;Appartement;3286.0;225
Bordeaux;33119;Cenon;peripherie;2023;Maison;3707.0;111
Bordeaux;33119;Cenon;peripherie;2024;Appartement;3099.0;170
Bordeaux;33119;Cenon;peripherie;2024;Maison;3382.0;86
Bordeaux;33119;Cenon;peripherie;2025;Appartement;2964.0;257
Bordeaux;33119;Cenon;peripherie;2025;Maison;3294.0;118
Bordeaux;33162;Eysines;peripherie;2021;Appartement;3582.0;204
Bordeaux;33162;Eysines;peripherie;2021;Maison;3889.0;213
Bordeaux;33162;Eysines;peripherie;2022;Appartement;3630.0;180
Bordeaux;33162;Eysines;peripherie;2022;Maison;4023.0;192
Bordeaux;33162;Eysines;peripherie;2023;Appartement;3667.0;177
Bordeaux;33162;Eysines;peripherie;2023;Maison;4058.0;149
Bordeaux;33162;Eysines;peripherie;2024;Appartement;3479.0;186
Bordeaux;33162;Eysines;peripherie;2024;Maison;3537.0;122
Bordeaux;33162;Eysines;peripherie;2025;Appartement;3359.0;158
Bordeaux;33162;Eysines;peripherie;2025;Maison;3572.0;164
Bordeaux;33167;Floirac;peripherie;2021;Appartement;3178.0;100
Bordeaux;33167;Floirac;peripherie;2021;Maison;3448.0;104
Bordeaux;33167;Floirac;peripherie;2022;Appartement;3179.0;121
Bordeaux;33167;Floirac;peripherie;2022;Maison;3695.0;116
Bordeaux;33167;Floirac;peripherie;2023;Appartement;3333.0;73
Bordeaux;33167;Floirac;peripherie;2023;Maison;3584.0;86
Bordeaux;33167;Floirac;peripherie;2024;Appartement;3239.0;64
Bordeaux;33167;Floirac;peripherie;2024;Maison;3476.0;80
Bordeaux;33167;Floirac;peripherie;2025;Appartement;3092.0;92
Bordeaux;33167;Floirac;peripherie;2025;Maison;3187.0;82
Bordeaux;33192;Gradignan;peripherie;2021;Appartement;3463.0;196
Bordeaux;33192;Gradignan;peripherie;2021;Maison;3971.0;142
Bordeaux;33192;Gradignan;peripherie;2022;Appartement;3583.0;234
Bordeaux;33192;Gradignan;peripherie;2022;Maison;4135.0;149
Bordeaux;33192;Gradignan;peripherie;2023;Appartement;3629.0;176
Bordeaux;33192;Gradignan;peripherie;2023;Maison;3962.0;109
Bordeaux;33192;Gradignan;peripherie;2024;Appartement;3504.0;179
Bordeaux;33192;Gradignan;peripherie;2024;Maison;3694.0;101
Bordeaux;33192;Gradignan;peripherie;2025;Appartement;3393.0;185
Bordeaux;33192;Gradignan;peripherie;2025;Maison;3754.0;130
Bordeaux;33200;Le Haillan;peripherie;2021;Appartement;3767.0;70
Bordeaux;33200;Le Haillan;peripherie;2021;Maison;3958.0;109
Bordeaux;33200;Le Haillan;peripherie;2022;Appartement;3810.0;103
Bordeaux;33200;Le Haillan;peripherie;2022;Maison;3992.0;99
Bordeaux;33200;Le Haillan;peripherie;2023;Appartement;3673.0;79
Bordeaux;33200;Le Haillan;peripherie;2023;Maison;3912.0;65
Bordeaux;33200;Le Haillan;peripherie;2024;Appartement;3459.0;74
Bordeaux;33200;Le Haillan;peripherie;2024;Maison;3678.0;74
Bordeaux;33200;Le Haillan;peripherie;2025;Appartement;3445.0;108
Bordeaux;33200;Le Haillan;peripherie;2025;Maison;3665.0;80
Bordeaux;33249;Lormont;peripherie;2021;Appartement;2548.0;134
Bordeaux;33249;Lormont;peripherie;2021;Maison;3048.0;97
Bordeaux;33249;Lormont;peripherie;2022;Appartement;2574.0;142
Bordeaux;33249;Lormont;peripherie;2022;Maison;3232.0;87
Bordeaux;33249;Lormont;peripherie;2023;Appartement;2601.0;125
Bordeaux;33249;Lormont;peripherie;2023;Maison;3376.0;64
Bordeaux;33249;Lormont;peripherie;2024;Appartement;2264.0;118
Bordeaux;33249;Lormont;peripherie;2024;Maison;3058.0;67
Bordeaux;33249;Lormont;peripherie;2025;Appartement;2449.0;156
Bordeaux;33249;Lormont;peripherie;2025;Maison;3019.0;73
Bordeaux;33273;Martignas-sur-Jalle;peripherie;2021;Appartement;3763.0;36
Bordeaux;33273;Martignas-sur-Jalle;peripherie;2021;Maison;3638.0;68
Bordeaux;33273;Martignas-sur-Jalle;peripherie;2022;Appartement;;27
Bordeaux;33273;Martignas-sur-Jalle;peripherie;2022;Maison;4027.0;66
Bordeaux;33273;Martignas-sur-Jalle;peripherie;2023;Appartement;;15
Bordeaux;33273;Martignas-sur-Jalle;peripherie;2023;Maison;4090.0;48
Bordeaux;33273;Martignas-sur-Jalle;peripherie;2024;Appartement;;21
Bordeaux;33273;Martignas-sur-Jalle;peripherie;2024;Maison;3698.0;38
Bordeaux;33273;Martignas-sur-Jalle;peripherie;2025;Appartement;3454.0;32
Bordeaux;33273;Martignas-sur-Jalle;peripherie;2025;Maison;3583.0;58
Bordeaux;33281;Mérignac;peripherie;2021;Appartement;3511.0;780
Bordeaux;33281;Mérignac;peripherie;2021;Maison;4291.0;447
Bordeaux;33281;Mérignac;peripherie;2022;Appartement;3640.0;844
Bordeaux;33281;Mérignac;peripherie;2022;Maison;4445.0;405
Bordeaux;33281;Mérignac;peripherie;2023;Appartement;3615.0;685
Bordeaux;33281;Mérignac;peripherie;2023;Maison;4535.0;314
Bordeaux;33281;Mérignac;peripherie;2024;Appartement;3415.0;575
Bordeaux;33281;Mérignac;peripherie;2024;Maison;4184.0;291
Bordeaux;33281;Mérignac;peripherie;2025;Appartement;3467.0;737
Bordeaux;33281;Mérignac;peripherie;2025;Maison;3951.0;351
Bordeaux;33312;Parempuyre;peripherie;2021;Appartement;3247.0;57
Bordeaux;33312;Parempuyre;peripherie;2021;Maison;3410.0;96
Bordeaux;33312;Parempuyre;peripherie;2022;Appartement;3372.0;40
Bordeaux;33312;Parempuyre;peripherie;2022;Maison;3648.0;84
Bordeaux;33312;Parempuyre;peripherie;2023;Appartement;3693.0;38
Bordeaux;33312;Parempuyre;peripherie;2023;Maison;3500.0;62
Bordeaux;33312;Parempuyre;peripherie;2024;Appartement;;24
Bordeaux;33312;Parempuyre;peripherie;2024;Maison;3197.0;74
Bordeaux;33312;Parempuyre;peripherie;2025;Appartement;3322.0;38
Bordeaux;33312;Parempuyre;peripherie;2025;Maison;3350.0;78
Bordeaux;33318;Pessac;peripherie;2021;Appartement;3600.0;375
Bordeaux;33318;Pessac;peripherie;2021;Maison;4127.0;463
Bordeaux;33318;Pessac;peripherie;2022;Appartement;3667.0;363
Bordeaux;33318;Pessac;peripherie;2022;Maison;4327.0;451
Bordeaux;33318;Pessac;peripherie;2023;Appartement;3634.0;267
Bordeaux;33318;Pessac;peripherie;2023;Maison;4379.0;303
Bordeaux;33318;Pessac;peripherie;2024;Appartement;3507.0;255
Bordeaux;33318;Pessac;peripherie;2024;Maison;3884.0;301
Bordeaux;33318;Pessac;peripherie;2025;Appartement;3476.0;292
Bordeaux;33318;Pessac;peripherie;2025;Maison;3762.0;378
Bordeaux;33376;Saint-Aubin-de-Médoc;peripherie;2021;Appartement;;7
Bordeaux;33376;Saint-Aubin-de-Médoc;peripherie;2021;Maison;3924.0;73
Bordeaux;33376;Saint-Aubin-de-Médoc;peripherie;2022;Appartement;;12
Bordeaux;33376;Saint-Aubin-de-Médoc;peripherie;2022;Maison;4265.0;54
Bordeaux;33376;Saint-Aubin-de-Médoc;peripherie;2023;Appartement;;3
Bordeaux;33376;Saint-Aubin-de-Médoc;peripherie;2023;Maison;4486.0;39
Bordeaux;33376;Saint-Aubin-de-Médoc;peripherie;2024;Appartement;;4
Bordeaux;33376;Saint-Aubin-de-Médoc;peripherie;2024;Maison;;29
Bordeaux;33376;Saint-Aubin-de-Médoc;peripherie;2025;Appartement;;7
Bordeaux;33376;Saint-Aubin-de-Médoc;peripherie;2025;Maison;3812.0;47
Bordeaux;33434;Saint-Louis-de-Montferrand;peripherie;2021;Appartement;;4
Bordeaux;33434;Saint-Louis-de-Montferrand;peripherie;2021;Maison;;18
Bordeaux;33434;Saint-Louis-de-Montferrand;peripherie;2022;Appartement;;6
Bordeaux;33434;Saint-Louis-de-Montferrand;peripherie;2022;Maison;;22
Bordeaux;33434;Saint-Louis-de-Montferrand;peripherie;2023;Appartement;;11
Bordeaux;33434;Saint-Louis-de-Montferrand;peripherie;2023;Maison;;17
Bordeaux;33434;Saint-Louis-de-Montferrand;peripherie;2024;Appartement;;8
Bordeaux;33434;Saint-Louis-de-Montferrand;peripherie;2024;Maison;;10
Bordeaux;33434;Saint-Louis-de-Montferrand;peripherie;2025;Appartement;;3
Bordeaux;33434;Saint-Louis-de-Montferrand;peripherie;2025;Maison;;17
Bordeaux;33449;Saint-Médard-en-Jalles;peripherie;2021;Appartement;3569.0;80
Bordeaux;33449;Saint-Médard-en-Jalles;peripherie;2021;Maison;3808.0;371
Bordeaux;33449;Saint-Médard-en-Jalles;peripherie;2022;Appartement;3598.0;96
Bordeaux;33449;Saint-Médard-en-Jalles;peripherie;2022;Maison;4067.0;291
Bordeaux;33449;Saint-Médard-en-Jalles;peripherie;2023;Appartement;3750.0;73
Bordeaux;33449;Saint-Médard-en-Jalles;peripherie;2023;Maison;3947.0;197
Bordeaux;33449;Saint-Médard-en-Jalles;peripherie;2024;Appartement;3590.0;71
Bordeaux;33449;Saint-Médard-en-Jalles;peripherie;2024;Maison;3656.0;209
Bordeaux;33449;Saint-Médard-en-Jalles;peripherie;2025;Appartement;3560.0;97
Bordeaux;33449;Saint-Médard-en-Jalles;peripherie;2025;Maison;3607.0;244
Bordeaux;33487;Saint-Vincent-de-Paul;peripherie;2021;Maison;;11
Bordeaux;33487;Saint-Vincent-de-Paul;peripherie;2022;Maison;;11
Bordeaux;33487;Saint-Vincent-de-Paul;peripherie;2023;Maison;;5
Bordeaux;33487;Saint-Vincent-de-Paul;peripherie;2024;Maison;;3
Bordeaux;33487;Saint-Vincent-de-Paul;peripherie;2025;Appartement;;1
Bordeaux;33487;Saint-Vincent-de-Paul;peripherie;2025;Maison;;11
Bordeaux;33519;Le Taillan-Médoc;peripherie;2021;Appartement;;18
Bordeaux;33519;Le Taillan-Médoc;peripherie;2021;Maison;3753.0;108
Bordeaux;33519;Le Taillan-Médoc;peripherie;2022;Appartement;;25
Bordeaux;33519;Le Taillan-Médoc;peripherie;2022;Maison;3830.0;101
Bordeaux;33519;Le Taillan-Médoc;peripherie;2023;Appartement;;8
Bordeaux;33519;Le Taillan-Médoc;peripherie;2023;Maison;3718.0;84
Bordeaux;33519;Le Taillan-Médoc;peripherie;2024;Appartement;;22
Bordeaux;33519;Le Taillan-Médoc;peripherie;2024;Maison;3502.0;70
Bordeaux;33519;Le Taillan-Médoc;peripherie;2025;Appartement;;24
Bordeaux;33519;Le Taillan-Médoc;peripherie;2025;Maison;3427.0;97
Bordeaux;33522;Talence;peripherie;2021;Appartement;3840.0;393
Bordeaux;33522;Talence;peripherie;2021;Maison;4711.0;291
Bordeaux;33522;Talence;peripherie;2022;Appartement;4164.0;458
Bordeaux;33522;Talence;peripherie;2022;Maison;4978.0;298
Bordeaux;33522;Talence;peripherie;2023;Appartement;4000.0;381
Bordeaux;33522;Talence;peripherie;2023;Maison;4872.0;210
Bordeaux;33522;Talence;peripherie;2024;Appartement;3799.0;346
Bordeaux;33522;Talence;peripherie;2024;Maison;4434.0;177
Bordeaux;33522;Talence;peripherie;2025;Appartement;3900.0;413
Bordeaux;33522;Talence;peripherie;2025;Maison;4313.0;215
Bordeaux;33550;Villenave-d'Ornon;peripherie;2021;Appartement;3333.0;209
Bordeaux;33550;Villenave-d'Ornon;peripherie;2021;Maison;3722.0;348
Bordeaux;33550;Villenave-d'Ornon;peripherie;2022;Appartement;3604.0;212
Bordeaux;33550;Villenave-d'Ornon;peripherie;2022;Maison;3994.0;346
Bordeaux;33550;Villenave-d'Ornon;peripherie;2023;Appartement;3459.0;187
Bordeaux;33550;Villenave-d'Ornon;peripherie;2023;Maison;3824.0;267
Bordeaux;33550;Villenave-d'Ornon;peripherie;2024;Appartement;3294.0;195
Bordeaux;33550;Villenave-d'Ornon;peripherie;2024;Maison;3532.0;204
Bordeaux;33550;Villenave-d'Ornon;peripherie;2025;Appartement;3283.0;248
Bordeaux;33550;Villenave-d'Ornon;peripherie;2025;Maison;3451.0;261
Lille;59005;Allennes-les-Marais;peripherie;2021;Maison;2346.0;53
Lille;59005;Allennes-les-Marais;peripherie;2022;Maison;2425.0;62
Lille;59005;Allennes-les-Marais;peripherie;2023;Maison;;25
Lille;59005;Allennes-les-Marais;peripherie;2024;Maison;;24
Lille;59005;Allennes-les-Marais;peripherie;2025;Maison;2108.0;30
Lille;59009;Villeneuve-d'Ascq;peripherie;2021;Appartement;4544.0;448
Lille;59009;Villeneuve-d'Ascq;peripherie;2021;Maison;3011.0;436
Lille;59009;Villeneuve-d'Ascq;peripherie;2022;Appartement;2385.0;303
Lille;59009;Villeneuve-d'Ascq;peripherie;2022;Maison;3303.0;428
Lille;59009;Villeneuve-d'Ascq;peripherie;2023;Appartement;2552.0;193
Lille;59009;Villeneuve-d'Ascq;peripherie;2023;Maison;3088.0;306
Lille;59009;Villeneuve-d'Ascq;peripherie;2024;Appartement;2396.0;172
Lille;59009;Villeneuve-d'Ascq;peripherie;2024;Maison;2925.0;364
Lille;59009;Villeneuve-d'Ascq;peripherie;2025;Appartement;2566.0;174
Lille;59009;Villeneuve-d'Ascq;peripherie;2025;Maison;3086.0;324
Lille;59011;Annœullin;peripherie;2021;Appartement;;10
Lille;59011;Annœullin;peripherie;2021;Maison;2263.0;119
Lille;59011;Annœullin;peripherie;2022;Appartement;;11
Lille;59011;Annœullin;peripherie;2022;Maison;2259.0;102
Lille;59011;Annœullin;peripherie;2023;Appartement;;10
Lille;59011;Annœullin;peripherie;2023;Maison;2338.0;80
Lille;59011;Annœullin;peripherie;2024;Appartement;;9
Lille;59011;Annœullin;peripherie;2024;Maison;2118.0;72
Lille;59011;Annœullin;peripherie;2025;Appartement;;14
Lille;59011;Annœullin;peripherie;2025;Maison;2200.0;116
Lille;59013;Anstaing;peripherie;2021;Maison;;17
Lille;59013;Anstaing;peripherie;2022;Appartement;;1
Lille;59013;Anstaing;peripherie;2022;Maison;3350.0;30
Lille;59013;Anstaing;peripherie;2023;Appartement;;1
Lille;59013;Anstaing;peripherie;2023;Maison;;14
Lille;59013;Anstaing;peripherie;2024;Appartement;;1
Lille;59013;Anstaing;peripherie;2024;Maison;;9
Lille;59013;Anstaing;peripherie;2025;Appartement;;1
Lille;59013;Anstaing;peripherie;2025;Maison;;19
Lille;59017;Armentières;peripherie;2021;Appartement;1812.0;139
Lille;59017;Armentières;peripherie;2021;Maison;1865.0;344
Lille;59017;Armentières;peripherie;2022;Appartement;1890.0;150
Lille;59017;Armentières;peripherie;2022;Maison;2008.0;330
Lille;59017;Armentières;peripherie;2023;Appartement;1890.0;112
Lille;59017;Armentières;peripherie;2023;Maison;1857.0;261
Lille;59017;Armentières;peripherie;2024;Appartement;1951.0;79
Lille;59017;Armentières;peripherie;2024;Maison;1872.0;214
Lille;59017;Armentières;peripherie;2025;Appartement;1938.0;105
Lille;59017;Armentières;peripherie;2025;Maison;1900.0;262
Lille;59025;Aubers;peripherie;2021;Maison;;9
Lille;59025;Aubers;peripherie;2022;Appartement;;1
Lille;59025;Aubers;peripherie;2022;Maison;;21
Lille;59025;Aubers;peripherie;2023;Maison;;27
Lille;59025;Aubers;peripherie;2024;Appartement;;1
Lille;59025;Aubers;peripherie;2024;Maison;;15
Lille;59025;Aubers;peripherie;2025;Maison;;13
Lille;59044;Baisieux;peripherie;2021;Appartement;;5
Lille;59044;Baisieux;peripherie;2021;Maison;2635.0;55
Lille;59044;Baisieux;peripherie;2022;Appartement;;4
Lille;59044;Baisieux;peripherie;2022;Maison;2852.0;63
Lille;59044;Baisieux;peripherie;2023;Appartement;;2
Lille;59044;Baisieux;peripherie;2023;Maison;2838.0;45
Lille;59044;Baisieux;peripherie;2024;Appartement;;2
Lille;59044;Baisieux;peripherie;2024;Maison;2857.0;47
Lille;59044;Baisieux;peripherie;2025;Appartement;;2
Lille;59044;Baisieux;peripherie;2025;Maison;2932.0;64
Lille;59051;La Bassée;peripherie;2021;Appartement;;11
Lille;59051;La Bassée;peripherie;2021;Maison;1909.0;90
Lille;59051;La Bassée;peripherie;2022;Appartement;;12
Lille;59051;La Bassée;peripherie;2022;Maison;2074.0;81
Lille;59051;La Bassée;peripherie;2023;Appartement;;6
Lille;59051;La Bassée;peripherie;2023;Maison;1894.0;52
Lille;59051;La Bassée;peripherie;2024;Appartement;;5
Lille;59051;La Bassée;peripherie;2024;Maison;1789.0;72
Lille;59051;La Bassée;peripherie;2025;Appartement;;10
Lille;59051;La Bassée;peripherie;2025;Maison;1871.0;79
Lille;59052;Bauvin;peripherie;2021;Maison;2018.0;81
Lille;59052;Bauvin;peripherie;2022;Maison;2136.0;64
Lille;59052;Bauvin;peripherie;2023;Appartement;;1
Lille;59052;Bauvin;peripherie;2023;Maison;1927.0;49
Lille;59052;Bauvin;peripherie;2024;Maison;1932.0;38
Lille;59052;Bauvin;peripherie;2025;Appartement;;1
Lille;59052;Bauvin;peripherie;2025;Maison;2009.0;66
Lille;59056;Beaucamps-Ligny;peripherie;2021;Appartement;;3
Lille;59056;Beaucamps-Ligny;peripherie;2021;Maison;;11
Lille;59056;Beaucamps-Ligny;peripherie;2022;Appartement;;4
Lille;59056;Beaucamps-Ligny;peripherie;2022;Maison;;7
Lille;59056;Beaucamps-Ligny;peripherie;2023;Maison;;11
Lille;59056;Beaucamps-Ligny;peripherie;2024;Maison;;5
Lille;59056;Beaucamps-Ligny;peripherie;2025;Maison;;7
Lille;59088;Bois-Grenier;peripherie;2021;Maison;;16
Lille;59088;Bois-Grenier;peripherie;2022;Appartement;;1
Lille;59088;Bois-Grenier;peripherie;2022;Maison;;18
Lille;59088;Bois-Grenier;peripherie;2023;Appartement;;1
Lille;59088;Bois-Grenier;peripherie;2023;Maison;;12
Lille;59088;Bois-Grenier;peripherie;2024;Appartement;;6
Lille;59088;Bois-Grenier;peripherie;2024;Maison;;9
Lille;59088;Bois-Grenier;peripherie;2025;Maison;;14
Lille;59090;Bondues;peripherie;2021;Appartement;;10
Lille;59090;Bondues;peripherie;2021;Maison;3839.0;93
Lille;59090;Bondues;peripherie;2022;Appartement;;9
Lille;59090;Bondues;peripherie;2022;Maison;3991.0;99
Lille;59090;Bondues;peripherie;2023;Appartement;;6
Lille;59090;Bondues;peripherie;2023;Maison;4125.0;85
Lille;59090;Bondues;peripherie;2024;Appartement;;13
Lille;59090;Bondues;peripherie;2024;Maison;3580.0;62
Lille;59090;Bondues;peripherie;2025;Appartement;;9
Lille;59090;Bondues;peripherie;2025;Maison;3999.0;80
Lille;59098;Bousbecque;peripherie;2021;Appartement;;18
Lille;59098;Bousbecque;peripherie;2021;Maison;2617.0;61
Lille;59098;Bousbecque;peripherie;2022;Appartement;;11
Lille;59098;Bousbecque;peripherie;2022;Maison;2620.0;55
Lille;59098;Bousbecque;peripherie;2023;Appartement;;8
Lille;59098;Bousbecque;peripherie;2023;Maison;2746.0;32
Lille;59098;Bousbecque;peripherie;2024;Appartement;;8
Lille;59098;Bousbecque;peripherie;2024;Maison;2561.0;41
Lille;59098;Bousbecque;peripherie;2025;Appartement;;6
Lille;59098;Bousbecque;peripherie;2025;Maison;2878.0;51
Lille;59106;Bouvines;peripherie;2021;Maison;;14
Lille;59106;Bouvines;peripherie;2022;Maison;;14
Lille;59106;Bouvines;peripherie;2023;Maison;;5
Lille;59106;Bouvines;peripherie;2024;Maison;;4
Lille;59106;Bouvines;peripherie;2025;Appartement;;2
Lille;59106;Bouvines;peripherie;2025;Maison;;15
Lille;59128;Capinghem;peripherie;2021;Appartement;;4
Lille;59128;Capinghem;peripherie;2021;Maison;;24
Lille;59128;Capinghem;peripherie;2022;Appartement;;7
Lille;59128;Capinghem;peripherie;2022;Maison;;20
Lille;59128;Capinghem;peripherie;2023;Appartement;;12
Lille;59128;Capinghem;peripherie;2023;Maison;;14
Lille;59128;Capinghem;peripherie;2024;Appartement;;7
Lille;59128;Capinghem;peripherie;2024;Maison;;12
Lille;59128;Capinghem;peripherie;2025;Appartement;;10
Lille;59128;Capinghem;peripherie;2025;Maison;;25
Lille;59133;Carnin;peripherie;2021;Appartement;;2
Lille;59133;Carnin;peripherie;2021;Maison;;22
Lille;59133;Carnin;peripherie;2022;Appartement;;1
Lille;59133;Carnin;peripherie;2022;Maison;;7
Lille;59133;Carnin;peripherie;2023;Appartement;;4
Lille;59133;Carnin;peripherie;2023;Maison;;9
Lille;59133;Carnin;peripherie;2024;Appartement;;1
Lille;59133;Carnin;peripherie;2024;Maison;;9
Lille;59133;Carnin;peripherie;2025;Appartement;;1
Lille;59133;Carnin;peripherie;2025;Maison;;13
Lille;59143;La Chapelle-d'Armentières;peripherie;2021;Appartement;;11
Lille;59143;La Chapelle-d'Armentières;peripherie;2021;Maison;2331.0;117
Lille;59143;La Chapelle-d'Armentières;peripherie;2022;Appartement;;23
Lille;59143;La Chapelle-d'Armentières;peripherie;2022;Maison;2629.0;109
Lille;59143;La Chapelle-d'Armentières;peripherie;2023;Appartement;;10
Lille;59143;La Chapelle-d'Armentières;peripherie;2023;Maison;2294.0;91
Lille;59143;La Chapelle-d'Armentières;peripherie;2024;Appartement;;17
Lille;59143;La Chapelle-d'Armentières;peripherie;2024;Maison;2487.0;64
Lille;59143;La Chapelle-d'Armentières;peripherie;2025;Appartement;;14
Lille;59143;La Chapelle-d'Armentières;peripherie;2025;Maison;2438.0;91
Lille;59146;Chéreng;peripherie;2021;Appartement;;3
Lille;59146;Chéreng;peripherie;2021;Maison;3238.0;45
Lille;59146;Chéreng;peripherie;2022;Appartement;;3
Lille;59146;Chéreng;peripherie;2022;Maison;3704.0;37
Lille;59146;Chéreng;peripherie;2023;Appartement;;1
Lille;59146;Chéreng;peripherie;2023;Maison;;24
Lille;59146;Chéreng;peripherie;2024;Appartement;;3
Lille;59146;Chéreng;peripherie;2024;Maison;;29
Lille;59146;Chéreng;peripherie;2025;Appartement;;5
Lille;59146;Chéreng;peripherie;2025;Maison;3451.0;44
Lille;59152;Comines;peripherie;2021;Appartement;;13
Lille;59152;Comines;peripherie;2021;Maison;2286.0;136
Lille;59152;Comines;peripherie;2022;Appartement;;15
Lille;59152;Comines;peripherie;2022;Maison;2475.0;140
Lille;59152;Comines;peripherie;2023;Appartement;;12
Lille;59152;Comines;peripherie;2023;Maison;2382.0;102
Lille;59152;Comines;peripherie;2024;Appartement;;20
Lille;59152;Comines;peripherie;2024;Maison;2256.0;94
Lille;59152;Comines;peripherie;2025;Appartement;;24
Lille;59152;Comines;peripherie;2025;Maison;2205.0;116
Lille;59163;Croix;peripherie;2021;Appartement;2406.0;141
Lille;59163;Croix;peripherie;2021;Maison;2371.0;292
Lille;59163;Croix;peripherie;2022;Appartement;2456.0;151
Lille;59163;Croix;peripherie;2022;Maison;2596.0;267
Lille;59163;Croix;peripherie;2023;Appartement;2667.0;107
Lille;59163;Croix;peripherie;2023;Maison;2621.0;204
Lille;59163;Croix;peripherie;2024;Appartement;2653.0;95
Lille;59163;Croix;peripherie;2024;Maison;2467.0;172
Lille;59163;Croix;peripherie;2025;Appartement;2552.0;151
Lille;59163;Croix;peripherie;2025;Maison;2634.0;212
Lille;59173;Deûlémont;peripherie;2021;Maison;;17
Lille;59173;Deûlémont;peripherie;2022;Appartement;;1
Lille;59173;Deûlémont;peripherie;2022;Maison;;18
Lille;59173;Deûlémont;peripherie;2023;Appartement;;2
Lille;59173;Deûlémont;peripherie;2023;Maison;;15
Lille;59173;Deûlémont;peripherie;2024;Maison;;7
Lille;59173;Deûlémont;peripherie;2025;Maison;;12
Lille;59193;Emmerin;peripherie;2021;Maison;2479.0;46
Lille;59193;Emmerin;peripherie;2022;Appartement;;11
Lille;59193;Emmerin;peripherie;2022;Maison;2718.0;48
Lille;59193;Emmerin;peripherie;2023;Maison;2522.0;36
Lille;59193;Emmerin;peripherie;2024;Appartement;;1
Lille;59193;Emmerin;peripherie;2024;Maison;2524.0;32
Lille;59193;Emmerin;peripherie;2025;Maison;2376.0;40
Lille;59195;Englos;peripherie;2021;Maison;;7
Lille;59195;Englos;peripherie;2022;Maison;;8
Lille;59195;Englos;peripherie;2023;Maison;;11
Lille;59195;Englos;peripherie;2024;Maison;;7
Lille;59195;Englos;peripherie;2025;Maison;;6
Lille;59196;Ennetières-en-Weppes;peripherie;2021;Maison;;11
Lille;59196;Ennetières-en-Weppes;peripherie;2022;Maison;;13
Lille;59196;Ennetières-en-Weppes;peripherie;2023;Appartement;;2
Lille;59196;Ennetières-en-Weppes;peripherie;2023;Maison;;14
Lille;59196;Ennetières-en-Weppes;peripherie;2024;Appartement;;2
Lille;59196;Ennetières-en-Weppes;peripherie;2024;Maison;;12
Lille;59196;Ennetières-en-Weppes;peripherie;2025;Appartement;;1
Lille;59196;Ennetières-en-Weppes;peripherie;2025;Maison;;8
Lille;59201;Erquinghem-le-Sec;peripherie;2021;Maison;;6
Lille;59201;Erquinghem-le-Sec;peripherie;2022;Maison;;4
Lille;59201;Erquinghem-le-Sec;peripherie;2023;Maison;;4
Lille;59201;Erquinghem-le-Sec;peripherie;2024;Maison;;3
Lille;59201;Erquinghem-le-Sec;peripherie;2025;Maison;;1
Lille;59202;Erquinghem-Lys;peripherie;2021;Appartement;;12
Lille;59202;Erquinghem-Lys;peripherie;2021;Maison;2149.0;69
Lille;59202;Erquinghem-Lys;peripherie;2022;Appartement;;7
Lille;59202;Erquinghem-Lys;peripherie;2022;Maison;2357.0;59
Lille;59202;Erquinghem-Lys;peripherie;2023;Appartement;;10
Lille;59202;Erquinghem-Lys;peripherie;2023;Maison;2249.0;51
Lille;59202;Erquinghem-Lys;peripherie;2024;Appartement;;8
Lille;59202;Erquinghem-Lys;peripherie;2024;Maison;2193.0;43
Lille;59202;Erquinghem-Lys;peripherie;2025;Appartement;;6
Lille;59202;Erquinghem-Lys;peripherie;2025;Maison;2188.0;54
Lille;59208;Escobecques;peripherie;2021;Maison;;4
Lille;59208;Escobecques;peripherie;2022;Maison;;1
Lille;59208;Escobecques;peripherie;2023;Maison;;1
Lille;59208;Escobecques;peripherie;2024;Maison;;1
Lille;59208;Escobecques;peripherie;2025;Maison;;5
Lille;59220;Faches-Thumesnil;peripherie;2021;Appartement;2555.0;60
Lille;59220;Faches-Thumesnil;peripherie;2021;Maison;2429.0;234
Lille;59220;Faches-Thumesnil;peripherie;2022;Appartement;2518.0;52
Lille;59220;Faches-Thumesnil;peripherie;2022;Maison;2687.0;213
Lille;59220;Faches-Thumesnil;peripherie;2023;Appartement;2685.0;58
Lille;59220;Faches-Thumesnil;peripherie;2023;Maison;2539.0;160
Lille;59220;Faches-Thumesnil;peripherie;2024;Appartement;2543.0;45
Lille;59220;Faches-Thumesnil;peripherie;2024;Maison;2510.0;175
Lille;59220;Faches-Thumesnil;peripherie;2025;Appartement;2762.0;46
Lille;59220;Faches-Thumesnil;peripherie;2025;Maison;2404.0;200
Lille;59247;Forest-sur-Marque;peripherie;2021;Maison;;17
Lille;59247;Forest-sur-Marque;peripherie;2022;Appartement;;1
Lille;59247;Forest-sur-Marque;peripherie;2022;Maison;;26
Lille;59247;Forest-sur-Marque;peripherie;2023;Maison;;16
Lille;59247;Forest-sur-Marque;peripherie;2024;Maison;;17
Lille;59247;Forest-sur-Marque;peripherie;2025;Appartement;;1
Lille;59247;Forest-sur-Marque;peripherie;2025;Maison;;20
Lille;59250;Fournes-en-Weppes;peripherie;2021;Appartement;;2
Lille;59250;Fournes-en-Weppes;peripherie;2021;Maison;2804.0;33
Lille;59250;Fournes-en-Weppes;peripherie;2022;Appartement;;3
Lille;59250;Fournes-en-Weppes;peripherie;2022;Maison;;23
Lille;59250;Fournes-en-Weppes;peripherie;2023;Maison;;24
Lille;59250;Fournes-en-Weppes;peripherie;2024;Maison;;25
Lille;59250;Fournes-en-Weppes;peripherie;2025;Appartement;;1
Lille;59250;Fournes-en-Weppes;peripherie;2025;Maison;;26
Lille;59252;Frelinghien;peripherie;2021;Appartement;;2
Lille;59252;Frelinghien;peripherie;2021;Maison;;25
Lille;59252;Frelinghien;peripherie;2022;Appartement;;2
Lille;59252;Frelinghien;peripherie;2022;Maison;;28
Lille;59252;Frelinghien;peripherie;2023;Maison;;22
Lille;59252;Frelinghien;peripherie;2024;Maison;;27
Lille;59252;Frelinghien;peripherie;2025;Maison;2602.0;30
Lille;59256;Fretin;peripherie;2021;Appartement;;3
Lille;59256;Fretin;peripherie;2021;Maison;2889.0;41
Lille;59256;Fretin;peripherie;2022;Maison;2712.0;46
Lille;59256;Fretin;peripherie;2023;Maison;2926.0;33
Lille;59256;Fretin;peripherie;2024;Appartement;;1
Lille;59256;Fretin;peripherie;2024;Maison;2881.0;50
Lille;59256;Fretin;peripherie;2025;Maison;2848.0;35
Lille;59257;Fromelles;peripherie;2021;Maison;;13
Lille;59257;Fromelles;peripherie;2022;Maison;;14
Lille;59257;Fromelles;peripherie;2023;Maison;;10
Lille;59257;Fromelles;peripherie;2024;Maison;;6
Lille;59257;Fromelles;peripherie;2025;Maison;;12
Lille;59275;Gruson;peripherie;2021;Maison;;12
Lille;59275;Gruson;peripherie;2022;Appartement;;1
Lille;59275;Gruson;peripherie;2022;Maison;;7
Lille;59275;Gruson;peripherie;2023;Appartement;;1
Lille;59275;Gruson;peripherie;2023;Maison;;12
Lille;59275;Gruson;peripherie;2024;Maison;;3
Lille;59275;Gruson;peripherie;2025;Maison;;14
Lille;59278;Hallennes-lez-Haubourdin;peripherie;2021;Appartement;;9
Lille;59278;Hallennes-lez-Haubourdin;peripherie;2021;Maison;2533.0;66
Lille;59278;Hallennes-lez-Haubourdin;peripherie;2022;Appartement;;5
Lille;59278;Hallennes-lez-Haubourdin;peripherie;2022;Maison;2944.0;51
Lille;59278;Hallennes-lez-Haubourdin;peripherie;2023;Appartement;;4
Lille;59278;Hallennes-lez-Haubourdin;peripherie;2023;Maison;2654.0;37
Lille;59278;Hallennes-lez-Haubourdin;peripherie;2024;Maison;2615.0;37
Lille;59278;Hallennes-lez-Haubourdin;peripherie;2025;Appartement;;12
Lille;59278;Hallennes-lez-Haubourdin;peripherie;2025;Maison;2665.0;63
Lille;59279;Halluin;peripherie;2021;Appartement;2250.0;43
Lille;59279;Halluin;peripherie;2021;Maison;2173.0;258
Lille;59279;Halluin;peripherie;2022;Appartement;2302.0;45
Lille;59279;Halluin;peripherie;2022;Maison;2184.0;249
Lille;59279;Halluin;peripherie;2023;Appartement;;24
Lille;59279;Halluin;peripherie;2023;Maison;2091.0;179
Lille;59279;Halluin;peripherie;2024;Appartement;2184.0;31
Lille;59279;Halluin;peripherie;2024;Maison;2097.0;161
Lille;59279;Halluin;peripherie;2025;Appartement;;19
Lille;59279;Halluin;peripherie;2025;Maison;2169.0;215
Lille;59281;Hantay;peripherie;2021;Maison;;18
Lille;59281;Hantay;peripherie;2022;Maison;;15
Lille;59281;Hantay;peripherie;2023;Maison;;11
Lille;59281;Hantay;peripherie;2024;Maison;;9
Lille;59281;Hantay;peripherie;2025;Maison;;13
Lille;59286;Haubourdin;peripherie;2021;Appartement;2079.0;58
Lille;59286;Haubourdin;peripherie;2021;Maison;2232.0;169
Lille;59286;Haubourdin;peripherie;2022;Appartement;2291.0;44
Lille;59286;Haubourdin;peripherie;2022;Maison;2363.0;172
Lille;59286;Haubourdin;peripherie;2023;Appartement;2174.0;66
Lille;59286;Haubourdin;peripherie;2023;Maison;2330.0;114
Lille;59286;Haubourdin;peripherie;2024;Appartement;2306.0;45
Lille;59286;Haubourdin;peripherie;2024;Maison;2148.0;104
Lille;59286;Haubourdin;peripherie;2025;Appartement;2642.0;71
Lille;59286;Haubourdin;peripherie;2025;Maison;2177.0;133
Lille;59299;Hem;peripherie;2021;Appartement;;9
Lille;59299;Hem;peripherie;2021;Maison;2725.0;179
Lille;59299;Hem;peripherie;2022;Appartement;;17
Lille;59299;Hem;peripherie;2022;Maison;2785.0;194
Lille;59299;Hem;peripherie;2023;Appartement;;4
Lille;59299;Hem;peripherie;2023;Maison;2806.0;170
Lille;59299;Hem;peripherie;2024;Appartement;;9
Lille;59299;Hem;peripherie;2024;Maison;2546.0;122
Lille;59299;Hem;peripherie;2025;Appartement;;13
Lille;59299;Hem;peripherie;2025;Maison;2656.0;142
Lille;59303;Herlies;peripherie;2021;Maison;;24
Lille;59303;Herlies;peripherie;2022;Maison;;15
Lille;59303;Herlies;peripherie;2023;Maison;;24
Lille;59303;Herlies;peripherie;2024;Maison;;14
Lille;59303;Herlies;peripherie;2025;Maison;;21
Lille;59316;Houplin-Ancoisne;peripherie;2021;Maison;2589.0;43
Lille;59316;Houplin-Ancoisne;peripherie;2022;Maison;2722.0;47
Lille;59316;Houplin-Ancoisne;peripherie;2023;Maison;;28
Lille;59316;Houplin-Ancoisne;peripherie;2024;Maison;;29
Lille;59316;Houplin-Ancoisne;peripherie;2025;Maison;2402.0;37
Lille;59317;Houplines;peripherie;2021;Appartement;;2
Lille;59317;Houplines;peripherie;2021;Maison;2247.0;118
Lille;59317;Houplines;peripherie;2022;Appartement;;1
Lille;59317;Houplines;peripherie;2022;Maison;2262.0;135
Lille;59317;Houplines;peripherie;2023;Maison;2147.0;76
Lille;59317;Houplines;peripherie;2024;Appartement;;2
Lille;59317;Houplines;peripherie;2024;Maison;2229.0;78
Lille;59317;Houplines;peripherie;2025;Appartement;;2
Lille;59317;Houplines;peripherie;2025;Maison;2225.0;112
Lille;59320;Illies;peripherie;2021;Maison;;18
Lille;59320;Illies;peripherie;2022;Maison;;18
Lille;59320;Illies;peripherie;2023;Maison;;16
Lille;59320;Illies;peripherie;2024;Maison;;16
Lille;59320;Illies;peripherie;2025;Maison;;10
Lille;59328;Lambersart;peripherie;2021;Appartement;2896.0;185
Lille;59328;Lambersart;peripherie;2021;Maison;3650.0;316
Lille;59328;Lambersart;peripherie;2022;Appartement;3140.0;182
Lille;59328;Lambersart;peripherie;2022;Maison;3975.0;304
Lille;59328;Lambersart;peripherie;2023;Appartement;3168.0;131
Lille;59328;Lambersart;peripherie;2023;Maison;3758.0;232
Lille;59328;Lambersart;peripherie;2024;Appartement;3125.0;127
Lille;59328;Lambersart;peripherie;2024;Maison;3492.0;255
Lille;59328;Lambersart;peripherie;2025;Appartement;3038.0;152
Lille;59328;Lambersart;peripherie;2025;Maison;3611.0;275
Lille;59332;Lannoy;peripherie;2021;Appartement;;15
Lille;59332;Lannoy;peripherie;2021;Maison;;24
Lille;59332;Lannoy;peripherie;2022;Appartement;;11
Lille;59332;Lannoy;peripherie;2022;Maison;;21
Lille;59332;Lannoy;peripherie;2023;Appartement;;11
Lille;59332;Lannoy;peripherie;2023;Maison;;11
Lille;59332;Lannoy;peripherie;2024;Appartement;;17
Lille;59332;Lannoy;peripherie;2024;Maison;;9
Lille;59332;Lannoy;peripherie;2025;Appartement;;16
Lille;59332;Lannoy;peripherie;2025;Maison;;11
Lille;59339;Leers;peripherie;2021;Appartement;;8
Lille;59339;Leers;peripherie;2021;Maison;2577.0;104
Lille;59339;Leers;peripherie;2022;Appartement;;9
Lille;59339;Leers;peripherie;2022;Maison;2733.0;115
Lille;59339;Leers;peripherie;2023;Appartement;;7
Lille;59339;Leers;peripherie;2023;Maison;2651.0;87
Lille;59339;Leers;peripherie;2024;Appartement;;6
Lille;59339;Leers;peripherie;2024;Maison;2549.0;92
Lille;59339;Leers;peripherie;2025;Appartement;;5
Lille;59339;Leers;peripherie;2025;Maison;2581.0;84
Lille;59343;Lesquin;peripherie;2021;Appartement;;10
Lille;59343;Lesquin;peripherie;2021;Maison;3043.0;107
Lille;59343;Lesquin;peripherie;2022;Appartement;;9
Lille;59343;Lesquin;peripherie;2022;Maison;3280.0;81
Lille;59343;Lesquin;peripherie;2023;Appartement;;24
Lille;59343;Lesquin;peripherie;2023;Maison;3056.0;79
Lille;59343;Lesquin;peripherie;2024;Appartement;;12
Lille;59343;Lesquin;peripherie;2024;Maison;2925.0;56
Lille;59343;Lesquin;peripherie;2025;Appartement;;28
Lille;59343;Lesquin;peripherie;2025;Maison;2969.0;71
Lille;59346;Lezennes;peripherie;2021;Maison;2689.0;47
Lille;59346;Lezennes;peripherie;2022;Maison;2868.0;36
Lille;59346;Lezennes;peripherie;2023;Maison;;21
Lille;59346;Lezennes;peripherie;2024;Appartement;;1
Lille;59346;Lezennes;peripherie;2024;Maison;;29
Lille;59346;Lezennes;peripherie;2025;Appartement;;2
Lille;59346;Lezennes;peripherie;2025;Maison;2656.0;37
Lille;59350;Lille;centre;2021;Appartement;3718.0;3336
Lille;59350;Lille;centre;2021;Maison;2770.0;1163
Lille;59350;Lille;centre;2022;Appartement;3856.0;3140
Lille;59350;Lille;centre;2022;Maison;2935.0;1106
Lille;59350;Lille;centre;2023;Appartement;3857.0;2568
Lille;59350;Lille;centre;2023;Maison;2889.0;903
Lille;59350;Lille;centre;2024;Appartement;3683.0;2133
Lille;59350;Lille;centre;2024;Maison;2850.0;817
Lille;59350;Lille;centre;2025;Appartement;3708.0;2539
Lille;59350;Lille;centre;2025;Maison;2796.0;939
Lille;59352;Linselles;peripherie;2021;Appartement;;26
Lille;59352;Linselles;peripherie;2021;Maison;2917.0;103
Lille;59352;Linselles;peripherie;2022;Appartement;3686.0;31
Lille;59352;Linselles;peripherie;2022;Maison;3075.0;79
Lille;59352;Linselles;peripherie;2023;Appartement;;19
Lille;59352;Linselles;peripherie;2023;Maison;2860.0;80
Lille;59352;Linselles;peripherie;2024;Appartement;;12
Lille;59352;Linselles;peripherie;2024;Maison;2882.0;68
Lille;59352;Linselles;peripherie;2025;Appartement;;14
Lille;59352;Linselles;peripherie;2025;Maison;2638.0;87
Lille;59356;Lompret;peripherie;2021;Maison;;21
Lille;59356;Lompret;peripherie;2022;Maison;;20
Lille;59356;Lompret;peripherie;2023;Appartement;;1
Lille;59356;Lompret;peripherie;2023;Maison;;14
Lille;59356;Lompret;peripherie;2024;Maison;;20
Lille;59356;Lompret;peripherie;2025;Maison;;19
Lille;59360;Loos;peripherie;2021;Appartement;2451.0;170
Lille;59360;Loos;peripherie;2021;Maison;2368.0;203
Lille;59360;Loos;peripherie;2022;Appartement;2742.0;174
Lille;59360;Loos;peripherie;2022;Maison;2456.0;166
Lille;59360;Loos;peripherie;2023;Appartement;2689.0;106
Lille;59360;Loos;peripherie;2023;Maison;2394.0;135
Lille;59360;Loos;peripherie;2024;Appartement;2600.0;115
Lille;59360;Loos;peripherie;2024;Maison;2270.0;100
Lille;59360;Loos;peripherie;2025;Appartement;2779.0;140
Lille;59360;Loos;peripherie;2025;Maison;2301.0;141
Lille;59367;Lys-lez-Lannoy;peripherie;2021;Appartement;1935.0;52
Lille;59367;Lys-lez-Lannoy;peripherie;2021;Maison;2320.0;171
Lille;59367;Lys-lez-Lannoy;peripherie;2022;Appartement;1952.0;51
Lille;59367;Lys-lez-Lannoy;peripherie;2022;Maison;2529.0;151
Lille;59367;Lys-lez-Lannoy;peripherie;2023;Appartement;2132.0;38
Lille;59367;Lys-lez-Lannoy;peripherie;2023;Maison;2370.0;97
Lille;59367;Lys-lez-Lannoy;peripherie;2024;Appartement;2174.0;39
Lille;59367;Lys-lez-Lannoy;peripherie;2024;Maison;2377.0;119
Lille;59367;Lys-lez-Lannoy;peripherie;2025;Appartement;1894.0;57
Lille;59367;Lys-lez-Lannoy;peripherie;2025;Maison;2260.0;143
Lille;59368;La Madeleine;peripherie;2021;Appartement;3097.0;365
Lille;59368;La Madeleine;peripherie;2021;Maison;3765.0;190
Lille;59368;La Madeleine;peripherie;2022;Appartement;3394.0;317
Lille;59368;La Madeleine;peripherie;2022;Maison;3944.0;188
Lille;59368;La Madeleine;peripherie;2023;Appartement;3230.0;262
Lille;59368;La Madeleine;peripherie;2023;Maison;3636.0;137
Lille;59368;La Madeleine;peripherie;2024;Appartement;3224.0;208
Lille;59368;La Madeleine;peripherie;2024;Maison;3469.0;118
Lille;59368;La Madeleine;peripherie;2025;Appartement;3204.0;276
Lille;59368;La Madeleine;peripherie;2025;Maison;3650.0;153
Lille;59371;Le Maisnil;peripherie;2021;Maison;;3
Lille;59371;Le Maisnil;peripherie;2022;Maison;;8
Lille;59371;Le Maisnil;peripherie;2023;Maison;;4
Lille;59371;Le Maisnil;peripherie;2024;Maison;;3
Lille;59371;Le Maisnil;peripherie;2025;Maison;;8
Lille;59378;Marcq-en-Barœul;peripherie;2021;Appartement;3212.0;334
Lille;59378;Marcq-en-Barœul;peripherie;2021;Maison;3834.0;395
Lille;59378;Marcq-en-Barœul;peripherie;2022;Appartement;3520.0;351
Lille;59378;Marcq-en-Barœul;peripherie;2022;Maison;4030.0;419
Lille;59378;Marcq-en-Barœul;peripherie;2023;Appartement;3559.0;231
Lille;59378;Marcq-en-Barœul;peripherie;2023;Maison;4278.0;290
Lille;59378;Marcq-en-Barœul;peripherie;2024;Appartement;3346.0;203
Lille;59378;Marcq-en-Barœul;peripherie;2024;Maison;4013.0;281
Lille;59378;Marcq-en-Barœul;peripherie;2025;Appartement;3438.0;255
Lille;59378;Marcq-en-Barœul;peripherie;2025;Maison;3983.0;352
Lille;59386;Marquette-lez-Lille;peripherie;2021;Appartement;3409.0;72
Lille;59386;Marquette-lez-Lille;peripherie;2021;Maison;3020.0;137
Lille;59386;Marquette-lez-Lille;peripherie;2022;Appartement;3698.0;38
Lille;59386;Marquette-lez-Lille;peripherie;2022;Maison;3190.0;115
Lille;59386;Marquette-lez-Lille;peripherie;2023;Appartement;;15
Lille;59386;Marquette-lez-Lille;peripherie;2023;Maison;3387.0;126
Lille;59386;Marquette-lez-Lille;peripherie;2024;Appartement;;19
Lille;59386;Marquette-lez-Lille;peripherie;2024;Maison;3202.0;101
Lille;59386;Marquette-lez-Lille;peripherie;2025;Appartement;3479.0;31
Lille;59386;Marquette-lez-Lille;peripherie;2025;Maison;3301.0;103
Lille;59388;Marquillies;peripherie;2021;Maison;;28
Lille;59388;Marquillies;peripherie;2022;Maison;;17
Lille;59388;Marquillies;peripherie;2023;Maison;;21
Lille;59388;Marquillies;peripherie;2024;Maison;;16
Lille;59388;Marquillies;peripherie;2025;Maison;;29
Lille;59410;Mons-en-Barœul;peripherie;2021;Appartement;1776.0;118
Lille;59410;Mons-en-Barœul;peripherie;2021;Maison;2705.0;130
Lille;59410;Mons-en-Barœul;peripherie;2022;Appartement;1794.0;125
Lille;59410;Mons-en-Barœul;peripherie;2022;Maison;2863.0;149
Lille;59410;Mons-en-Barœul;peripherie;2023;Appartement;1778.0;112
Lille;59410;Mons-en-Barœul;peripherie;2023;Maison;3065.0;120
Lille;59410;Mons-en-Barœul;peripherie;2024;Appartement;1723.0;89
Lille;59410;Mons-en-Barœul;peripherie;2024;Maison;2843.0;121
Lille;59410;Mons-en-Barœul;peripherie;2025;Appartement;1677.0;110
Lille;59410;Mons-en-Barœul;peripherie;2025;Maison;2865.0;121
Lille;59421;Mouvaux;peripherie;2021;Appartement;3364.0;58
Lille;59421;Mouvaux;peripherie;2021;Maison;3225.0;171
Lille;59421;Mouvaux;peripherie;2022;Appartement;3544.0;40
Lille;59421;Mouvaux;peripherie;2022;Maison;3349.0;185
Lille;59421;Mouvaux;peripherie;2023;Appartement;3812.0;30
Lille;59421;Mouvaux;peripherie;2023;Maison;3354.0;124
Lille;59421;Mouvaux;peripherie;2024;Appartement;3544.0;45
Lille;59421;Mouvaux;peripherie;2024;Maison;3362.0;122
Lille;59421;Mouvaux;peripherie;2025;Appartement;3531.0;55
Lille;59421;Mouvaux;peripherie;2025;Maison;3248.0;158
Lille;59426;Neuville-en-Ferrain;peripherie;2021;Appartement;;14
Lille;59426;Neuville-en-Ferrain;peripherie;2021;Maison;2573.0;134
Lille;59426;Neuville-en-Ferrain;peripherie;2022;Appartement;;17
Lille;59426;Neuville-en-Ferrain;peripherie;2022;Maison;2770.0;133
Lille;59426;Neuville-en-Ferrain;peripherie;2023;Appartement;;8
Lille;59426;Neuville-en-Ferrain;peripherie;2023;Maison;2727.0;81
Lille;59426;Neuville-en-Ferrain;peripherie;2024;Appartement;;5
Lille;59426;Neuville-en-Ferrain;peripherie;2024;Maison;2389.0;80
Lille;59426;Neuville-en-Ferrain;peripherie;2025;Appartement;;13
Lille;59426;Neuville-en-Ferrain;peripherie;2025;Maison;2719.0;114
Lille;59437;Noyelles-lès-Seclin;peripherie;2021;Maison;;11
Lille;59437;Noyelles-lès-Seclin;peripherie;2022;Maison;;10
Lille;59437;Noyelles-lès-Seclin;peripherie;2023;Maison;;8
Lille;59437;Noyelles-lès-Seclin;peripherie;2024;Maison;;3
Lille;59437;Noyelles-lès-Seclin;peripherie;2025;Maison;;11
Lille;59457;Pérenchies;peripherie;2021;Appartement;;21
Lille;59457;Pérenchies;peripherie;2021;Maison;2615.0;115
Lille;59457;Pérenchies;peripherie;2022;Appartement;;10
Lille;59457;Pérenchies;peripherie;2022;Maison;2688.0;108
Lille;59457;Pérenchies;peripherie;2023;Appartement;;22
Lille;59457;Pérenchies;peripherie;2023;Maison;2757.0;71
Lille;59457;Pérenchies;peripherie;2024;Appartement;;16
Lille;59457;Pérenchies;peripherie;2024;Maison;2646.0;81
Lille;59457;Pérenchies;peripherie;2025;Appartement;;20
Lille;59457;Pérenchies;peripherie;2025;Maison;2489.0;96
Lille;59458;Péronne-en-Mélantois;peripherie;2021;Maison;;23
Lille;59458;Péronne-en-Mélantois;peripherie;2022;Maison;;17
Lille;59458;Péronne-en-Mélantois;peripherie;2023;Maison;;11
Lille;59458;Péronne-en-Mélantois;peripherie;2024;Maison;;10
Lille;59458;Péronne-en-Mélantois;peripherie;2025;Maison;;9
Lille;59470;Prémesques;peripherie;2021;Appartement;;14
Lille;59470;Prémesques;peripherie;2021;Maison;2893.0;30
Lille;59470;Prémesques;peripherie;2022;Appartement;;1
Lille;59470;Prémesques;peripherie;2022;Maison;;22
Lille;59470;Prémesques;peripherie;2023;Maison;;13
Lille;59470;Prémesques;peripherie;2024;Appartement;;1
Lille;59470;Prémesques;peripherie;2024;Maison;;23
Lille;59470;Prémesques;peripherie;2025;Maison;;21
Lille;59477;Provin;peripherie;2021;Appartement;;4
Lille;59477;Provin;peripherie;2021;Maison;2143.0;57
Lille;59477;Provin;peripherie;2022;Maison;2207.0;53
Lille;59477;Provin;peripherie;2023;Appartement;;1
Lille;59477;Provin;peripherie;2023;Maison;2344.0;43
Lille;59477;Provin;peripherie;2024;Maison;2071.0;39
Lille;59477;Provin;peripherie;2025;Appartement;;2
Lille;59477;Provin;peripherie;2025;Maison;2158.0;49
Lille;59482;Quesnoy-sur-Deûle;peripherie;2021;Appartement;;4
Lille;59482;Quesnoy-sur-Deûle;peripherie;2021;Maison;2912.0;63
Lille;59482;Quesnoy-sur-Deûle;peripherie;2022;Appartement;;14
Lille;59482;Quesnoy-sur-Deûle;peripherie;2022;Maison;3016.0;72
Lille;59482;Quesnoy-sur-Deûle;peripherie;2023;Appartement;;3
Lille;59482;Quesnoy-sur-Deûle;peripherie;2023;Maison;2892.0;58
Lille;59482;Quesnoy-sur-Deûle;peripherie;2024;Appartement;;4
Lille;59482;Quesnoy-sur-Deûle;peripherie;2024;Maison;2750.0;69
Lille;59482;Quesnoy-sur-Deûle;peripherie;2025;Appartement;;7
Lille;59482;Quesnoy-sur-Deûle;peripherie;2025;Maison;2903.0;57
Lille;59487;Radinghem-en-Weppes;peripherie;2021;Appartement;;1
Lille;59487;Radinghem-en-Weppes;peripherie;2021;Maison;;15
Lille;59487;Radinghem-en-Weppes;peripherie;2022;Appartement;;2
Lille;59487;Radinghem-en-Weppes;peripherie;2022;Maison;;6
Lille;59487;Radinghem-en-Weppes;peripherie;2023;Maison;;11
Lille;59487;Radinghem-en-Weppes;peripherie;2024;Appartement;;1
Lille;59487;Radinghem-en-Weppes;peripherie;2024;Maison;;7
Lille;59487;Radinghem-en-Weppes;peripherie;2025;Appartement;;1
Lille;59487;Radinghem-en-Weppes;peripherie;2025;Maison;;12
Lille;59507;Ronchin;peripherie;2021;Appartement;2738.0;113
Lille;59507;Ronchin;peripherie;2021;Maison;2437.0;218
Lille;59507;Ronchin;peripherie;2022;Appartement;2428.0;82
Lille;59507;Ronchin;peripherie;2022;Maison;2543.0;213
Lille;59507;Ronchin;peripherie;2023;Appartement;2432.0;45
Lille;59507;Ronchin;peripherie;2023;Maison;2373.0;135
Lille;59507;Ronchin;peripherie;2024;Appartement;2563.0;62
Lille;59507;Ronchin;peripherie;2024;Maison;2262.0;135
Lille;59507;Ronchin;peripherie;2025;Appartement;2455.0;87
Lille;59507;Ronchin;peripherie;2025;Maison;2367.0;178
Lille;59508;Roncq;peripherie;2021;Appartement;3053.0;38
Lille;59508;Roncq;peripherie;2021;Maison;2636.0;162
Lille;59508;Roncq;peripherie;2022;Appartement;3328.0;42
Lille;59508;Roncq;peripherie;2022;Maison;2848.0;199
Lille;59508;Roncq;peripherie;2023;Appartement;;19
Lille;59508;Roncq;peripherie;2023;Maison;2608.0;113
Lille;59508;Roncq;peripherie;2024;Appartement;3111.0;30
Lille;59508;Roncq;peripherie;2024;Maison;2546.0;113
Lille;59508;Roncq;peripherie;2025;Appartement;;28
Lille;59508;Roncq;peripherie;2025;Maison;2750.0;128
Lille;59512;Roubaix;peripherie;2021;Appartement;1878.0;399
Lille;59512;Roubaix;peripherie;2021;Maison;1425.0;785
Lille;59512;Roubaix;peripherie;2022;Appartement;1939.0;356
Lille;59512;Roubaix;peripherie;2022;Maison;1532.0;722
Lille;59512;Roubaix;peripherie;2023;Appartement;1954.0;259
Lille;59512;Roubaix;peripherie;2023;Maison;1436.0;528
Lille;59512;Roubaix;peripherie;2024;Appartement;1892.0;227
Lille;59512;Roubaix;peripherie;2024;Maison;1394.0;467
Lille;59512;Roubaix;peripherie;2025;Appartement;1944.0;235
Lille;59512;Roubaix;peripherie;2025;Maison;1387.0;548
Lille;59522;Sailly-lez-Lannoy;peripherie;2021;Maison;;24
Lille;59522;Sailly-lez-Lannoy;peripherie;2022;Maison;;26
Lille;59522;Sailly-lez-Lannoy;peripherie;2023;Maison;;20
Lille;59522;Sailly-lez-Lannoy;peripherie;2024;Maison;;20
Lille;59522;Sailly-lez-Lannoy;peripherie;2025;Maison;;26
Lille;59523;Sainghin-en-Mélantois;peripherie;2021;Maison;;28
Lille;59523;Sainghin-en-Mélantois;peripherie;2022;Appartement;;1
Lille;59523;Sainghin-en-Mélantois;peripherie;2022;Maison;3404.0;32
Lille;59523;Sainghin-en-Mélantois;peripherie;2023;Appartement;;2
Lille;59523;Sainghin-en-Mélantois;peripherie;2023;Maison;;20
Lille;59523;Sainghin-en-Mélantois;peripherie;2024;Appartement;;1
Lille;59523;Sainghin-en-Mélantois;peripherie;2024;Maison;3221.0;32
Lille;59523;Sainghin-en-Mélantois;peripherie;2025;Appartement;;2
Lille;59523;Sainghin-en-Mélantois;peripherie;2025;Maison;;28
Lille;59524;Sainghin-en-Weppes;peripherie;2021;Appartement;;7
Lille;59524;Sainghin-en-Weppes;peripherie;2021;Maison;2259.0;78
Lille;59524;Sainghin-en-Weppes;peripherie;2022;Appartement;;2
Lille;59524;Sainghin-en-Weppes;peripherie;2022;Maison;2422.0;85
Lille;59524;Sainghin-en-Weppes;peripherie;2023;Appartement;;1
Lille;59524;Sainghin-en-Weppes;peripherie;2023;Maison;2500.0;73
Lille;59524;Sainghin-en-Weppes;peripherie;2024;Maison;2284.0;58
Lille;59524;Sainghin-en-Weppes;peripherie;2025;Appartement;;1
Lille;59524;Sainghin-en-Weppes;peripherie;2025;Maison;2693.0;58
Lille;59527;Saint-André-lez-Lille;peripherie;2021;Appartement;3439.0;155
Lille;59527;Saint-André-lez-Lille;peripherie;2021;Maison;3281.0;129
Lille;59527;Saint-André-lez-Lille;peripherie;2022;Appartement;3564.0;141
Lille;59527;Saint-André-lez-Lille;peripherie;2022;Maison;3402.0;155
Lille;59527;Saint-André-lez-Lille;peripherie;2023;Appartement;3333.0;85
Lille;59527;Saint-André-lez-Lille;peripherie;2023;Maison;3300.0;102
Lille;59527;Saint-André-lez-Lille;peripherie;2024;Appartement;3427.0;64
Lille;59527;Saint-André-lez-Lille;peripherie;2024;Maison;3323.0;96
Lille;59527;Saint-André-lez-Lille;peripherie;2025;Appartement;3500.0;85
Lille;59527;Saint-André-lez-Lille;peripherie;2025;Maison;3456.0;118
Lille;59550;Salomé;peripherie;2021;Maison;2062.0;45
Lille;59550;Salomé;peripherie;2022;Maison;2165.0;50
Lille;59550;Salomé;peripherie;2023;Maison;2056.0;38
Lille;59550;Salomé;peripherie;2024;Maison;1935.0;37
Lille;59550;Salomé;peripherie;2025;Maison;2357.0;39
Lille;59553;Santes;peripherie;2021;Maison;2583.0;62
Lille;59553;Santes;peripherie;2022;Appartement;;2
Lille;59553;Santes;peripherie;2022;Maison;2716.0;74
Lille;59553;Santes;peripherie;2023;Appartement;;3
Lille;59553;Santes;peripherie;2023;Maison;2630.0;43
Lille;59553;Santes;peripherie;2024;Maison;2636.0;57
Lille;59553;Santes;peripherie;2025;Maison;2469.0;51
Lille;59560;Seclin;peripherie;2021;Appartement;3236.0;72
Lille;59560;Seclin;peripherie;2021;Maison;2388.0;128
Lille;59560;Seclin;peripherie;2022;Appartement;2804.0;68
Lille;59560;Seclin;peripherie;2022;Maison;2583.0;139
Lille;59560;Seclin;peripherie;2023;Appartement;2841.0;41
Lille;59560;Seclin;peripherie;2023;Maison;2441.0;115
Lille;59560;Seclin;peripherie;2024;Appartement;;18
Lille;59560;Seclin;peripherie;2024;Maison;2179.0;94
Lille;59560;Seclin;peripherie;2025;Appartement;2606.0;40
Lille;59560;Seclin;peripherie;2025;Maison;2407.0;130
Lille;59566;Sequedin;peripherie;2021;Appartement;;5
Lille;59566;Sequedin;peripherie;2021;Maison;2982.0;57
Lille;59566;Sequedin;peripherie;2022;Appartement;;5
Lille;59566;Sequedin;peripherie;2022;Maison;2965.0;49
Lille;59566;Sequedin;peripherie;2023;Appartement;;2
Lille;59566;Sequedin;peripherie;2023;Maison;;27
Lille;59566;Sequedin;peripherie;2024;Appartement;;6
Lille;59566;Sequedin;peripherie;2024;Maison;2670.0;42
Lille;59566;Sequedin;peripherie;2025;Appartement;;6
Lille;59566;Sequedin;peripherie;2025;Maison;2820.0;44
Lille;59585;Templemars;peripherie;2021;Appartement;;12
Lille;59585;Templemars;peripherie;2021;Maison;2657.0;38
Lille;59585;Templemars;peripherie;2022;Appartement;;12
Lille;59585;Templemars;peripherie;2022;Maison;2900.0;49
Lille;59585;Templemars;peripherie;2023;Appartement;;6
Lille;59585;Templemars;peripherie;2023;Maison;2802.0;36
Lille;59585;Templemars;peripherie;2024;Appartement;;5
Lille;59585;Templemars;peripherie;2024;Maison;;28
Lille;59585;Templemars;peripherie;2025;Appartement;;14
Lille;59585;Templemars;peripherie;2025;Maison;2669.0;39
Lille;59598;Toufflers;peripherie;2021;Maison;2500.0;49
Lille;59598;Toufflers;peripherie;2022;Appartement;;3
Lille;59598;Toufflers;peripherie;2022;Maison;2506.0;42
Lille;59598;Toufflers;peripherie;2023;Maison;2806.0;37
Lille;59598;Toufflers;peripherie;2024;Appartement;;3
Lille;59598;Toufflers;peripherie;2024;Maison;2719.0;32
Lille;59598;Toufflers;peripherie;2025;Appartement;;1
Lille;59598;Toufflers;peripherie;2025;Maison;2656.0;59
Lille;59599;Tourcoing;peripherie;2021;Appartement;1656.0;501
Lille;59599;Tourcoing;peripherie;2021;Maison;1826.0;1091
Lille;59599;Tourcoing;peripherie;2022;Appartement;1813.0;543
Lille;59599;Tourcoing;peripherie;2022;Maison;1944.0;1020
Lille;59599;Tourcoing;peripherie;2023;Appartement;1800.0;391
Lille;59599;Tourcoing;peripherie;2023;Maison;1857.0;735
Lille;59599;Tourcoing;peripherie;2024;Appartement;1680.0;388
Lille;59599;Tourcoing;peripherie;2024;Maison;1783.0;659
Lille;59599;Tourcoing;peripherie;2025;Appartement;1782.0;408
Lille;59599;Tourcoing;peripherie;2025;Maison;1810.0;810
Lille;59602;Tressin;peripherie;2021;Appartement;;1
Lille;59602;Tressin;peripherie;2021;Maison;;20
Lille;59602;Tressin;peripherie;2022;Maison;;13
Lille;59602;Tressin;peripherie;2023;Appartement;;1
Lille;59602;Tressin;peripherie;2023;Maison;;16
Lille;59602;Tressin;peripherie;2024;Maison;;13
Lille;59602;Tressin;peripherie;2025;Appartement;;1
Lille;59602;Tressin;peripherie;2025;Maison;;15
Lille;59609;Vendeville;peripherie;2021;Appartement;;8
Lille;59609;Vendeville;peripherie;2021;Maison;;23
Lille;59609;Vendeville;peripherie;2022;Appartement;;15
Lille;59609;Vendeville;peripherie;2022;Maison;;14
Lille;59609;Vendeville;peripherie;2023;Appartement;;2
Lille;59609;Vendeville;peripherie;2023;Maison;;22
Lille;59609;Vendeville;peripherie;2024;Appartement;;4
Lille;59609;Vendeville;peripherie;2024;Maison;;15
Lille;59609;Vendeville;peripherie;2025;Appartement;;2
Lille;59609;Vendeville;peripherie;2025;Maison;;12
Lille;59611;Verlinghem;peripherie;2021;Maison;3397.0;31
Lille;59611;Verlinghem;peripherie;2022;Appartement;;1
Lille;59611;Verlinghem;peripherie;2022;Maison;;21
Lille;59611;Verlinghem;peripherie;2023;Appartement;;2
Lille;59611;Verlinghem;peripherie;2023;Maison;;15
Lille;59611;Verlinghem;peripherie;2024;Maison;;20
Lille;59611;Verlinghem;peripherie;2025;Appartement;;1
Lille;59611;Verlinghem;peripherie;2025;Maison;;28
Lille;59636;Wambrechies;peripherie;2021;Appartement;3439.0;42
Lille;59636;Wambrechies;peripherie;2021;Maison;3295.0;136
Lille;59636;Wambrechies;peripherie;2022;Appartement;3636.0;58
Lille;59636;Wambrechies;peripherie;2022;Maison;3565.0;126
Lille;59636;Wambrechies;peripherie;2023;Appartement;3609.0;57
Lille;59636;Wambrechies;peripherie;2023;Maison;3512.0;103
Lille;59636;Wambrechies;peripherie;2024;Appartement;3585.0;44
Lille;59636;Wambrechies;peripherie;2024;Maison;3257.0;72
Lille;59636;Wambrechies;peripherie;2025;Appartement;3689.0;53
Lille;59636;Wambrechies;peripherie;2025;Maison;3419.0;112
Lille;59643;Warneton;peripherie;2021;Maison;;3
Lille;59643;Warneton;peripherie;2022;Maison;;1
Lille;59643;Warneton;peripherie;2023;Maison;;3
Lille;59643;Warneton;peripherie;2024;Maison;;2
Lille;59643;Warneton;peripherie;2025;Maison;;1
Lille;59646;Wasquehal;peripherie;2021;Appartement;2948.0;84
Lille;59646;Wasquehal;peripherie;2021;Maison;3183.0;296
Lille;59646;Wasquehal;peripherie;2022;Appartement;3293.0;86
Lille;59646;Wasquehal;peripherie;2022;Maison;3308.0;246
Lille;59646;Wasquehal;peripherie;2023;Appartement;3209.0;60
Lille;59646;Wasquehal;peripherie;2023;Maison;3199.0;185
Lille;59646;Wasquehal;peripherie;2024;Appartement;3152.0;54
Lille;59646;Wasquehal;peripherie;2024;Maison;3353.0;169
Lille;59646;Wasquehal;peripherie;2025;Appartement;3214.0;63
Lille;59646;Wasquehal;peripherie;2025;Maison;3180.0;179
Lille;59648;Wattignies;peripherie;2021;Appartement;1521.0;91
Lille;59648;Wattignies;peripherie;2021;Maison;2404.0;113
Lille;59648;Wattignies;peripherie;2022;Appartement;2270.0;99
Lille;59648;Wattignies;peripherie;2022;Maison;2566.0;118
Lille;59648;Wattignies;peripherie;2023;Appartement;2134.0;80
Lille;59648;Wattignies;peripherie;2023;Maison;2445.0;83
Lille;59648;Wattignies;peripherie;2024;Appartement;1718.0;56
Lille;59648;Wattignies;peripherie;2024;Maison;2258.0;85
Lille;59648;Wattignies;peripherie;2025;Appartement;2240.0;72
Lille;59648;Wattignies;peripherie;2025;Maison;2582.0;131
Lille;59650;Wattrelos;peripherie;2021;Appartement;2331.0;56
Lille;59650;Wattrelos;peripherie;2021;Maison;1880.0;529
Lille;59650;Wattrelos;peripherie;2022;Appartement;2000.0;59
Lille;59650;Wattrelos;peripherie;2022;Maison;2013.0;436
Lille;59650;Wattrelos;peripherie;2023;Appartement;1989.0;61
Lille;59650;Wattrelos;peripherie;2023;Maison;1957.0;323
Lille;59650;Wattrelos;peripherie;2024;Appartement;1604.0;35
Lille;59650;Wattrelos;peripherie;2024;Maison;1831.0;321
Lille;59650;Wattrelos;peripherie;2025;Appartement;1950.0;58
Lille;59650;Wattrelos;peripherie;2025;Maison;1950.0;386
Lille;59653;Wavrin;peripherie;2021;Appartement;;5
Lille;59653;Wavrin;peripherie;2021;Maison;2412.0;96
Lille;59653;Wavrin;peripherie;2022;Appartement;;7
Lille;59653;Wavrin;peripherie;2022;Maison;2722.0;91
Lille;59653;Wavrin;peripherie;2023;Appartement;;1
Lille;59653;Wavrin;peripherie;2023;Maison;2470.0;71
Lille;59653;Wavrin;peripherie;2024;Appartement;;3
Lille;59653;Wavrin;peripherie;2024;Maison;2543.0;58
Lille;59653;Wavrin;peripherie;2025;Appartement;;2
Lille;59653;Wavrin;peripherie;2025;Maison;2541.0;92
Lille;59656;Wervicq-Sud;peripherie;2021;Appartement;3521.0;47
Lille;59656;Wervicq-Sud;peripherie;2021;Maison;2671.0;51
Lille;59656;Wervicq-Sud;peripherie;2022;Appartement;;19
Lille;59656;Wervicq-Sud;peripherie;2022;Maison;2574.0;37
Lille;59656;Wervicq-Sud;peripherie;2023;Appartement;;7
Lille;59656;Wervicq-Sud;peripherie;2023;Maison;;19
Lille;59656;Wervicq-Sud;peripherie;2024;Appartement;;14
Lille;59656;Wervicq-Sud;peripherie;2024;Maison;2935.0;31
Lille;59656;Wervicq-Sud;peripherie;2025;Appartement;;11
Lille;59656;Wervicq-Sud;peripherie;2025;Maison;2517.0;40
Lille;59658;Wicres;peripherie;2021;Maison;;4
Lille;59658;Wicres;peripherie;2022;Maison;;5
Lille;59658;Wicres;peripherie;2023;Maison;;4
Lille;59658;Wicres;peripherie;2024;Maison;;4
Lille;59658;Wicres;peripherie;2025;Maison;;2
Lille;59660;Willems;peripherie;2021;Maison;2954.0;34
Lille;59660;Willems;peripherie;2022;Maison;2900.0;32
Lille;59660;Willems;peripherie;2023;Appartement;;1
Lille;59660;Willems;peripherie;2023;Maison;;29
Lille;59660;Willems;peripherie;2024;Appartement;;2
Lille;59660;Willems;peripherie;2024;Maison;2744.0;34
Lille;59660;Willems;peripherie;2025;Appartement;;2
Lille;59660;Willems;peripherie;2025;Maison;;21
Lille;59670;Don;peripherie;2021;Maison;;21
Lille;59670;Don;peripherie;2022;Maison;;13
Lille;59670;Don;peripherie;2023;Maison;;11
Lille;59670;Don;peripherie;2024;Appartement;;1
Lille;59670;Don;peripherie;2024;Maison;;14
Lille;59670;Don;peripherie;2025;Appartement;;2
Lille;59670;Don;peripherie;2025;Maison;;17
Lyon;69003;Albigny-sur-Saône;peripherie;2021;Appartement;;18
Lyon;69003;Albigny-sur-Saône;peripherie;2021;Maison;;12
Lyon;69003;Albigny-sur-Saône;peripherie;2022;Appartement;;16
Lyon;69003;Albigny-sur-Saône;peripherie;2022;Maison;;12
Lyon;69003;Albigny-sur-Saône;peripherie;2023;Appartement;;13
Lyon;69003;Albigny-sur-Saône;peripherie;2023;Maison;;11
Lyon;69003;Albigny-sur-Saône;peripherie;2024;Appartement;;8
Lyon;69003;Albigny-sur-Saône;peripherie;2024;Maison;;8
Lyon;69003;Albigny-sur-Saône;peripherie;2025;Appartement;;10
Lyon;69003;Albigny-sur-Saône;peripherie;2025;Maison;;9
Lyon;69029;Bron;peripherie;2021;Appartement;2936.0;460
Lyon;69029;Bron;peripherie;2021;Maison;4880.0;96
Lyon;69029;Bron;peripherie;2022;Appartement;2871.0;525
Lyon;69029;Bron;peripherie;2022;Maison;5093.0;87
Lyon;69029;Bron;peripherie;2023;Appartement;2857.0;379
Lyon;69029;Bron;peripherie;2023;Maison;4780.0;72
Lyon;69029;Bron;peripherie;2024;Appartement;2826.0;334
Lyon;69029;Bron;peripherie;2024;Maison;4122.0;62
Lyon;69029;Bron;peripherie;2025;Appartement;2788.0;357
Lyon;69029;Bron;peripherie;2025;Maison;4292.0;69
Lyon;69033;Cailloux-sur-Fontaines;peripherie;2021;Appartement;;5
Lyon;69033;Cailloux-sur-Fontaines;peripherie;2021;Maison;;26
Lyon;69033;Cailloux-sur-Fontaines;peripherie;2022;Appartement;;6
Lyon;69033;Cailloux-sur-Fontaines;peripherie;2022;Maison;;24
Lyon;69033;Cailloux-sur-Fontaines;peripherie;2023;Appartement;;1
Lyon;69033;Cailloux-sur-Fontaines;peripherie;2023;Maison;;22
Lyon;69033;Cailloux-sur-Fontaines;peripherie;2024;Appartement;;2
Lyon;69033;Cailloux-sur-Fontaines;peripherie;2024;Maison;;13
Lyon;69033;Cailloux-sur-Fontaines;peripherie;2025;Appartement;;4
Lyon;69033;Cailloux-sur-Fontaines;peripherie;2025;Maison;;20
Lyon;69034;Caluire-et-Cuire;peripherie;2021;Appartement;4155.0;741
Lyon;69034;Caluire-et-Cuire;peripherie;2021;Maison;6830.0;63
Lyon;69034;Caluire-et-Cuire;peripherie;2022;Appartement;4167.0;645
Lyon;69034;Caluire-et-Cuire;peripherie;2022;Maison;6856.0;74
Lyon;69034;Caluire-et-Cuire;peripherie;2023;Appartement;4114.0;474
Lyon;69034;Caluire-et-Cuire;peripherie;2023;Maison;6576.0;46
Lyon;69034;Caluire-et-Cuire;peripherie;2024;Appartement;3743.0;466
Lyon;69034;Caluire-et-Cuire;peripherie;2024;Maison;6075.0;58
Lyon;69034;Caluire-et-Cuire;peripherie;2025;Appartement;3816.0;555
Lyon;69034;Caluire-et-Cuire;peripherie;2025;Maison;5873.0;48
Lyon;69040;Champagne-au-Mont-d'Or;peripherie;2021;Appartement;3879.0;69
Lyon;69040;Champagne-au-Mont-d'Or;peripherie;2021;Maison;;26
Lyon;69040;Champagne-au-Mont-d'Or;peripherie;2022;Appartement;3970.0;69
Lyon;69040;Champagne-au-Mont-d'Or;peripherie;2022;Maison;;14
Lyon;69040;Champagne-au-Mont-d'Or;peripherie;2023;Appartement;3908.0;65
Lyon;69040;Champagne-au-Mont-d'Or;peripherie;2023;Maison;;17
Lyon;69040;Champagne-au-Mont-d'Or;peripherie;2024;Appartement;3568.0;63
Lyon;69040;Champagne-au-Mont-d'Or;peripherie;2024;Maison;;17
Lyon;69040;Champagne-au-Mont-d'Or;peripherie;2025;Appartement;3082.0;52
Lyon;69040;Champagne-au-Mont-d'Or;peripherie;2025;Maison;;18
Lyon;69044;Charbonnières-les-Bains;peripherie;2021;Appartement;4855.0;35
Lyon;69044;Charbonnières-les-Bains;peripherie;2021;Maison;;14
Lyon;69044;Charbonnières-les-Bains;peripherie;2022;Appartement;5155.0;47
Lyon;69044;Charbonnières-les-Bains;peripherie;2022;Maison;;19
Lyon;69044;Charbonnières-les-Bains;peripherie;2023;Appartement;4536.0;34
Lyon;69044;Charbonnières-les-Bains;peripherie;2023;Maison;;18
Lyon;69044;Charbonnières-les-Bains;peripherie;2024;Appartement;4627.0;35
Lyon;69044;Charbonnières-les-Bains;peripherie;2024;Maison;;10
Lyon;69044;Charbonnières-les-Bains;peripherie;2025;Appartement;4734.0;35
Lyon;69044;Charbonnières-les-Bains;peripherie;2025;Maison;;14
Lyon;69046;Charly;peripherie;2021;Appartement;;13
Lyon;69046;Charly;peripherie;2021;Maison;4718.0;34
Lyon;69046;Charly;peripherie;2022;Appartement;;15
Lyon;69046;Charly;peripherie;2022;Maison;4946.0;38
Lyon;69046;Charly;peripherie;2023;Appartement;;10
Lyon;69046;Charly;peripherie;2023;Maison;;25
Lyon;69046;Charly;peripherie;2024;Appartement;;7
Lyon;69046;Charly;peripherie;2024;Maison;;20
Lyon;69046;Charly;peripherie;2025;Appartement;;11
Lyon;69046;Charly;peripherie;2025;Maison;4242.0;31
Lyon;69063;Collonges-au-Mont-d'Or;peripherie;2021;Appartement;4479.0;49
Lyon;69063;Collonges-au-Mont-d'Or;peripherie;2021;Maison;;25
Lyon;69063;Collonges-au-Mont-d'Or;peripherie;2022;Appartement;4677.0;31
Lyon;69063;Collonges-au-Mont-d'Or;peripherie;2022;Maison;;18
Lyon;69063;Collonges-au-Mont-d'Or;peripherie;2023;Appartement;3920.0;31
Lyon;69063;Collonges-au-Mont-d'Or;peripherie;2023;Maison;;21
Lyon;69063;Collonges-au-Mont-d'Or;peripherie;2024;Appartement;;16
Lyon;69063;Collonges-au-Mont-d'Or;peripherie;2024;Maison;;18
Lyon;69063;Collonges-au-Mont-d'Or;peripherie;2025;Appartement;;24
Lyon;69063;Collonges-au-Mont-d'Or;peripherie;2025;Maison;;23
Lyon;69068;Couzon-au-Mont-d'Or;peripherie;2021;Appartement;;15
Lyon;69068;Couzon-au-Mont-d'Or;peripherie;2021;Maison;;17
Lyon;69068;Couzon-au-Mont-d'Or;peripherie;2022;Appartement;;24
Lyon;69068;Couzon-au-Mont-d'Or;peripherie;2022;Maison;;20
Lyon;69068;Couzon-au-Mont-d'Or;peripherie;2023;Appartement;;17
Lyon;69068;Couzon-au-Mont-d'Or;peripherie;2023;Maison;;16
Lyon;69068;Couzon-au-Mont-d'Or;peripherie;2024;Appartement;;9
Lyon;69068;Couzon-au-Mont-d'Or;peripherie;2024;Maison;;8
Lyon;69068;Couzon-au-Mont-d'Or;peripherie;2025;Appartement;;7
Lyon;69068;Couzon-au-Mont-d'Or;peripherie;2025;Maison;;17
Lyon;69069;Craponne;peripherie;2021;Appartement;4098.0;109
Lyon;69069;Craponne;peripherie;2021;Maison;4622.0;50
Lyon;69069;Craponne;peripherie;2022;Appartement;4251.0;106
Lyon;69069;Craponne;peripherie;2022;Maison;4794.0;56
Lyon;69069;Craponne;peripherie;2023;Appartement;4423.0;82
Lyon;69069;Craponne;peripherie;2023;Maison;4826.0;42
Lyon;69069;Craponne;peripherie;2024;Appartement;3944.0;67
Lyon;69069;Craponne;peripherie;2024;Maison;4296.0;37
Lyon;69069;Craponne;peripherie;2025;Appartement;3981.0;82
Lyon;69069;Craponne;peripherie;2025;Maison;4194.0;40
Lyon;69071;Curis-au-Mont-d'Or;peripherie;2021;Appartement;;5
Lyon;69071;Curis-au-Mont-d'Or;peripherie;2021;Maison;;6
Lyon;69071;Curis-au-Mont-d'Or;peripherie;2022;Appartement;;4
Lyon;69071;Curis-au-Mont-d'Or;peripherie;2022;Maison;;7
Lyon;69071;Curis-au-Mont-d'Or;peripherie;2023;Appartement;;4
Lyon;69071;Curis-au-Mont-d'Or;peripherie;2023;Maison;;7
Lyon;69071;Curis-au-Mont-d'Or;peripherie;2024;Appartement;;6
Lyon;69071;Curis-au-Mont-d'Or;peripherie;2024;Maison;;4
Lyon;69071;Curis-au-Mont-d'Or;peripherie;2025;Appartement;;8
Lyon;69071;Curis-au-Mont-d'Or;peripherie;2025;Maison;;6
Lyon;69072;Dardilly;peripherie;2021;Appartement;4538.0;54
Lyon;69072;Dardilly;peripherie;2021;Maison;4950.0;40
Lyon;69072;Dardilly;peripherie;2022;Appartement;4523.0;50
Lyon;69072;Dardilly;peripherie;2022;Maison;5515.0;36
Lyon;69072;Dardilly;peripherie;2023;Appartement;;24
Lyon;69072;Dardilly;peripherie;2023;Maison;4952.0;35
Lyon;69072;Dardilly;peripherie;2024;Appartement;;24
Lyon;69072;Dardilly;peripherie;2024;Maison;4615.0;37
Lyon;69072;Dardilly;peripherie;2025;Appartement;;26
Lyon;69072;Dardilly;peripherie;2025;Maison;4330.0;31
Lyon;69081;Écully;peripherie;2021;Appartement;3964.0;205
Lyon;69081;Écully;peripherie;2021;Maison;5817.0;38
Lyon;69081;Écully;peripherie;2022;Appartement;4416.0;205
Lyon;69081;Écully;peripherie;2022;Maison;7022.0;40
Lyon;69081;Écully;peripherie;2023;Appartement;4312.0;107
Lyon;69081;Écully;peripherie;2023;Maison;;22
Lyon;69081;Écully;peripherie;2024;Appartement;4000.0;121
Lyon;69081;Écully;peripherie;2024;Maison;;17
Lyon;69081;Écully;peripherie;2025;Appartement;3833.0;152
Lyon;69081;Écully;peripherie;2025;Maison;;29
Lyon;69085;Fleurieu-sur-Saône;peripherie;2021;Appartement;;2
Lyon;69085;Fleurieu-sur-Saône;peripherie;2021;Maison;;9
Lyon;69085;Fleurieu-sur-Saône;peripherie;2022;Appartement;;2
Lyon;69085;Fleurieu-sur-Saône;peripherie;2022;Maison;;6
Lyon;69085;Fleurieu-sur-Saône;peripherie;2023;Appartement;;3
Lyon;69085;Fleurieu-sur-Saône;peripherie;2023;Maison;;7
Lyon;69085;Fleurieu-sur-Saône;peripherie;2024;Appartement;;1
Lyon;69085;Fleurieu-sur-Saône;peripherie;2024;Maison;;9
Lyon;69085;Fleurieu-sur-Saône;peripherie;2025;Appartement;;5
Lyon;69085;Fleurieu-sur-Saône;peripherie;2025;Maison;;12
Lyon;69087;Fontaines-Saint-Martin;peripherie;2021;Appartement;;12
Lyon;69087;Fontaines-Saint-Martin;peripherie;2021;Maison;;18
Lyon;69087;Fontaines-Saint-Martin;peripherie;2022;Appartement;;11
Lyon;69087;Fontaines-Saint-Martin;peripherie;2022;Maison;;12
Lyon;69087;Fontaines-Saint-Martin;peripherie;2023;Appartement;;15
Lyon;69087;Fontaines-Saint-Martin;peripherie;2023;Maison;;17
Lyon;69087;Fontaines-Saint-Martin;peripherie;2024;Appartement;;4
Lyon;69087;Fontaines-Saint-Martin;peripherie;2024;Maison;;14
Lyon;69087;Fontaines-Saint-Martin;peripherie;2025;Appartement;;11
Lyon;69087;Fontaines-Saint-Martin;peripherie;2025;Maison;;8
Lyon;69088;Fontaines-sur-Saône;peripherie;2021;Appartement;3315.0;123
Lyon;69088;Fontaines-sur-Saône;peripherie;2021;Maison;;19
Lyon;69088;Fontaines-sur-Saône;peripherie;2022;Appartement;3578.0;105
Lyon;69088;Fontaines-sur-Saône;peripherie;2022;Maison;;10
Lyon;69088;Fontaines-sur-Saône;peripherie;2023;Appartement;3486.0;84
Lyon;69088;Fontaines-sur-Saône;peripherie;2023;Maison;;9
Lyon;69088;Fontaines-sur-Saône;peripherie;2024;Appartement;3133.0;75
Lyon;69088;Fontaines-sur-Saône;peripherie;2024;Maison;;10
Lyon;69088;Fontaines-sur-Saône;peripherie;2025;Appartement;3079.0;101
Lyon;69088;Fontaines-sur-Saône;peripherie;2025;Maison;;9
Lyon;69089;Francheville;peripherie;2021;Appartement;3828.0;138
Lyon;69089;Francheville;peripherie;2021;Maison;4713.0;48
Lyon;69089;Francheville;peripherie;2022;Appartement;4140.0;141
Lyon;69089;Francheville;peripherie;2022;Maison;5011.0;63
Lyon;69089;Francheville;peripherie;2023;Appartement;3987.0;120
Lyon;69089;Francheville;peripherie;2023;Maison;4683.0;43
Lyon;69089;Francheville;peripherie;2024;Appartement;3494.0;126
Lyon;69089;Francheville;peripherie;2024;Maison;;26
Lyon;69089;Francheville;peripherie;2025;Appartement;3552.0;111
Lyon;69089;Francheville;peripherie;2025;Maison;4394.0;49
Lyon;69091;Givors;peripherie;2021;Appartement;1742.0;126
Lyon;69091;Givors;peripherie;2021;Maison;2717.0;76
Lyon;69091;Givors;peripherie;2022;Appartement;1793.0;104
Lyon;69091;Givors;peripherie;2022;Maison;3049.0;87
Lyon;69091;Givors;peripherie;2023;Appartement;1835.0;95
Lyon;69091;Givors;peripherie;2023;Maison;2920.0;62
Lyon;69091;Givors;peripherie;2024;Appartement;1732.0;91
Lyon;69091;Givors;peripherie;2024;Maison;2564.0;40
Lyon;69091;Givors;peripherie;2025;Appartement;1750.0;93
Lyon;69091;Givors;peripherie;2025;Maison;2898.0;43
Lyon;69096;Grigny-sur-Rhône;peripherie;2021;Appartement;2284.0;93
Lyon;69096;Grigny-sur-Rhône;peripherie;2021;Maison;2992.0;59
Lyon;69096;Grigny-sur-Rhône;peripherie;2022;Appartement;2338.0;111
Lyon;69096;Grigny-sur-Rhône;peripherie;2022;Maison;3234.0;52
Lyon;69096;Grigny-sur-Rhône;peripherie;2023;Appartement;2324.0;63
Lyon;69096;Grigny-sur-Rhône;peripherie;2023;Maison;3401.0;45
Lyon;69096;Grigny-sur-Rhône;peripherie;2024;Appartement;2132.0;54
Lyon;69096;Grigny-sur-Rhône;peripherie;2024;Maison;2809.0;32
Lyon;69096;Grigny-sur-Rhône;peripherie;2025;Appartement;2109.0;76
Lyon;69096;Grigny-sur-Rhône;peripherie;2025;Maison;2724.0;50
Lyon;69100;Irigny;peripherie;2021;Appartement;3288.0;51
Lyon;69100;Irigny;peripherie;2021;Maison;4447.0;37
Lyon;69100;Irigny;peripherie;2022;Appartement;3312.0;46
Lyon;69100;Irigny;peripherie;2022;Maison;4627.0;40
Lyon;69100;Irigny;peripherie;2023;Appartement;3494.0;47
Lyon;69100;Irigny;peripherie;2023;Maison;4460.0;32
Lyon;69100;Irigny;peripherie;2024;Appartement;3500.0;45
Lyon;69100;Irigny;peripherie;2024;Maison;;24
Lyon;69100;Irigny;peripherie;2025;Appartement;3446.0;46
Lyon;69100;Irigny;peripherie;2025;Maison;3769.0;31
Lyon;69116;Limonest;peripherie;2021;Appartement;;20
Lyon;69116;Limonest;peripherie;2021;Maison;;22
Lyon;69116;Limonest;peripherie;2022;Appartement;5287.0;35
Lyon;69116;Limonest;peripherie;2022;Maison;;16
Lyon;69116;Limonest;peripherie;2023;Appartement;;12
Lyon;69116;Limonest;peripherie;2023;Maison;;21
Lyon;69116;Limonest;peripherie;2024;Appartement;;13
Lyon;69116;Limonest;peripherie;2024;Maison;;11
Lyon;69116;Limonest;peripherie;2025;Appartement;;19
Lyon;69116;Limonest;peripherie;2025;Maison;;15
Lyon;69117;Lissieu;peripherie;2021;Appartement;;12
Lyon;69117;Lissieu;peripherie;2021;Maison;;29
Lyon;69117;Lissieu;peripherie;2022;Appartement;;6
Lyon;69117;Lissieu;peripherie;2022;Maison;;19
Lyon;69117;Lissieu;peripherie;2023;Appartement;;5
Lyon;69117;Lissieu;peripherie;2023;Maison;;11
Lyon;69117;Lissieu;peripherie;2024;Appartement;;3
Lyon;69117;Lissieu;peripherie;2024;Maison;;14
Lyon;69117;Lissieu;peripherie;2025;Appartement;;1
Lyon;69117;Lissieu;peripherie;2025;Maison;;24
Lyon;69123;Lyon;centre;2021;Appartement;5064.0;8074
Lyon;69123;Lyon;centre;2021;Maison;6450.0;228
Lyon;69123;Lyon;centre;2022;Appartement;5079.0;7957
Lyon;69123;Lyon;centre;2022;Maison;6448.0;200
Lyon;69123;Lyon;centre;2023;Appartement;4836.0;6361
Lyon;69123;Lyon;centre;2023;Maison;6541.0;147
Lyon;69123;Lyon;centre;2024;Appartement;4483.0;5782
Lyon;69123;Lyon;centre;2024;Maison;5787.0;136
Lyon;69123;Lyon;centre;2025;Appartement;4470.0;6696
Lyon;69123;Lyon;centre;2025;Maison;5347.0;176
Lyon;69127;Marcy-l'Étoile;peripherie;2021;Appartement;;10
Lyon;69127;Marcy-l'Étoile;peripherie;2021;Maison;;18
Lyon;69127;Marcy-l'Étoile;peripherie;2022;Appartement;;11
Lyon;69127;Marcy-l'Étoile;peripherie;2022;Maison;;12
Lyon;69127;Marcy-l'Étoile;peripherie;2023;Appartement;;14
Lyon;69127;Marcy-l'Étoile;peripherie;2023;Maison;;6
Lyon;69127;Marcy-l'Étoile;peripherie;2024;Appartement;;12
Lyon;69127;Marcy-l'Étoile;peripherie;2024;Maison;;9
Lyon;69127;Marcy-l'Étoile;peripherie;2025;Appartement;;12
Lyon;69127;Marcy-l'Étoile;peripherie;2025;Maison;;11
Lyon;69142;La Mulatière;peripherie;2021;Appartement;2926.0;103
Lyon;69142;La Mulatière;peripherie;2021;Maison;;7
Lyon;69142;La Mulatière;peripherie;2022;Appartement;3222.0;123
Lyon;69142;La Mulatière;peripherie;2022;Maison;;7
Lyon;69142;La Mulatière;peripherie;2023;Appartement;3207.0;72
Lyon;69142;La Mulatière;peripherie;2023;Maison;;2
Lyon;69142;La Mulatière;peripherie;2024;Appartement;2785.0;69
Lyon;69142;La Mulatière;peripherie;2024;Maison;;5
Lyon;69142;La Mulatière;peripherie;2025;Appartement;2898.0;95
Lyon;69142;La Mulatière;peripherie;2025;Maison;;4
Lyon;69143;Neuville-sur-Saône;peripherie;2021;Appartement;3111.0;90
Lyon;69143;Neuville-sur-Saône;peripherie;2021;Maison;4217.0;38
Lyon;69143;Neuville-sur-Saône;peripherie;2022;Appartement;3575.0;84
Lyon;69143;Neuville-sur-Saône;peripherie;2022;Maison;5281.0;33
Lyon;69143;Neuville-sur-Saône;peripherie;2023;Appartement;3432.0;80
Lyon;69143;Neuville-sur-Saône;peripherie;2023;Maison;;20
Lyon;69143;Neuville-sur-Saône;peripherie;2024;Appartement;3410.0;56
Lyon;69143;Neuville-sur-Saône;peripherie;2024;Maison;;18
Lyon;69143;Neuville-sur-Saône;peripherie;2025;Appartement;3204.0;80
Lyon;69143;Neuville-sur-Saône;peripherie;2025;Maison;;21
Lyon;69149;Oullins-Pierre-Bénite;peripherie;2021;Appartement;3130.0;381
Lyon;69149;Oullins-Pierre-Bénite;peripherie;2021;Maison;4968.0;75
Lyon;69149;Oullins-Pierre-Bénite;peripherie;2022;Appartement;3514.0;323
Lyon;69149;Oullins-Pierre-Bénite;peripherie;2022;Maison;5544.0;50
Lyon;69149;Oullins-Pierre-Bénite;peripherie;2023;Appartement;3605.0;285
Lyon;69149;Oullins-Pierre-Bénite;peripherie;2023;Maison;5305.0;51
Lyon;69149;Oullins-Pierre-Bénite;peripherie;2024;Appartement;3108.0;285
Lyon;69149;Oullins-Pierre-Bénite;peripherie;2024;Maison;5011.0;42
Lyon;69149;Oullins-Pierre-Bénite;peripherie;2025;Appartement;3062.0;378
Lyon;69149;Oullins-Pierre-Bénite;peripherie;2025;Maison;4405.0;82
Lyon;69153;Poleymieux-au-Mont-d'Or;peripherie;2021;Appartement;;3
Lyon;69153;Poleymieux-au-Mont-d'Or;peripherie;2021;Maison;;10
Lyon;69153;Poleymieux-au-Mont-d'Or;peripherie;2022;Appartement;;1
Lyon;69153;Poleymieux-au-Mont-d'Or;peripherie;2022;Maison;;8
Lyon;69153;Poleymieux-au-Mont-d'Or;peripherie;2023;Appartement;;1
Lyon;69153;Poleymieux-au-Mont-d'Or;peripherie;2023;Maison;;4
Lyon;69153;Poleymieux-au-Mont-d'Or;peripherie;2024;Maison;;4
Lyon;69153;Poleymieux-au-Mont-d'Or;peripherie;2025;Appartement;;1
Lyon;69153;Poleymieux-au-Mont-d'Or;peripherie;2025;Maison;;6
Lyon;69163;Quincieux;peripherie;2021;Appartement;;11
Lyon;69163;Quincieux;peripherie;2021;Maison;3478.0;37
Lyon;69163;Quincieux;peripherie;2022;Appartement;;11
Lyon;69163;Quincieux;peripherie;2022;Maison;;25
Lyon;69163;Quincieux;peripherie;2023;Appartement;;6
Lyon;69163;Quincieux;peripherie;2023;Maison;;19
Lyon;69163;Quincieux;peripherie;2024;Appartement;;10
Lyon;69163;Quincieux;peripherie;2024;Maison;;21
Lyon;69163;Quincieux;peripherie;2025;Appartement;;10
Lyon;69163;Quincieux;peripherie;2025;Maison;;28
Lyon;69168;Rochetaillée-sur-Saône;peripherie;2021;Appartement;;7
Lyon;69168;Rochetaillée-sur-Saône;peripherie;2021;Maison;;11
Lyon;69168;Rochetaillée-sur-Saône;peripherie;2022;Appartement;;10
Lyon;69168;Rochetaillée-sur-Saône;peripherie;2022;Maison;;5
Lyon;69168;Rochetaillée-sur-Saône;peripherie;2023;Appartement;;4
Lyon;69168;Rochetaillée-sur-Saône;peripherie;2023;Maison;;8
Lyon;69168;Rochetaillée-sur-Saône;peripherie;2024;Appartement;;1
Lyon;69168;Rochetaillée-sur-Saône;peripherie;2024;Maison;;3
Lyon;69168;Rochetaillée-sur-Saône;peripherie;2025;Appartement;;5
Lyon;69168;Rochetaillée-sur-Saône;peripherie;2025;Maison;;5
Lyon;69191;Saint-Cyr-au-Mont-d'Or;peripherie;2021;Appartement;;28
Lyon;69191;Saint-Cyr-au-Mont-d'Or;peripherie;2021;Maison;;29
Lyon;69191;Saint-Cyr-au-Mont-d'Or;peripherie;2022;Appartement;;18
Lyon;69191;Saint-Cyr-au-Mont-d'Or;peripherie;2022;Maison;;25
Lyon;69191;Saint-Cyr-au-Mont-d'Or;peripherie;2023;Appartement;;18
Lyon;69191;Saint-Cyr-au-Mont-d'Or;peripherie;2023;Maison;6138.0;36
Lyon;69191;Saint-Cyr-au-Mont-d'Or;peripherie;2024;Appartement;;12
Lyon;69191;Saint-Cyr-au-Mont-d'Or;peripherie;2024;Maison;;26
Lyon;69191;Saint-Cyr-au-Mont-d'Or;peripherie;2025;Appartement;;17
Lyon;69191;Saint-Cyr-au-Mont-d'Or;peripherie;2025;Maison;5693.0;41
Lyon;69194;Saint-Didier-au-Mont-d'Or;peripherie;2021;Appartement;5381.0;32
Lyon;69194;Saint-Didier-au-Mont-d'Or;peripherie;2021;Maison;6648.0;31
Lyon;69194;Saint-Didier-au-Mont-d'Or;peripherie;2022;Appartement;4585.0;32
Lyon;69194;Saint-Didier-au-Mont-d'Or;peripherie;2022;Maison;;24
Lyon;69194;Saint-Didier-au-Mont-d'Or;peripherie;2023;Appartement;5067.0;35
Lyon;69194;Saint-Didier-au-Mont-d'Or;peripherie;2023;Maison;;19
Lyon;69194;Saint-Didier-au-Mont-d'Or;peripherie;2024;Appartement;;20
Lyon;69194;Saint-Didier-au-Mont-d'Or;peripherie;2024;Maison;;12
Lyon;69194;Saint-Didier-au-Mont-d'Or;peripherie;2025;Appartement;4594.0;48
Lyon;69194;Saint-Didier-au-Mont-d'Or;peripherie;2025;Maison;;12
Lyon;69199;Saint-Fons;peripherie;2021;Appartement;2258.0;153
Lyon;69199;Saint-Fons;peripherie;2021;Maison;;29
Lyon;69199;Saint-Fons;peripherie;2022;Appartement;2540.0;115
Lyon;69199;Saint-Fons;peripherie;2022;Maison;;26
Lyon;69199;Saint-Fons;peripherie;2023;Appartement;1990.0;112
Lyon;69199;Saint-Fons;peripherie;2023;Maison;;28
Lyon;69199;Saint-Fons;peripherie;2024;Appartement;2201.0;71
Lyon;69199;Saint-Fons;peripherie;2024;Maison;;18
Lyon;69199;Saint-Fons;peripherie;2025;Appartement;2286.0;82
Lyon;69199;Saint-Fons;peripherie;2025;Maison;;21
Lyon;69202;Sainte-Foy-lès-Lyon;peripherie;2021;Appartement;3397.0;279
Lyon;69202;Sainte-Foy-lès-Lyon;peripherie;2021;Maison;5891.0;58
Lyon;69202;Sainte-Foy-lès-Lyon;peripherie;2022;Appartement;3690.0;255
Lyon;69202;Sainte-Foy-lès-Lyon;peripherie;2022;Maison;6250.0;51
Lyon;69202;Sainte-Foy-lès-Lyon;peripherie;2023;Appartement;3674.0;193
Lyon;69202;Sainte-Foy-lès-Lyon;peripherie;2023;Maison;5613.0;40
Lyon;69202;Sainte-Foy-lès-Lyon;peripherie;2024;Appartement;3313.0;174
Lyon;69202;Sainte-Foy-lès-Lyon;peripherie;2024;Maison;5408.0;35
Lyon;69202;Sainte-Foy-lès-Lyon;peripherie;2025;Appartement;3182.0;240
Lyon;69202;Sainte-Foy-lès-Lyon;peripherie;2025;Maison;5168.0;45
Lyon;69204;Saint-Genis-Laval;peripherie;2021;Appartement;3636.0;181
Lyon;69204;Saint-Genis-Laval;peripherie;2021;Maison;4747.0;75
Lyon;69204;Saint-Genis-Laval;peripherie;2022;Appartement;3814.0;195
Lyon;69204;Saint-Genis-Laval;peripherie;2022;Maison;5208.0;89
Lyon;69204;Saint-Genis-Laval;peripherie;2023;Appartement;3667.0;147
Lyon;69204;Saint-Genis-Laval;peripherie;2023;Maison;5273.0;52
Lyon;69204;Saint-Genis-Laval;peripherie;2024;Appartement;3451.0;111
Lyon;69204;Saint-Genis-Laval;peripherie;2024;Maison;4549.0;60
Lyon;69204;Saint-Genis-Laval;peripherie;2025;Appartement;3417.0;167
Lyon;69204;Saint-Genis-Laval;peripherie;2025;Maison;4646.0;67
Lyon;69205;Saint-Genis-les-Ollières;peripherie;2021;Appartement;;12
Lyon;69205;Saint-Genis-les-Ollières;peripherie;2021;Maison;4576.0;30
Lyon;69205;Saint-Genis-les-Ollières;peripherie;2022;Appartement;;18
Lyon;69205;Saint-Genis-les-Ollières;peripherie;2022;Maison;5089.0;45
Lyon;69205;Saint-Genis-les-Ollières;peripherie;2023;Appartement;;8
Lyon;69205;Saint-Genis-les-Ollières;peripherie;2023;Maison;;20
Lyon;69205;Saint-Genis-les-Ollières;peripherie;2024;Appartement;;10
Lyon;69205;Saint-Genis-les-Ollières;peripherie;2024;Maison;;28
Lyon;69205;Saint-Genis-les-Ollières;peripherie;2025;Appartement;;13
Lyon;69205;Saint-Genis-les-Ollières;peripherie;2025;Maison;4337.0;31
Lyon;69207;Saint-Germain-au-Mont-d'Or;peripherie;2021;Appartement;;10
Lyon;69207;Saint-Germain-au-Mont-d'Or;peripherie;2021;Maison;;21
Lyon;69207;Saint-Germain-au-Mont-d'Or;peripherie;2022;Appartement;;17
Lyon;69207;Saint-Germain-au-Mont-d'Or;peripherie;2022;Maison;;19
Lyon;69207;Saint-Germain-au-Mont-d'Or;peripherie;2023;Appartement;;28
Lyon;69207;Saint-Germain-au-Mont-d'Or;peripherie;2023;Maison;;10
Lyon;69207;Saint-Germain-au-Mont-d'Or;peripherie;2024;Appartement;;15
Lyon;69207;Saint-Germain-au-Mont-d'Or;peripherie;2024;Maison;;11
Lyon;69207;Saint-Germain-au-Mont-d'Or;peripherie;2025;Appartement;;18
Lyon;69207;Saint-Germain-au-Mont-d'Or;peripherie;2025;Maison;;14
Lyon;69233;Saint-Romain-au-Mont-d'Or;peripherie;2021;Appartement;;3
Lyon;69233;Saint-Romain-au-Mont-d'Or;peripherie;2021;Maison;;17
Lyon;69233;Saint-Romain-au-Mont-d'Or;peripherie;2022;Appartement;;2
Lyon;69233;Saint-Romain-au-Mont-d'Or;peripherie;2022;Maison;;10
Lyon;69233;Saint-Romain-au-Mont-d'Or;peripherie;2023;Appartement;;4
Lyon;69233;Saint-Romain-au-Mont-d'Or;peripherie;2023;Maison;;6
Lyon;69233;Saint-Romain-au-Mont-d'Or;peripherie;2024;Appartement;;2
Lyon;69233;Saint-Romain-au-Mont-d'Or;peripherie;2024;Maison;;5
Lyon;69233;Saint-Romain-au-Mont-d'Or;peripherie;2025;Appartement;;2
Lyon;69233;Saint-Romain-au-Mont-d'Or;peripherie;2025;Maison;;16
Lyon;69244;Tassin-la-Demi-Lune;peripherie;2021;Appartement;4156.0;367
Lyon;69244;Tassin-la-Demi-Lune;peripherie;2021;Maison;6474.0;45
Lyon;69244;Tassin-la-Demi-Lune;peripherie;2022;Appartement;4515.0;337
Lyon;69244;Tassin-la-Demi-Lune;peripherie;2022;Maison;6180.0;38
Lyon;69244;Tassin-la-Demi-Lune;peripherie;2023;Appartement;4438.0;244
Lyon;69244;Tassin-la-Demi-Lune;peripherie;2023;Maison;;12
Lyon;69244;Tassin-la-Demi-Lune;peripherie;2024;Appartement;4000.0;239
Lyon;69244;Tassin-la-Demi-Lune;peripherie;2024;Maison;;21
Lyon;69244;Tassin-la-Demi-Lune;peripherie;2025;Appartement;4108.0;296
Lyon;69244;Tassin-la-Demi-Lune;peripherie;2025;Maison;;24
Lyon;69250;La Tour-de-Salvagny;peripherie;2021;Appartement;;22
Lyon;69250;La Tour-de-Salvagny;peripherie;2021;Maison;;25
Lyon;69250;La Tour-de-Salvagny;peripherie;2022;Appartement;4153.0;39
Lyon;69250;La Tour-de-Salvagny;peripherie;2022;Maison;;20
Lyon;69250;La Tour-de-Salvagny;peripherie;2023;Appartement;;28
Lyon;69250;La Tour-de-Salvagny;peripherie;2023;Maison;;12
Lyon;69250;La Tour-de-Salvagny;peripherie;2024;Appartement;;21
Lyon;69250;La Tour-de-Salvagny;peripherie;2024;Maison;;20
Lyon;69250;La Tour-de-Salvagny;peripherie;2025;Appartement;;13
Lyon;69250;La Tour-de-Salvagny;peripherie;2025;Maison;;17
Lyon;69256;Vaulx-en-Velin;peripherie;2021;Appartement;2609.0;412
Lyon;69256;Vaulx-en-Velin;peripherie;2021;Maison;3641.0;87
Lyon;69256;Vaulx-en-Velin;peripherie;2022;Appartement;2891.0;355
Lyon;69256;Vaulx-en-Velin;peripherie;2022;Maison;3641.0;72
Lyon;69256;Vaulx-en-Velin;peripherie;2023;Appartement;2797.0;251
Lyon;69256;Vaulx-en-Velin;peripherie;2023;Maison;3868.0;70
Lyon;69256;Vaulx-en-Velin;peripherie;2024;Appartement;2560.0;221
Lyon;69256;Vaulx-en-Velin;peripherie;2024;Maison;3318.0;60
Lyon;69256;Vaulx-en-Velin;peripherie;2025;Appartement;2812.0;237
Lyon;69256;Vaulx-en-Velin;peripherie;2025;Maison;3110.0;59
Lyon;69259;Vénissieux;peripherie;2021;Appartement;2578.0;532
Lyon;69259;Vénissieux;peripherie;2021;Maison;3508.0;112
Lyon;69259;Vénissieux;peripherie;2022;Appartement;2763.0;514
Lyon;69259;Vénissieux;peripherie;2022;Maison;3889.0;108
Lyon;69259;Vénissieux;peripherie;2023;Appartement;2877.0;379
Lyon;69259;Vénissieux;peripherie;2023;Maison;3734.0;62
Lyon;69259;Vénissieux;peripherie;2024;Appartement;2544.0;325
Lyon;69259;Vénissieux;peripherie;2024;Maison;3556.0;75
Lyon;69259;Vénissieux;peripherie;2025;Appartement;2527.0;380
Lyon;69259;Vénissieux;peripherie;2025;Maison;3359.0;88
Lyon;69260;Vernaison;peripherie;2021;Appartement;3347.0;39
Lyon;69260;Vernaison;peripherie;2021;Maison;;24
Lyon;69260;Vernaison;peripherie;2022;Appartement;;28
Lyon;69260;Vernaison;peripherie;2022;Maison;;28
Lyon;69260;Vernaison;peripherie;2023;Appartement;;18
Lyon;69260;Vernaison;peripherie;2023;Maison;;13
Lyon;69260;Vernaison;peripherie;2024;Appartement;;21
Lyon;69260;Vernaison;peripherie;2024;Maison;;15
Lyon;69260;Vernaison;peripherie;2025;Appartement;;29
Lyon;69260;Vernaison;peripherie;2025;Maison;;16
Lyon;69266;Villeurbanne;peripherie;2021;Appartement;3884.0;2696
Lyon;69266;Villeurbanne;peripherie;2021;Maison;4882.0;173
Lyon;69266;Villeurbanne;peripherie;2022;Appartement;3973.0;2459
Lyon;69266;Villeurbanne;peripherie;2022;Maison;4786.0;148
Lyon;69266;Villeurbanne;peripherie;2023;Appartement;3840.0;1892
Lyon;69266;Villeurbanne;peripherie;2023;Maison;4559.0;98
Lyon;69266;Villeurbanne;peripherie;2024;Appartement;3505.0;1667
Lyon;69266;Villeurbanne;peripherie;2024;Maison;4143.0;84
Lyon;69266;Villeurbanne;peripherie;2025;Appartement;3567.0;1883
Lyon;69266;Villeurbanne;peripherie;2025;Maison;4186.0;85
Lyon;69271;Chassieu;peripherie;2021;Appartement;4101.0;54
Lyon;69271;Chassieu;peripherie;2021;Maison;4471.0;75
Lyon;69271;Chassieu;peripherie;2022;Appartement;4559.0;37
Lyon;69271;Chassieu;peripherie;2022;Maison;4757.0;65
Lyon;69271;Chassieu;peripherie;2023;Appartement;4694.0;31
Lyon;69271;Chassieu;peripherie;2023;Maison;4464.0;51
Lyon;69271;Chassieu;peripherie;2024;Appartement;4139.0;30
Lyon;69271;Chassieu;peripherie;2024;Maison;4317.0;59
Lyon;69271;Chassieu;peripherie;2025;Appartement;4319.0;36
Lyon;69271;Chassieu;peripherie;2025;Maison;4235.0;43
Lyon;69273;Corbas;peripherie;2021;Appartement;2481.0;51
Lyon;69273;Corbas;peripherie;2021;Maison;3889.0;73
Lyon;69273;Corbas;peripherie;2022;Appartement;2880.0;64
Lyon;69273;Corbas;peripherie;2022;Maison;4352.0;63
Lyon;69273;Corbas;peripherie;2023;Appartement;2574.0;49
Lyon;69273;Corbas;peripherie;2023;Maison;3977.0;43
Lyon;69273;Corbas;peripherie;2024;Appartement;2459.0;32
Lyon;69273;Corbas;peripherie;2024;Maison;3886.0;42
Lyon;69273;Corbas;peripherie;2025;Appartement;2405.0;48
Lyon;69273;Corbas;peripherie;2025;Maison;3561.0;50
Lyon;69275;Décines-Charpieu;peripherie;2021;Appartement;3000.0;294
Lyon;69275;Décines-Charpieu;peripherie;2021;Maison;4315.0;108
Lyon;69275;Décines-Charpieu;peripherie;2022;Appartement;3235.0;291
Lyon;69275;Décines-Charpieu;peripherie;2022;Maison;4571.0;110
Lyon;69275;Décines-Charpieu;peripherie;2023;Appartement;3175.0;216
Lyon;69275;Décines-Charpieu;peripherie;2023;Maison;4391.0;64
Lyon;69275;Décines-Charpieu;peripherie;2024;Appartement;3068.0;178
Lyon;69275;Décines-Charpieu;peripherie;2024;Maison;4056.0;66
Lyon;69275;Décines-Charpieu;peripherie;2025;Appartement;3125.0;216
Lyon;69275;Décines-Charpieu;peripherie;2025;Maison;3765.0;66
Lyon;69276;Feyzin;peripherie;2021;Appartement;2294.0;70
Lyon;69276;Feyzin;peripherie;2021;Maison;3435.0;56
Lyon;69276;Feyzin;peripherie;2022;Appartement;2431.0;48
Lyon;69276;Feyzin;peripherie;2022;Maison;4011.0;55
Lyon;69276;Feyzin;peripherie;2023;Appartement;2498.0;38
Lyon;69276;Feyzin;peripherie;2023;Maison;3750.0;37
Lyon;69276;Feyzin;peripherie;2024;Appartement;2379.0;42
Lyon;69276;Feyzin;peripherie;2024;Maison;3419.0;36
Lyon;69276;Feyzin;peripherie;2025;Appartement;2261.0;52
Lyon;69276;Feyzin;peripherie;2025;Maison;3055.0;40
Lyon;69278;Genay;peripherie;2021;Appartement;2803.0;31
Lyon;69278;Genay;peripherie;2021;Maison;4064.0;31
Lyon;69278;Genay;peripherie;2022;Appartement;3228.0;30
Lyon;69278;Genay;peripherie;2022;Maison;;29
Lyon;69278;Genay;peripherie;2023;Appartement;;29
Lyon;69278;Genay;peripherie;2023;Maison;;18
Lyon;69278;Genay;peripherie;2024;Appartement;;27
Lyon;69278;Genay;peripherie;2024;Maison;3855.0;31
Lyon;69278;Genay;peripherie;2025;Appartement;;18
Lyon;69278;Genay;peripherie;2025;Maison;3599.0;32
Lyon;69279;Jonage;peripherie;2021;Appartement;;9
Lyon;69279;Jonage;peripherie;2021;Maison;4248.0;35
Lyon;69279;Jonage;peripherie;2022;Appartement;;6
Lyon;69279;Jonage;peripherie;2022;Maison;4474.0;42
Lyon;69279;Jonage;peripherie;2023;Appartement;;5
Lyon;69279;Jonage;peripherie;2023;Maison;;29
Lyon;69279;Jonage;peripherie;2024;Appartement;;11
Lyon;69279;Jonage;peripherie;2024;Maison;;27
Lyon;69279;Jonage;peripherie;2025;Appartement;;7
Lyon;69279;Jonage;peripherie;2025;Maison;3766.0;34
Lyon;69282;Meyzieu;peripherie;2021;Appartement;3511.0;222
Lyon;69282;Meyzieu;peripherie;2021;Maison;4103.0;236
Lyon;69282;Meyzieu;peripherie;2022;Appartement;3685.0;201
Lyon;69282;Meyzieu;peripherie;2022;Maison;4480.0;213
Lyon;69282;Meyzieu;peripherie;2023;Appartement;3571.0;157
Lyon;69282;Meyzieu;peripherie;2023;Maison;4194.0;136
Lyon;69282;Meyzieu;peripherie;2024;Appartement;3322.0;163
Lyon;69282;Meyzieu;peripherie;2024;Maison;3941.0;140
Lyon;69282;Meyzieu;peripherie;2025;Appartement;3333.0;158
Lyon;69282;Meyzieu;peripherie;2025;Maison;3755.0;160
Lyon;69283;Mions;peripherie;2021;Appartement;3513.0;56
Lyon;69283;Mions;peripherie;2021;Maison;4026.0;122
Lyon;69283;Mions;peripherie;2022;Appartement;3891.0;58
Lyon;69283;Mions;peripherie;2022;Maison;4312.0;93
Lyon;69283;Mions;peripherie;2023;Appartement;3784.0;42
Lyon;69283;Mions;peripherie;2023;Maison;4074.0;67
Lyon;69283;Mions;peripherie;2024;Appartement;3808.0;30
Lyon;69283;Mions;peripherie;2024;Maison;3847.0;70
Lyon;69283;Mions;peripherie;2025;Appartement;3956.0;32
Lyon;69283;Mions;peripherie;2025;Maison;3790.0;88
Lyon;69284;Montanay;peripherie;2021;Appartement;;8
Lyon;69284;Montanay;peripherie;2021;Maison;;18
Lyon;69284;Montanay;peripherie;2022;Appartement;;8
Lyon;69284;Montanay;peripherie;2022;Maison;;12
Lyon;69284;Montanay;peripherie;2023;Appartement;;3
Lyon;69284;Montanay;peripherie;2023;Maison;;19
Lyon;69284;Montanay;peripherie;2024;Appartement;;7
Lyon;69284;Montanay;peripherie;2024;Maison;;16
Lyon;69284;Montanay;peripherie;2025;Appartement;;3
Lyon;69284;Montanay;peripherie;2025;Maison;;23
Lyon;69286;Rillieux-la-Pape;peripherie;2021;Appartement;2540.0;182
Lyon;69286;Rillieux-la-Pape;peripherie;2021;Maison;4241.0;87
Lyon;69286;Rillieux-la-Pape;peripherie;2022;Appartement;2647.0;188
Lyon;69286;Rillieux-la-Pape;peripherie;2022;Maison;4431.0;104
Lyon;69286;Rillieux-la-Pape;peripherie;2023;Appartement;2625.0;135
Lyon;69286;Rillieux-la-Pape;peripherie;2023;Maison;4371.0;45
Lyon;69286;Rillieux-la-Pape;peripherie;2024;Appartement;2714.0;117
Lyon;69286;Rillieux-la-Pape;peripherie;2024;Maison;4049.0;63
Lyon;69286;Rillieux-la-Pape;peripherie;2025;Appartement;2525.0;151
Lyon;69286;Rillieux-la-Pape;peripherie;2025;Maison;3776.0;79
Lyon;69290;Saint-Priest;peripherie;2021;Appartement;2819.0;521
Lyon;69290;Saint-Priest;peripherie;2021;Maison;4026.0;138
Lyon;69290;Saint-Priest;peripherie;2022;Appartement;2964.0;512
Lyon;69290;Saint-Priest;peripherie;2022;Maison;4290.0;134
Lyon;69290;Saint-Priest;peripherie;2023;Appartement;2655.0;400
Lyon;69290;Saint-Priest;peripherie;2023;Maison;4105.0;111
Lyon;69290;Saint-Priest;peripherie;2024;Appartement;2591.0;342
Lyon;69290;Saint-Priest;peripherie;2024;Maison;3700.0;85
Lyon;69290;Saint-Priest;peripherie;2025;Appartement;2883.0;413
Lyon;69290;Saint-Priest;peripherie;2025;Maison;3717.0;118
Lyon;69292;Sathonay-Camp;peripherie;2021;Appartement;3592.0;54
Lyon;69292;Sathonay-Camp;peripherie;2021;Maison;;14
Lyon;69292;Sathonay-Camp;peripherie;2022;Appartement;4016.0;50
Lyon;69292;Sathonay-Camp;peripherie;2022;Maison;;11
Lyon;69292;Sathonay-Camp;peripherie;2023;Appartement;4051.0;39
Lyon;69292;Sathonay-Camp;peripherie;2023;Maison;;9
Lyon;69292;Sathonay-Camp;peripherie;2024;Appartement;3849.0;56
Lyon;69292;Sathonay-Camp;peripherie;2024;Maison;;9
Lyon;69292;Sathonay-Camp;peripherie;2025;Appartement;3681.0;66
Lyon;69292;Sathonay-Camp;peripherie;2025;Maison;;14
Lyon;69293;Sathonay-Village;peripherie;2021;Appartement;;16
Lyon;69293;Sathonay-Village;peripherie;2021;Maison;;15
Lyon;69293;Sathonay-Village;peripherie;2022;Appartement;;8
Lyon;69293;Sathonay-Village;peripherie;2022;Maison;;11
Lyon;69293;Sathonay-Village;peripherie;2023;Appartement;;7
Lyon;69293;Sathonay-Village;peripherie;2023;Maison;;6
Lyon;69293;Sathonay-Village;peripherie;2024;Appartement;;8
Lyon;69293;Sathonay-Village;peripherie;2024;Maison;;15
Lyon;69293;Sathonay-Village;peripherie;2025;Appartement;;4
Lyon;69293;Sathonay-Village;peripherie;2025;Maison;;8
Lyon;69296;Solaize;peripherie;2021;Appartement;;4
Lyon;69296;Solaize;peripherie;2021;Maison;;19
Lyon;69296;Solaize;peripherie;2022;Appartement;;17
Lyon;69296;Solaize;peripherie;2022;Maison;;18
Lyon;69296;Solaize;peripherie;2023;Appartement;;6
Lyon;69296;Solaize;peripherie;2023;Maison;;19
Lyon;69296;Solaize;peripherie;2024;Appartement;;1
Lyon;69296;Solaize;peripherie;2024;Maison;;17
Lyon;69296;Solaize;peripherie;2025;Appartement;;5
Lyon;69296;Solaize;peripherie;2025;Maison;;16
Marseille;13001;Aix-en-Provence;peripherie;2021;Appartement;4524.0;2047
Marseille;13001;Aix-en-Provence;peripherie;2021;Maison;5384.0;350
Marseille;13001;Aix-en-Provence;peripherie;2022;Appartement;4762.0;2148
Marseille;13001;Aix-en-Provence;peripherie;2022;Maison;5986.0;299
Marseille;13001;Aix-en-Provence;peripherie;2023;Appartement;4942.0;1640
Marseille;13001;Aix-en-Provence;peripherie;2023;Maison;6097.0;229
Marseille;13001;Aix-en-Provence;peripherie;2024;Appartement;4808.0;1450
Marseille;13001;Aix-en-Provence;peripherie;2024;Maison;6059.0;214
Marseille;13001;Aix-en-Provence;peripherie;2025;Appartement;4819.0;1845
Marseille;13001;Aix-en-Provence;peripherie;2025;Maison;5879.0;254
Marseille;13002;Allauch;peripherie;2021;Appartement;3635.0;105
Marseille;13002;Allauch;peripherie;2021;Maison;4564.0;168
Marseille;13002;Allauch;peripherie;2022;Appartement;3720.0;96
Marseille;13002;Allauch;peripherie;2022;Maison;5084.0;160
Marseille;13002;Allauch;peripherie;2023;Appartement;3895.0;77
Marseille;13002;Allauch;peripherie;2023;Maison;5000.0;114
Marseille;13002;Allauch;peripherie;2024;Appartement;3824.0;61
Marseille;13002;Allauch;peripherie;2024;Maison;4752.0;103
Marseille;13002;Allauch;peripherie;2025;Appartement;3490.0;67
Marseille;13002;Allauch;peripherie;2025;Maison;4800.0;118
Marseille;13003;Alleins;peripherie;2021;Appartement;;2
Marseille;13003;Alleins;peripherie;2021;Maison;3320.0;30
Marseille;13003;Alleins;peripherie;2022;Appartement;;1
Marseille;13003;Alleins;peripherie;2022;Maison;;20
Marseille;13003;Alleins;peripherie;2023;Appartement;;2
Marseille;13003;Alleins;peripherie;2023;Maison;;25
Marseille;13003;Alleins;peripherie;2024;Appartement;;1
Marseille;13003;Alleins;peripherie;2024;Maison;;13
Marseille;13003;Alleins;peripherie;2025;Appartement;;2
Marseille;13003;Alleins;peripherie;2025;Maison;;23
Marseille;13005;Aubagne;peripherie;2021;Appartement;2583.0;396
Marseille;13005;Aubagne;peripherie;2021;Maison;4306.0;200
Marseille;13005;Aubagne;peripherie;2022;Appartement;2782.0;367
Marseille;13005;Aubagne;peripherie;2022;Maison;4391.0;162
Marseille;13005;Aubagne;peripherie;2023;Appartement;2894.0;306
Marseille;13005;Aubagne;peripherie;2023;Maison;4822.0;115
Marseille;13005;Aubagne;peripherie;2024;Appartement;2705.0;296
Marseille;13005;Aubagne;peripherie;2024;Maison;4500.0;127
Marseille;13005;Aubagne;peripherie;2025;Appartement;2640.0;363
Marseille;13005;Aubagne;peripherie;2025;Maison;4364.0;149
Marseille;13007;Auriol;peripherie;2021;Appartement;3015.0;40
Marseille;13007;Auriol;peripherie;2021;Maison;4219.0;86
Marseille;13007;Auriol;peripherie;2022;Appartement;3312.0;41
Marseille;13007;Auriol;peripherie;2022;Maison;4520.0;66
Marseille;13007;Auriol;peripherie;2023;Appartement;3600.0;31
Marseille;13007;Auriol;peripherie;2023;Maison;4605.0;78
Marseille;13007;Auriol;peripherie;2024;Appartement;3339.0;40
Marseille;13007;Auriol;peripherie;2024;Maison;4632.0;44
Marseille;13007;Auriol;peripherie;2025;Appartement;2998.0;54
Marseille;13007;Auriol;peripherie;2025;Maison;4850.0;56
Marseille;13008;Aurons;peripherie;2021;Appartement;;2
Marseille;13008;Aurons;peripherie;2021;Maison;;7
Marseille;13008;Aurons;peripherie;2022;Maison;;6
Marseille;13008;Aurons;peripherie;2023;Maison;;1
Marseille;13008;Aurons;peripherie;2024;Appartement;;1
Marseille;13008;Aurons;peripherie;2024;Maison;;1
Marseille;13008;Aurons;peripherie;2025;Appartement;;2
Marseille;13008;Aurons;peripherie;2025;Maison;;3
Marseille;13009;La Barben;peripherie;2021;Maison;;2
Marseille;13009;La Barben;peripherie;2022;Maison;;7
Marseille;13009;La Barben;peripherie;2023;Maison;;8
Marseille;13009;La Barben;peripherie;2024;Appartement;;1
Marseille;13009;La Barben;peripherie;2024;Maison;;6
Marseille;13012;Beaurecueil;peripherie;2021;Appartement;;1
Marseille;13012;Beaurecueil;peripherie;2021;Maison;;1
Marseille;13012;Beaurecueil;peripherie;2022;Maison;;1
Marseille;13012;Beaurecueil;peripherie;2023;Appartement;;1
Marseille;13012;Beaurecueil;peripherie;2023;Maison;;1
Marseille;13012;Beaurecueil;peripherie;2024;Maison;;2
Marseille;13013;Belcodène;peripherie;2021;Appartement;;2
Marseille;13013;Belcodène;peripherie;2021;Maison;;19
Marseille;13013;Belcodène;peripherie;2022;Appartement;;1
Marseille;13013;Belcodène;peripherie;2022;Maison;;18
Marseille;13013;Belcodène;peripherie;2023;Appartement;;1
Marseille;13013;Belcodène;peripherie;2023;Maison;;14
Marseille;13013;Belcodène;peripherie;2024;Appartement;;1
Marseille;13013;Belcodène;peripherie;2024;Maison;;12
Marseille;13013;Belcodène;peripherie;2025;Appartement;;1
Marseille;13013;Belcodène;peripherie;2025;Maison;;10
Marseille;13014;Berre-l'Étang;peripherie;2021;Appartement;2651.0;50
Marseille;13014;Berre-l'Étang;peripherie;2021;Maison;3091.0;58
Marseille;13014;Berre-l'Étang;peripherie;2022;Appartement;2323.0;57
Marseille;13014;Berre-l'Étang;peripherie;2022;Maison;3521.0;45
Marseille;13014;Berre-l'Étang;peripherie;2023;Appartement;2333.0;31
Marseille;13014;Berre-l'Étang;peripherie;2023;Maison;3663.0;40
Marseille;13014;Berre-l'Étang;peripherie;2024;Appartement;2481.0;32
Marseille;13014;Berre-l'Étang;peripherie;2024;Maison;3452.0;42
Marseille;13014;Berre-l'Étang;peripherie;2025;Appartement;;29
Marseille;13014;Berre-l'Étang;peripherie;2025;Maison;3457.0;50
Marseille;13015;Bouc-Bel-Air;peripherie;2021;Appartement;4382.0;36
Marseille;13015;Bouc-Bel-Air;peripherie;2021;Maison;4769.0;115
Marseille;13015;Bouc-Bel-Air;peripherie;2022;Appartement;4919.0;41
Marseille;13015;Bouc-Bel-Air;peripherie;2022;Maison;5436.0;109
Marseille;13015;Bouc-Bel-Air;peripherie;2023;Appartement;;29
Marseille;13015;Bouc-Bel-Air;peripherie;2023;Maison;5381.0;75
Marseille;13015;Bouc-Bel-Air;peripherie;2024;Appartement;;28
Marseille;13015;Bouc-Bel-Air;peripherie;2024;Maison;5295.0;91
Marseille;13015;Bouc-Bel-Air;peripherie;2025;Appartement;;21
Marseille;13015;Bouc-Bel-Air;peripherie;2025;Maison;5288.0;82
Marseille;13016;La Bouilladisse;peripherie;2021;Appartement;;13
Marseille;13016;La Bouilladisse;peripherie;2021;Maison;4471.0;45
Marseille;13016;La Bouilladisse;peripherie;2022;Appartement;;18
Marseille;13016;La Bouilladisse;peripherie;2022;Maison;4634.0;50
Marseille;13016;La Bouilladisse;peripherie;2023;Appartement;;10
Marseille;13016;La Bouilladisse;peripherie;2023;Maison;;25
Marseille;13016;La Bouilladisse;peripherie;2024;Appartement;;10
Marseille;13016;La Bouilladisse;peripherie;2024;Maison;;28
Marseille;13016;La Bouilladisse;peripherie;2025;Appartement;;10
Marseille;13016;La Bouilladisse;peripherie;2025;Maison;4504.0;36
Marseille;13019;Cabriès;peripherie;2021;Appartement;;12
Marseille;13019;Cabriès;peripherie;2021;Maison;4800.0;73
Marseille;13019;Cabriès;peripherie;2022;Appartement;;14
Marseille;13019;Cabriès;peripherie;2022;Maison;5041.0;76
Marseille;13019;Cabriès;peripherie;2023;Appartement;;9
Marseille;13019;Cabriès;peripherie;2023;Maison;5238.0;62
Marseille;13019;Cabriès;peripherie;2024;Appartement;;4
Marseille;13019;Cabriès;peripherie;2024;Maison;5351.0;47
Marseille;13019;Cabriès;peripherie;2025;Appartement;;14
Marseille;13019;Cabriès;peripherie;2025;Maison;5310.0;56
Marseille;13020;Cadolive;peripherie;2021;Appartement;;3
Marseille;13020;Cadolive;peripherie;2021;Maison;;27
Marseille;13020;Cadolive;peripherie;2022;Appartement;;11
Marseille;13020;Cadolive;peripherie;2022;Maison;;19
Marseille;13020;Cadolive;peripherie;2023;Appartement;;1
Marseille;13020;Cadolive;peripherie;2023;Maison;;12
Marseille;13020;Cadolive;peripherie;2024;Appartement;;5
Marseille;13020;Cadolive;peripherie;2024;Maison;;7
Marseille;13020;Cadolive;peripherie;2025;Appartement;;6
Marseille;13020;Cadolive;peripherie;2025;Maison;;12
Marseille;13021;Carry-le-Rouet;peripherie;2021;Appartement;5047.0;52
Marseille;13021;Carry-le-Rouet;peripherie;2021;Maison;5625.0;57
Marseille;13021;Carry-le-Rouet;peripherie;2022;Appartement;6265.0;50
Marseille;13021;Carry-le-Rouet;peripherie;2022;Maison;5700.0;44
Marseille;13021;Carry-le-Rouet;peripherie;2023;Appartement;6166.0;48
Marseille;13021;Carry-le-Rouet;peripherie;2023;Maison;6323.0;37
Marseille;13021;Carry-le-Rouet;peripherie;2024;Appartement;5132.0;36
Marseille;13021;Carry-le-Rouet;peripherie;2024;Maison;6213.0;43
Marseille;13021;Carry-le-Rouet;peripherie;2025;Appartement;5952.0;49
Marseille;13021;Carry-le-Rouet;peripherie;2025;Maison;6281.0;40
Marseille;13022;Cassis;peripherie;2021;Appartement;6721.0;120
Marseille;13022;Cassis;peripherie;2021;Maison;;28
Marseille;13022;Cassis;peripherie;2022;Appartement;6836.0;110
Marseille;13022;Cassis;peripherie;2022;Maison;;26
Marseille;13022;Cassis;peripherie;2023;Appartement;6767.0;95
Marseille;13022;Cassis;peripherie;2023;Maison;;24
Marseille;13022;Cassis;peripherie;2024;Appartement;7604.0;81
Marseille;13022;Cassis;peripherie;2024;Maison;;24
Marseille;13022;Cassis;peripherie;2025;Appartement;7590.0;90
Marseille;13022;Cassis;peripherie;2025;Maison;;18
Marseille;13023;Ceyreste;peripherie;2021;Appartement;;11
Marseille;13023;Ceyreste;peripherie;2021;Maison;5019.0;41
Marseille;13023;Ceyreste;peripherie;2022;Appartement;;15
Marseille;13023;Ceyreste;peripherie;2022;Maison;5436.0;41
Marseille;13023;Ceyreste;peripherie;2023;Appartement;;9
Marseille;13023;Ceyreste;peripherie;2023;Maison;5838.0;31
Marseille;13023;Ceyreste;peripherie;2024;Appartement;;9
Marseille;13023;Ceyreste;peripherie;2024;Maison;;27
Marseille;13023;Ceyreste;peripherie;2025;Appartement;;10
Marseille;13023;Ceyreste;peripherie;2025;Maison;;29
Marseille;13024;Charleval;peripherie;2021;Appartement;;10
Marseille;13024;Charleval;peripherie;2021;Maison;;21
Marseille;13024;Charleval;peripherie;2022;Appartement;;5
Marseille;13024;Charleval;peripherie;2022;Maison;3371.0;31
Marseille;13024;Charleval;peripherie;2023;Appartement;;7
Marseille;13024;Charleval;peripherie;2023;Maison;;21
Marseille;13024;Charleval;peripherie;2024;Appartement;;8
Marseille;13024;Charleval;peripherie;2024;Maison;;19
Marseille;13024;Charleval;peripherie;2025;Appartement;;10
Marseille;13024;Charleval;peripherie;2025;Maison;;27
Marseille;13025;Châteauneuf-le-Rouge;peripherie;2021;Appartement;;10
Marseille;13025;Châteauneuf-le-Rouge;peripherie;2021;Maison;;7
Marseille;13025;Châteauneuf-le-Rouge;peripherie;2022;Appartement;;12
Marseille;13025;Châteauneuf-le-Rouge;peripherie;2022;Maison;;10
Marseille;13025;Châteauneuf-le-Rouge;peripherie;2023;Appartement;;9
Marseille;13025;Châteauneuf-le-Rouge;peripherie;2023;Maison;;3
Marseille;13025;Châteauneuf-le-Rouge;peripherie;2024;Appartement;;2
Marseille;13025;Châteauneuf-le-Rouge;peripherie;2024;Maison;;5
Marseille;13025;Châteauneuf-le-Rouge;peripherie;2025;Appartement;;11
Marseille;13025;Châteauneuf-le-Rouge;peripherie;2025;Maison;;7
Marseille;13026;Châteauneuf-les-Martigues;peripherie;2021;Appartement;3505.0;98
Marseille;13026;Châteauneuf-les-Martigues;peripherie;2021;Maison;3715.0;144
Marseille;13026;Châteauneuf-les-Martigues;peripherie;2022;Appartement;3735.0;105
Marseille;13026;Châteauneuf-les-Martigues;peripherie;2022;Maison;4102.0;150
Marseille;13026;Châteauneuf-les-Martigues;peripherie;2023;Appartement;3767.0;68
Marseille;13026;Châteauneuf-les-Martigues;peripherie;2023;Maison;4129.0;109
Marseille;13026;Châteauneuf-les-Martigues;peripherie;2024;Appartement;3726.0;46
Marseille;13026;Châteauneuf-les-Martigues;peripherie;2024;Maison;3645.0;89
Marseille;13026;Châteauneuf-les-Martigues;peripherie;2025;Appartement;3729.0;85
Marseille;13026;Châteauneuf-les-Martigues;peripherie;2025;Maison;3937.0;116
Marseille;13028;La Ciotat;peripherie;2021;Appartement;4523.0;688
Marseille;13028;La Ciotat;peripherie;2021;Maison;5580.0;195
Marseille;13028;La Ciotat;peripherie;2022;Appartement;5015.0;626
Marseille;13028;La Ciotat;peripherie;2022;Maison;5852.0;188
Marseille;13028;La Ciotat;peripherie;2023;Appartement;5206.0;578
Marseille;13028;La Ciotat;peripherie;2023;Maison;6007.0;126
Marseille;13028;La Ciotat;peripherie;2024;Appartement;4995.0;458
Marseille;13028;La Ciotat;peripherie;2024;Maison;5976.0;129
Marseille;13028;La Ciotat;peripherie;2025;Appartement;5194.0;492
Marseille;13028;La Ciotat;peripherie;2025;Maison;5931.0;152
Marseille;13029;Cornillon-Confoux;peripherie;2021;Maison;;11
Marseille;13029;Cornillon-Confoux;peripherie;2022;Appartement;;1
Marseille;13029;Cornillon-Confoux;peripherie;2022;Maison;;7
Marseille;13029;Cornillon-Confoux;peripherie;2023;Appartement;;1
Marseille;13029;Cornillon-Confoux;peripherie;2023;Maison;;13
Marseille;13029;Cornillon-Confoux;peripherie;2024;Appartement;;1
Marseille;13029;Cornillon-Confoux;peripherie;2024;Maison;;5
Marseille;13029;Cornillon-Confoux;peripherie;2025;Maison;;2
Marseille;13030;Cuges-les-Pins;peripherie;2021;Appartement;;18
Marseille;13030;Cuges-les-Pins;peripherie;2021;Maison;4055.0;51
Marseille;13030;Cuges-les-Pins;peripherie;2022;Appartement;;17
Marseille;13030;Cuges-les-Pins;peripherie;2022;Maison;4351.0;32
Marseille;13030;Cuges-les-Pins;peripherie;2023;Appartement;;10
Marseille;13030;Cuges-les-Pins;peripherie;2023;Maison;;23
Marseille;13030;Cuges-les-Pins;peripherie;2024;Appartement;;8
Marseille;13030;Cuges-les-Pins;peripherie;2024;Maison;;25
Marseille;13030;Cuges-les-Pins;peripherie;2025;Appartement;;13
Marseille;13030;Cuges-les-Pins;peripherie;2025;Maison;;28
Marseille;13031;La Destrousse;peripherie;2021;Appartement;;26
Marseille;13031;La Destrousse;peripherie;2021;Maison;;29
Marseille;13031;La Destrousse;peripherie;2022;Appartement;;20
Marseille;13031;La Destrousse;peripherie;2022;Maison;;14
Marseille;13031;La Destrousse;peripherie;2023;Appartement;;12
Marseille;13031;La Destrousse;peripherie;2023;Maison;;16
Marseille;13031;La Destrousse;peripherie;2024;Appartement;;20
Marseille;13031;La Destrousse;peripherie;2024;Maison;;11
Marseille;13031;La Destrousse;peripherie;2025;Appartement;;17
Marseille;13031;La Destrousse;peripherie;2025;Maison;;17
Marseille;13032;Éguilles;peripherie;2021;Appartement;;29
Marseille;13032;Éguilles;peripherie;2021;Maison;5280.0;64
Marseille;13032;Éguilles;peripherie;2022;Appartement;;29
Marseille;13032;Éguilles;peripherie;2022;Maison;5652.0;47
Marseille;13032;Éguilles;peripherie;2023;Appartement;;21
Marseille;13032;Éguilles;peripherie;2023;Maison;6626.0;52
Marseille;13032;Éguilles;peripherie;2024;Appartement;;23
Marseille;13032;Éguilles;peripherie;2024;Maison;6132.0;41
Marseille;13032;Éguilles;peripherie;2025;Appartement;;27
Marseille;13032;Éguilles;peripherie;2025;Maison;5916.0;43
Marseille;13033;Ensuès-la-Redonne;peripherie;2021;Appartement;;10
Marseille;13033;Ensuès-la-Redonne;peripherie;2021;Maison;5380.0;72
Marseille;13033;Ensuès-la-Redonne;peripherie;2022;Appartement;;11
Marseille;13033;Ensuès-la-Redonne;peripherie;2022;Maison;5403.0;59
Marseille;13033;Ensuès-la-Redonne;peripherie;2023;Appartement;;11
Marseille;13033;Ensuès-la-Redonne;peripherie;2023;Maison;5941.0;36
Marseille;13033;Ensuès-la-Redonne;peripherie;2024;Appartement;;17
Marseille;13033;Ensuès-la-Redonne;peripherie;2024;Maison;;20
Marseille;13033;Ensuès-la-Redonne;peripherie;2025;Appartement;;11
Marseille;13033;Ensuès-la-Redonne;peripherie;2025;Maison;5007.0;41
Marseille;13035;Eyguières;peripherie;2021;Appartement;;26
Marseille;13035;Eyguières;peripherie;2021;Maison;3804.0;78
Marseille;13035;Eyguières;peripherie;2022;Appartement;;25
Marseille;13035;Eyguières;peripherie;2022;Maison;4023.0;73
Marseille;13035;Eyguières;peripherie;2023;Appartement;;20
Marseille;13035;Eyguières;peripherie;2023;Maison;3759.0;62
Marseille;13035;Eyguières;peripherie;2024;Appartement;;19
Marseille;13035;Eyguières;peripherie;2024;Maison;4273.0;36
Marseille;13035;Eyguières;peripherie;2025;Appartement;;21
Marseille;13035;Eyguières;peripherie;2025;Maison;3968.0;77
Marseille;13037;La Fare-les-Oliviers;peripherie;2021;Appartement;;25
Marseille;13037;La Fare-les-Oliviers;peripherie;2021;Maison;3640.0;80
Marseille;13037;La Fare-les-Oliviers;peripherie;2022;Appartement;3764.0;31
Marseille;13037;La Fare-les-Oliviers;peripherie;2022;Maison;4178.0;93
Marseille;13037;La Fare-les-Oliviers;peripherie;2023;Appartement;;17
Marseille;13037;La Fare-les-Oliviers;peripherie;2023;Maison;3939.0;67
Marseille;13037;La Fare-les-Oliviers;peripherie;2024;Appartement;;21
Marseille;13037;La Fare-les-Oliviers;peripherie;2024;Maison;4133.0;75
Marseille;13037;La Fare-les-Oliviers;peripherie;2025;Appartement;;21
Marseille;13037;La Fare-les-Oliviers;peripherie;2025;Maison;3945.0;80
Marseille;13039;Fos-sur-Mer;peripherie;2021;Appartement;2346.0;54
Marseille;13039;Fos-sur-Mer;peripherie;2021;Maison;3210.0;162
Marseille;13039;Fos-sur-Mer;peripherie;2022;Appartement;2778.0;63
Marseille;13039;Fos-sur-Mer;peripherie;2022;Maison;3323.0;144
Marseille;13039;Fos-sur-Mer;peripherie;2023;Appartement;2541.0;46
Marseille;13039;Fos-sur-Mer;peripherie;2023;Maison;3427.0;89
Marseille;13039;Fos-sur-Mer;peripherie;2024;Appartement;2444.0;37
Marseille;13039;Fos-sur-Mer;peripherie;2024;Maison;3269.0;77
Marseille;13039;Fos-sur-Mer;peripherie;2025;Appartement;2384.0;51
Marseille;13039;Fos-sur-Mer;peripherie;2025;Maison;3243.0;93
Marseille;13040;Fuveau;peripherie;2021;Appartement;3898.0;51
Marseille;13040;Fuveau;peripherie;2021;Maison;4486.0;63
Marseille;13040;Fuveau;peripherie;2022;Appartement;4043.0;35
Marseille;13040;Fuveau;peripherie;2022;Maison;4742.0;64
Marseille;13040;Fuveau;peripherie;2023;Appartement;;27
Marseille;13040;Fuveau;peripherie;2023;Maison;4552.0;44
Marseille;13040;Fuveau;peripherie;2024;Appartement;;22
Marseille;13040;Fuveau;peripherie;2024;Maison;4600.0;31
Marseille;13040;Fuveau;peripherie;2025;Appartement;4130.0;41
Marseille;13040;Fuveau;peripherie;2025;Maison;4511.0;63
Marseille;13041;Gardanne;peripherie;2021;Appartement;3200.0;143
Marseille;13041;Gardanne;peripherie;2021;Maison;4064.0;121
Marseille;13041;Gardanne;peripherie;2022;Appartement;3339.0;140
Marseille;13041;Gardanne;peripherie;2022;Maison;4081.0;89
Marseille;13041;Gardanne;peripherie;2023;Appartement;3548.0;122
Marseille;13041;Gardanne;peripherie;2023;Maison;4531.0;82
Marseille;13041;Gardanne;peripherie;2024;Appartement;3320.0;105
Marseille;13041;Gardanne;peripherie;2024;Maison;4067.0;64
Marseille;13041;Gardanne;peripherie;2025;Appartement;3219.0;122
Marseille;13041;Gardanne;peripherie;2025;Maison;4200.0;105
Marseille;13042;Gémenos;peripherie;2021;Appartement;;17
Marseille;13042;Gémenos;peripherie;2021;Maison;4978.0;35
Marseille;13042;Gémenos;peripherie;2022;Appartement;;9
Marseille;13042;Gémenos;peripherie;2022;Maison;5654.0;35
Marseille;13042;Gémenos;peripherie;2023;Appartement;;10
Marseille;13042;Gémenos;peripherie;2023;Maison;5603.0;36
Marseille;13042;Gémenos;peripherie;2024;Appartement;;11
Marseille;13042;Gémenos;peripherie;2024;Maison;;28
Marseille;13042;Gémenos;peripherie;2025;Appartement;;13
Marseille;13042;Gémenos;peripherie;2025;Maison;5445.0;34
Marseille;13043;Gignac-la-Nerthe;peripherie;2021;Appartement;;19
Marseille;13043;Gignac-la-Nerthe;peripherie;2021;Maison;3716.0;74
Marseille;13043;Gignac-la-Nerthe;peripherie;2022;Appartement;3308.0;32
Marseille;13043;Gignac-la-Nerthe;peripherie;2022;Maison;4197.0;87
Marseille;13043;Gignac-la-Nerthe;peripherie;2023;Appartement;;21
Marseille;13043;Gignac-la-Nerthe;peripherie;2023;Maison;4222.0;65
Marseille;13043;Gignac-la-Nerthe;peripherie;2024;Appartement;;20
Marseille;13043;Gignac-la-Nerthe;peripherie;2024;Maison;3600.0;45
Marseille;13043;Gignac-la-Nerthe;peripherie;2025;Appartement;3315.0;30
Marseille;13043;Gignac-la-Nerthe;peripherie;2025;Maison;4155.0;74
Marseille;13044;Grans;peripherie;2021;Appartement;;16
Marseille;13044;Grans;peripherie;2021;Maison;3586.0;49
Marseille;13044;Grans;peripherie;2022;Appartement;;22
Marseille;13044;Grans;peripherie;2022;Maison;3879.0;50
Marseille;13044;Grans;peripherie;2023;Appartement;;11
Marseille;13044;Grans;peripherie;2023;Maison;4212.0;37
Marseille;13044;Grans;peripherie;2024;Appartement;;14
Marseille;13044;Grans;peripherie;2024;Maison;4406.0;30
Marseille;13044;Grans;peripherie;2025;Appartement;;14
Marseille;13044;Grans;peripherie;2025;Maison;;27
Marseille;13046;Gréasque;peripherie;2021;Appartement;;8
Marseille;13046;Gréasque;peripherie;2021;Maison;4301.0;30
Marseille;13046;Gréasque;peripherie;2022;Appartement;;8
Marseille;13046;Gréasque;peripherie;2022;Maison;;28
Marseille;13046;Gréasque;peripherie;2023;Appartement;;5
Marseille;13046;Gréasque;peripherie;2023;Maison;;28
Marseille;13046;Gréasque;peripherie;2024;Appartement;;7
Marseille;13046;Gréasque;peripherie;2024;Maison;;25
Marseille;13046;Gréasque;peripherie;2025;Appartement;;5
Marseille;13046;Gréasque;peripherie;2025;Maison;;29
Marseille;13047;Istres;peripherie;2021;Appartement;2713.0;220
Marseille;13047;Istres;peripherie;2021;Maison;3173.0;329
Marseille;13047;Istres;peripherie;2022;Appartement;2786.0;255
Marseille;13047;Istres;peripherie;2022;Maison;3364.0;323
Marseille;13047;Istres;peripherie;2023;Appartement;2983.0;197
Marseille;13047;Istres;peripherie;2023;Maison;3390.0;253
Marseille;13047;Istres;peripherie;2024;Appartement;2786.0;198
Marseille;13047;Istres;peripherie;2024;Maison;3277.0;211
Marseille;13047;Istres;peripherie;2025;Appartement;2882.0;205
Marseille;13047;Istres;peripherie;2025;Maison;3208.0;259
Marseille;13048;Jouques;peripherie;2021;Appartement;;18
Marseille;13048;Jouques;peripherie;2021;Maison;3130.0;35
Marseille;13048;Jouques;peripherie;2022;Appartement;;12
Marseille;13048;Jouques;peripherie;2022;Maison;;28
Marseille;13048;Jouques;peripherie;2023;Appartement;;4
Marseille;13048;Jouques;peripherie;2023;Maison;;16
Marseille;13048;Jouques;peripherie;2024;Appartement;;3
Marseille;13048;Jouques;peripherie;2024;Maison;;18
Marseille;13048;Jouques;peripherie;2025;Appartement;;7
Marseille;13048;Jouques;peripherie;2025;Maison;;25
Marseille;13049;Lamanon;peripherie;2021;Appartement;;2
Marseille;13049;Lamanon;peripherie;2021;Maison;;19
Marseille;13049;Lamanon;peripherie;2022;Appartement;;4
Marseille;13049;Lamanon;peripherie;2022;Maison;;13
Marseille;13049;Lamanon;peripherie;2023;Maison;;5
Marseille;13049;Lamanon;peripherie;2024;Maison;;15
Marseille;13049;Lamanon;peripherie;2025;Appartement;;3
Marseille;13049;Lamanon;peripherie;2025;Maison;;18
Marseille;13050;Lambesc;peripherie;2021;Appartement;3310.0;44
Marseille;13050;Lambesc;peripherie;2021;Maison;3695.0;94
Marseille;13050;Lambesc;peripherie;2022;Appartement;3628.0;38
Marseille;13050;Lambesc;peripherie;2022;Maison;3795.0;76
Marseille;13050;Lambesc;peripherie;2023;Appartement;;22
Marseille;13050;Lambesc;peripherie;2023;Maison;4225.0;65
Marseille;13050;Lambesc;peripherie;2024;Appartement;;22
Marseille;13050;Lambesc;peripherie;2024;Maison;4009.0;58
Marseille;13050;Lambesc;peripherie;2025;Appartement;3562.0;38
Marseille;13050;Lambesc;peripherie;2025;Maison;3752.0;64
Marseille;13051;Lançon-Provence;peripherie;2021;Appartement;3500.0;31
Marseille;13051;Lançon-Provence;peripherie;2021;Maison;3596.0;93
Marseille;13051;Lançon-Provence;peripherie;2022;Appartement;;28
Marseille;13051;Lançon-Provence;peripherie;2022;Maison;4023.0;93
Marseille;13051;Lançon-Provence;peripherie;2023;Appartement;;15
Marseille;13051;Lançon-Provence;peripherie;2023;Maison;4056.0;73
Marseille;13051;Lançon-Provence;peripherie;2024;Appartement;;20
Marseille;13051;Lançon-Provence;peripherie;2024;Maison;3793.0;57
Marseille;13051;Lançon-Provence;peripherie;2025;Appartement;3900.0;30
Marseille;13051;Lançon-Provence;peripherie;2025;Maison;3681.0;70
Marseille;13053;Mallemort;peripherie;2021;Appartement;3011.0;74
Marseille;13053;Mallemort;peripherie;2021;Maison;3494.0;114
Marseille;13053;Mallemort;peripherie;2022;Appartement;3344.0;99
Marseille;13053;Mallemort;peripherie;2022;Maison;3559.0;95
Marseille;13053;Mallemort;peripherie;2023;Appartement;3573.0;48
Marseille;13053;Mallemort;peripherie;2023;Maison;3698.0;69
Marseille;13053;Mallemort;peripherie;2024;Appartement;3492.0;44
Marseille;13053;Mallemort;peripherie;2024;Maison;3910.0;55
Marseille;13053;Mallemort;peripherie;2025;Appartement;3426.0;73
Marseille;13053;Mallemort;peripherie;2025;Maison;3525.0;78
Marseille;13054;Marignane;peripherie;2021;Appartement;2177.0;316
Marseille;13054;Marignane;peripherie;2021;Maison;3835.0;195
Marseille;13054;Marignane;peripherie;2022;Appartement;2353.0;333
Marseille;13054;Marignane;peripherie;2022;Maison;3854.0;170
Marseille;13054;Marignane;peripherie;2023;Appartement;2455.0;248
Marseille;13054;Marignane;peripherie;2023;Maison;4093.0;135
Marseille;13054;Marignane;peripherie;2024;Appartement;2301.0;199
Marseille;13054;Marignane;peripherie;2024;Maison;3636.0;125
Marseille;13054;Marignane;peripherie;2025;Appartement;2500.0;246
Marseille;13054;Marignane;peripherie;2025;Maison;3849.0;134
Marseille;13055;Marseille;centre;2021;Appartement;2836.0;13214
Marseille;13055;Marseille;centre;2021;Maison;4329.0;1856
Marseille;13055;Marseille;centre;2022;Appartement;3089.0;13233
Marseille;13055;Marseille;centre;2022;Maison;4783.0;1670
Marseille;13055;Marseille;centre;2023;Appartement;3167.0;10468
Marseille;13055;Marseille;centre;2023;Maison;5000.0;1260
Marseille;13055;Marseille;centre;2024;Appartement;3089.0;8909
Marseille;13055;Marseille;centre;2024;Maison;4643.0;1209
Marseille;13055;Marseille;centre;2025;Appartement;3214.0;10442
Marseille;13055;Marseille;centre;2025;Maison;4641.0;1420
Marseille;13056;Martigues;peripherie;2021;Appartement;2500.0;383
Marseille;13056;Martigues;peripherie;2021;Maison;3740.0;225
Marseille;13056;Martigues;peripherie;2022;Appartement;2715.0;384
Marseille;13056;Martigues;peripherie;2022;Maison;3996.0;199
Marseille;13056;Martigues;peripherie;2023;Appartement;2803.0;319
Marseille;13056;Martigues;peripherie;2023;Maison;4155.0;164
Marseille;13056;Martigues;peripherie;2024;Appartement;2562.0;285
Marseille;13056;Martigues;peripherie;2024;Maison;3874.0;173
Marseille;13056;Martigues;peripherie;2025;Appartement;2857.0;336
Marseille;13056;Martigues;peripherie;2025;Maison;3828.0;215
Marseille;13059;Meyrargues;peripherie;2021;Appartement;;12
Marseille;13059;Meyrargues;peripherie;2021;Maison;3500.0;33
Marseille;13059;Meyrargues;peripherie;2022;Appartement;;13
Marseille;13059;Meyrargues;peripherie;2022;Maison;;22
Marseille;13059;Meyrargues;peripherie;2023;Appartement;;13
Marseille;13059;Meyrargues;peripherie;2023;Maison;;9
Marseille;13059;Meyrargues;peripherie;2024;Appartement;;6
Marseille;13059;Meyrargues;peripherie;2024;Maison;;17
Marseille;13059;Meyrargues;peripherie;2025;Appartement;;12
Marseille;13059;Meyrargues;peripherie;2025;Maison;;22
Marseille;13060;Meyreuil;peripherie;2021;Appartement;;24
Marseille;13060;Meyreuil;peripherie;2021;Maison;;21
Marseille;13060;Meyreuil;peripherie;2022;Appartement;;22
Marseille;13060;Meyreuil;peripherie;2022;Maison;4872.0;31
Marseille;13060;Meyreuil;peripherie;2023;Appartement;;20
Marseille;13060;Meyreuil;peripherie;2023;Maison;4924.0;35
Marseille;13060;Meyreuil;peripherie;2024;Appartement;;24
Marseille;13060;Meyreuil;peripherie;2024;Maison;;22
Marseille;13060;Meyreuil;peripherie;2025;Appartement;4357.0;35
Marseille;13060;Meyreuil;peripherie;2025;Maison;4523.0;32
Marseille;13062;Mimet;peripherie;2021;Appartement;;3
Marseille;13062;Mimet;peripherie;2021;Maison;;24
Marseille;13062;Mimet;peripherie;2022;Appartement;;3
Marseille;13062;Mimet;peripherie;2022;Maison;4833.0;32
Marseille;13062;Mimet;peripherie;2023;Appartement;;3
Marseille;13062;Mimet;peripherie;2023;Maison;;28
Marseille;13062;Mimet;peripherie;2024;Maison;;20
Marseille;13062;Mimet;peripherie;2025;Appartement;;2
Marseille;13062;Mimet;peripherie;2025;Maison;;26
Marseille;13063;Miramas;peripherie;2021;Appartement;2282.0;174
Marseille;13063;Miramas;peripherie;2021;Maison;2925.0;162
Marseille;13063;Miramas;peripherie;2022;Appartement;2392.0;173
Marseille;13063;Miramas;peripherie;2022;Maison;3375.0;141
Marseille;13063;Miramas;peripherie;2023;Appartement;2252.0;158
Marseille;13063;Miramas;peripherie;2023;Maison;3082.0;95
Marseille;13063;Miramas;peripherie;2024;Appartement;2365.0;124
Marseille;13063;Miramas;peripherie;2024;Maison;3158.0;110
Marseille;13063;Miramas;peripherie;2025;Appartement;2429.0;142
Marseille;13063;Miramas;peripherie;2025;Maison;3050.0;102
Marseille;13069;Pélissanne;peripherie;2021;Appartement;3095.0;45
Marseille;13069;Pélissanne;peripherie;2021;Maison;3802.0;116
Marseille;13069;Pélissanne;peripherie;2022;Appartement;3195.0;44
Marseille;13069;Pélissanne;peripherie;2022;Maison;4074.0;99
Marseille;13069;Pélissanne;peripherie;2023;Appartement;3807.0;37
Marseille;13069;Pélissanne;peripherie;2023;Maison;4082.0;82
Marseille;13069;Pélissanne;peripherie;2024;Appartement;;29
Marseille;13069;Pélissanne;peripherie;2024;Maison;3697.0;87
Marseille;13069;Pélissanne;peripherie;2025;Appartement;;29
Marseille;13069;Pélissanne;peripherie;2025;Maison;3876.0;78
Marseille;13070;La Penne-sur-Huveaune;peripherie;2021;Appartement;;29
Marseille;13070;La Penne-sur-Huveaune;peripherie;2021;Maison;4364.0;34
Marseille;13070;La Penne-sur-Huveaune;peripherie;2022;Appartement;3582.0;33
Marseille;13070;La Penne-sur-Huveaune;peripherie;2022;Maison;4975.0;34
Marseille;13070;La Penne-sur-Huveaune;peripherie;2023;Appartement;;20
Marseille;13070;La Penne-sur-Huveaune;peripherie;2023;Maison;;29
Marseille;13070;La Penne-sur-Huveaune;peripherie;2024;Appartement;3158.0;30
Marseille;13070;La Penne-sur-Huveaune;peripherie;2024;Maison;;23
Marseille;13070;La Penne-sur-Huveaune;peripherie;2025;Appartement;3163.0;40
Marseille;13070;La Penne-sur-Huveaune;peripherie;2025;Maison;4559.0;31
Marseille;13071;Les Pennes-Mirabeau;peripherie;2021;Appartement;3253.0;76
Marseille;13071;Les Pennes-Mirabeau;peripherie;2021;Maison;4200.0;144
Marseille;13071;Les Pennes-Mirabeau;peripherie;2022;Appartement;3063.0;72
Marseille;13071;Les Pennes-Mirabeau;peripherie;2022;Maison;4291.0;153
Marseille;13071;Les Pennes-Mirabeau;peripherie;2023;Appartement;3393.0;71
Marseille;13071;Les Pennes-Mirabeau;peripherie;2023;Maison;4333.0;103
Marseille;13071;Les Pennes-Mirabeau;peripherie;2024;Appartement;3141.0;49
Marseille;13071;Les Pennes-Mirabeau;peripherie;2024;Maison;4104.0;113
Marseille;13071;Les Pennes-Mirabeau;peripherie;2025;Appartement;2938.0;82
Marseille;13071;Les Pennes-Mirabeau;peripherie;2025;Maison;4286.0;135
Marseille;13072;Peynier;peripherie;2021;Appartement;;3
Marseille;13072;Peynier;peripherie;2021;Maison;4217.0;32
Marseille;13072;Peynier;peripherie;2022;Appartement;;20
Marseille;13072;Peynier;peripherie;2022;Maison;;29
Marseille;13072;Peynier;peripherie;2023;Appartement;;12
Marseille;13072;Peynier;peripherie;2023;Maison;;19
Marseille;13072;Peynier;peripherie;2024;Appartement;;10
Marseille;13072;Peynier;peripherie;2024;Maison;;16
Marseille;13072;Peynier;peripherie;2025;Appartement;4044.0;32
Marseille;13072;Peynier;peripherie;2025;Maison;;27
Marseille;13073;Peypin;peripherie;2021;Appartement;;14
Marseille;13073;Peypin;peripherie;2021;Maison;4520.0;59
Marseille;13073;Peypin;peripherie;2022;Appartement;;11
Marseille;13073;Peypin;peripherie;2022;Maison;4663.0;37
Marseille;13073;Peypin;peripherie;2023;Appartement;;8
Marseille;13073;Peypin;peripherie;2023;Maison;5070.0;48
Marseille;13073;Peypin;peripherie;2024;Appartement;;11
Marseille;13073;Peypin;peripherie;2024;Maison;;25
Marseille;13073;Peypin;peripherie;2025;Appartement;;9
Marseille;13073;Peypin;peripherie;2025;Maison;4260.0;53
Marseille;13074;Peyrolles-en-Provence;peripherie;2021;Appartement;;25
Marseille;13074;Peyrolles-en-Provence;peripherie;2021;Maison;3601.0;43
Marseille;13074;Peyrolles-en-Provence;peripherie;2022;Appartement;;24
Marseille;13074;Peyrolles-en-Provence;peripherie;2022;Maison;3677.0;36
Marseille;13074;Peyrolles-en-Provence;peripherie;2023;Appartement;;12
Marseille;13074;Peyrolles-en-Provence;peripherie;2023;Maison;3817.0;32
Marseille;13074;Peyrolles-en-Provence;peripherie;2024;Appartement;;21
Marseille;13074;Peyrolles-en-Provence;peripherie;2024;Maison;3996.0;30
Marseille;13074;Peyrolles-en-Provence;peripherie;2025;Appartement;;14
Marseille;13074;Peyrolles-en-Provence;peripherie;2025;Maison;3076.0;31
Marseille;13075;Plan-de-Cuques;peripherie;2021;Appartement;3435.0;81
Marseille;13075;Plan-de-Cuques;peripherie;2021;Maison;4433.0;67
Marseille;13075;Plan-de-Cuques;peripherie;2022;Appartement;3643.0;80
Marseille;13075;Plan-de-Cuques;peripherie;2022;Maison;4941.0;82
Marseille;13075;Plan-de-Cuques;peripherie;2023;Appartement;3867.0;78
Marseille;13075;Plan-de-Cuques;peripherie;2023;Maison;5260.0;36
Marseille;13075;Plan-de-Cuques;peripherie;2024;Appartement;3652.0;65
Marseille;13075;Plan-de-Cuques;peripherie;2024;Maison;5145.0;64
Marseille;13075;Plan-de-Cuques;peripherie;2025;Appartement;3658.0;59
Marseille;13075;Plan-de-Cuques;peripherie;2025;Maison;4828.0;57
Marseille;13077;Port-de-Bouc;peripherie;2021;Appartement;1734.0;101
Marseille;13077;Port-de-Bouc;peripherie;2021;Maison;3195.0;105
Marseille;13077;Port-de-Bouc;peripherie;2022;Appartement;1917.0;97
Marseille;13077;Port-de-Bouc;peripherie;2022;Maison;3305.0;101
Marseille;13077;Port-de-Bouc;peripherie;2023;Appartement;1796.0;80
Marseille;13077;Port-de-Bouc;peripherie;2023;Maison;3250.0;71
Marseille;13077;Port-de-Bouc;peripherie;2024;Appartement;1936.0;66
Marseille;13077;Port-de-Bouc;peripherie;2024;Maison;3374.0;69
Marseille;13077;Port-de-Bouc;peripherie;2025;Appartement;1941.0;67
Marseille;13077;Port-de-Bouc;peripherie;2025;Maison;3291.0;73
Marseille;13078;Port-Saint-Louis-du-Rhône;peripherie;2021;Appartement;2148.0;36
Marseille;13078;Port-Saint-Louis-du-Rhône;peripherie;2021;Maison;2302.0;42
Marseille;13078;Port-Saint-Louis-du-Rhône;peripherie;2022;Appartement;2244.0;39
Marseille;13078;Port-Saint-Louis-du-Rhône;peripherie;2022;Maison;2564.0;49
Marseille;13078;Port-Saint-Louis-du-Rhône;peripherie;2023;Appartement;2333.0;31
Marseille;13078;Port-Saint-Louis-du-Rhône;peripherie;2023;Maison;2848.0;35
Marseille;13078;Port-Saint-Louis-du-Rhône;peripherie;2024;Appartement;;26
Marseille;13078;Port-Saint-Louis-du-Rhône;peripherie;2024;Maison;2568.0;36
Marseille;13078;Port-Saint-Louis-du-Rhône;peripherie;2025;Appartement;2429.0;31
Marseille;13078;Port-Saint-Louis-du-Rhône;peripherie;2025;Maison;2733.0;38
Marseille;13079;Puyloubier;peripherie;2021;Appartement;;1
Marseille;13079;Puyloubier;peripherie;2021;Maison;;12
Marseille;13079;Puyloubier;peripherie;2022;Appartement;;1
Marseille;13079;Puyloubier;peripherie;2022;Maison;;6
Marseille;13079;Puyloubier;peripherie;2023;Appartement;;2
Marseille;13079;Puyloubier;peripherie;2023;Maison;;10
Marseille;13079;Puyloubier;peripherie;2024;Appartement;;2
Marseille;13079;Puyloubier;peripherie;2024;Maison;;6
Marseille;13079;Puyloubier;peripherie;2025;Appartement;;4
Marseille;13079;Puyloubier;peripherie;2025;Maison;;6
Marseille;13080;Le Puy-Sainte-Réparade;peripherie;2021;Appartement;;12
Marseille;13080;Le Puy-Sainte-Réparade;peripherie;2021;Maison;3878.0;43
Marseille;13080;Le Puy-Sainte-Réparade;peripherie;2022;Appartement;;22
Marseille;13080;Le Puy-Sainte-Réparade;peripherie;2022;Maison;4180.0;36
Marseille;13080;Le Puy-Sainte-Réparade;peripherie;2023;Appartement;;15
Marseille;13080;Le Puy-Sainte-Réparade;peripherie;2023;Maison;4475.0;32
Marseille;13080;Le Puy-Sainte-Réparade;peripherie;2024;Appartement;;15
Marseille;13080;Le Puy-Sainte-Réparade;peripherie;2024;Maison;3937.0;31
Marseille;13080;Le Puy-Sainte-Réparade;peripherie;2025;Appartement;;16
Marseille;13080;Le Puy-Sainte-Réparade;peripherie;2025;Maison;3876.0;33
Marseille;13081;Rognac;peripherie;2021;Appartement;2542.0;36
Marseille;13081;Rognac;peripherie;2021;Maison;3583.0;86
Marseille;13081;Rognac;peripherie;2022;Appartement;2808.0;50
Marseille;13081;Rognac;peripherie;2022;Maison;3974.0;91
Marseille;13081;Rognac;peripherie;2023;Appartement;3021.0;40
Marseille;13081;Rognac;peripherie;2023;Maison;4074.0;92
Marseille;13081;Rognac;peripherie;2024;Appartement;2613.0;36
Marseille;13081;Rognac;peripherie;2024;Maison;3706.0;58
Marseille;13081;Rognac;peripherie;2025;Appartement;2976.0;53
Marseille;13081;Rognac;peripherie;2025;Maison;3750.0;79
Marseille;13082;Rognes;peripherie;2021;Appartement;;5
Marseille;13082;Rognes;peripherie;2021;Maison;;21
Marseille;13082;Rognes;peripherie;2022;Appartement;;4
Marseille;13082;Rognes;peripherie;2022;Maison;;19
Marseille;13082;Rognes;peripherie;2023;Appartement;;10
Marseille;13082;Rognes;peripherie;2023;Maison;;19
Marseille;13082;Rognes;peripherie;2024;Appartement;;1
Marseille;13082;Rognes;peripherie;2024;Maison;;13
Marseille;13082;Rognes;peripherie;2025;Appartement;;10
Marseille;13082;Rognes;peripherie;2025;Maison;;21
Marseille;13084;La Roque-d'Anthéron;peripherie;2021;Appartement;;10
Marseille;13084;La Roque-d'Anthéron;peripherie;2021;Maison;2788.0;53
Marseille;13084;La Roque-d'Anthéron;peripherie;2022;Appartement;;12
Marseille;13084;La Roque-d'Anthéron;peripherie;2022;Maison;3222.0;47
Marseille;13084;La Roque-d'Anthéron;peripherie;2023;Appartement;;12
Marseille;13084;La Roque-d'Anthéron;peripherie;2023;Maison;3273.0;32
Marseille;13084;La Roque-d'Anthéron;peripherie;2024;Appartement;;6
Marseille;13084;La Roque-d'Anthéron;peripherie;2024;Maison;3286.0;32
Marseille;13084;La Roque-d'Anthéron;peripherie;2025;Appartement;;6
Marseille;13084;La Roque-d'Anthéron;peripherie;2025;Maison;3476.0;36
Marseille;13085;Roquefort-la-Bédoule;peripherie;2021;Appartement;;24
Marseille;13085;Roquefort-la-Bédoule;peripherie;2021;Maison;4867.0;35
Marseille;13085;Roquefort-la-Bédoule;peripherie;2022;Appartement;;17
Marseille;13085;Roquefort-la-Bédoule;peripherie;2022;Maison;5153.0;35
Marseille;13085;Roquefort-la-Bédoule;peripherie;2023;Appartement;;15
Marseille;13085;Roquefort-la-Bédoule;peripherie;2023;Maison;;28
Marseille;13085;Roquefort-la-Bédoule;peripherie;2024;Appartement;;19
Marseille;13085;Roquefort-la-Bédoule;peripherie;2024;Maison;;19
Marseille;13085;Roquefort-la-Bédoule;peripherie;2025;Appartement;;22
Marseille;13085;Roquefort-la-Bédoule;peripherie;2025;Maison;;22
Marseille;13086;Roquevaire;peripherie;2021;Appartement;3055.0;32
Marseille;13086;Roquevaire;peripherie;2021;Maison;3904.0;42
Marseille;13086;Roquevaire;peripherie;2022;Appartement;;23
Marseille;13086;Roquevaire;peripherie;2022;Maison;;28
Marseille;13086;Roquevaire;peripherie;2023;Appartement;;22
Marseille;13086;Roquevaire;peripherie;2023;Maison;;22
Marseille;13086;Roquevaire;peripherie;2024;Appartement;;22
Marseille;13086;Roquevaire;peripherie;2024;Maison;;27
Marseille;13086;Roquevaire;peripherie;2025;Appartement;2911.0;32
Marseille;13086;Roquevaire;peripherie;2025;Maison;;29
Marseille;13087;Rousset;peripherie;2021;Appartement;;25
Marseille;13087;Rousset;peripherie;2021;Maison;3948.0;34
Marseille;13087;Rousset;peripherie;2022;Appartement;4226.0;42
Marseille;13087;Rousset;peripherie;2022;Maison;4851.0;35
Marseille;13087;Rousset;peripherie;2023;Appartement;;23
Marseille;13087;Rousset;peripherie;2023;Maison;;25
Marseille;13087;Rousset;peripherie;2024;Appartement;;26
Marseille;13087;Rousset;peripherie;2024;Maison;;23
Marseille;13087;Rousset;peripherie;2025;Appartement;;24
Marseille;13087;Rousset;peripherie;2025;Maison;3848.0;30
Marseille;13088;Le Rove;peripherie;2021;Appartement;;20
Marseille;13088;Le Rove;peripherie;2021;Maison;4459.0;38
Marseille;13088;Le Rove;peripherie;2022;Appartement;;20
Marseille;13088;Le Rove;peripherie;2022;Maison;4989.0;39
Marseille;13088;Le Rove;peripherie;2023;Appartement;;8
Marseille;13088;Le Rove;peripherie;2023;Maison;4433.0;30
Marseille;13088;Le Rove;peripherie;2024;Appartement;;15
Marseille;13088;Le Rove;peripherie;2024;Maison;;25
Marseille;13088;Le Rove;peripherie;2025;Appartement;;10
Marseille;13088;Le Rove;peripherie;2025;Maison;4971.0;32
Marseille;13090;Saint-Antonin-sur-Bayon;peripherie;2023;Maison;;1
Marseille;13090;Saint-Antonin-sur-Bayon;peripherie;2025;Maison;;2
Marseille;13091;Saint-Cannat;peripherie;2021;Appartement;;14
Marseille;13091;Saint-Cannat;peripherie;2021;Maison;4103.0;53
Marseille;13091;Saint-Cannat;peripherie;2022;Appartement;;11
Marseille;13091;Saint-Cannat;peripherie;2022;Maison;4337.0;35
Marseille;13091;Saint-Cannat;peripherie;2023;Appartement;;15
Marseille;13091;Saint-Cannat;peripherie;2023;Maison;4537.0;33
Marseille;13091;Saint-Cannat;peripherie;2024;Appartement;;11
Marseille;13091;Saint-Cannat;peripherie;2024;Maison;;24
Marseille;13091;Saint-Cannat;peripherie;2025;Appartement;;15
Marseille;13091;Saint-Cannat;peripherie;2025;Maison;4321.0;39
Marseille;13092;Saint-Chamas;peripherie;2021;Appartement;2780.0;66
Marseille;13092;Saint-Chamas;peripherie;2021;Maison;3407.0;67
Marseille;13092;Saint-Chamas;peripherie;2022;Appartement;2873.0;66
Marseille;13092;Saint-Chamas;peripherie;2022;Maison;3361.0;72
Marseille;13092;Saint-Chamas;peripherie;2023;Appartement;3012.0;53
Marseille;13092;Saint-Chamas;peripherie;2023;Maison;3564.0;45
Marseille;13092;Saint-Chamas;peripherie;2024;Appartement;2830.0;46
Marseille;13092;Saint-Chamas;peripherie;2024;Maison;3605.0;52
Marseille;13092;Saint-Chamas;peripherie;2025;Appartement;2600.0;44
Marseille;13092;Saint-Chamas;peripherie;2025;Maison;3581.0;62
Marseille;13093;Saint-Estève-Janson;peripherie;2021;Maison;;2
Marseille;13093;Saint-Estève-Janson;peripherie;2022;Maison;;1
Marseille;13093;Saint-Estève-Janson;peripherie;2023;Maison;;2
Marseille;13093;Saint-Estève-Janson;peripherie;2024;Maison;;1
Marseille;13093;Saint-Estève-Janson;peripherie;2025;Maison;;7
Marseille;13095;Saint-Marc-Jaumegarde;peripherie;2021;Maison;;16
Marseille;13095;Saint-Marc-Jaumegarde;peripherie;2022;Maison;;2
Marseille;13095;Saint-Marc-Jaumegarde;peripherie;2023;Maison;;4
Marseille;13095;Saint-Marc-Jaumegarde;peripherie;2024;Maison;;3
Marseille;13095;Saint-Marc-Jaumegarde;peripherie;2025;Maison;;7
Marseille;13098;Saint-Mitre-les-Remparts;peripherie;2021;Appartement;;6
Marseille;13098;Saint-Mitre-les-Remparts;peripherie;2021;Maison;3844.0;74
Marseille;13098;Saint-Mitre-les-Remparts;peripherie;2022;Appartement;;12
Marseille;13098;Saint-Mitre-les-Remparts;peripherie;2022;Maison;4286.0;68
Marseille;13098;Saint-Mitre-les-Remparts;peripherie;2023;Appartement;;9
Marseille;13098;Saint-Mitre-les-Remparts;peripherie;2023;Maison;4239.0;48
Marseille;13098;Saint-Mitre-les-Remparts;peripherie;2024;Appartement;;7
Marseille;13098;Saint-Mitre-les-Remparts;peripherie;2024;Maison;3980.0;32
Marseille;13098;Saint-Mitre-les-Remparts;peripherie;2025;Appartement;;8
Marseille;13098;Saint-Mitre-les-Remparts;peripherie;2025;Maison;3750.0;59
Marseille;13099;Saint-Paul-lès-Durance;peripherie;2021;Appartement;;8
Marseille;13099;Saint-Paul-lès-Durance;peripherie;2021;Maison;;11
Marseille;13099;Saint-Paul-lès-Durance;peripherie;2022;Appartement;;6
Marseille;13099;Saint-Paul-lès-Durance;peripherie;2022;Maison;;5
Marseille;13099;Saint-Paul-lès-Durance;peripherie;2023;Appartement;;3
Marseille;13099;Saint-Paul-lès-Durance;peripherie;2023;Maison;;3
Marseille;13099;Saint-Paul-lès-Durance;peripherie;2024;Appartement;;2
Marseille;13099;Saint-Paul-lès-Durance;peripherie;2024;Maison;;4
Marseille;13099;Saint-Paul-lès-Durance;peripherie;2025;Appartement;;2
Marseille;13099;Saint-Paul-lès-Durance;peripherie;2025;Maison;;6
Marseille;13101;Saint-Savournin;peripherie;2021;Appartement;;16
Marseille;13101;Saint-Savournin;peripherie;2021;Maison;;24
Marseille;13101;Saint-Savournin;peripherie;2022;Appartement;;7
Marseille;13101;Saint-Savournin;peripherie;2022;Maison;;12
Marseille;13101;Saint-Savournin;peripherie;2023;Appartement;;7
Marseille;13101;Saint-Savournin;peripherie;2023;Maison;;16
Marseille;13101;Saint-Savournin;peripherie;2024;Appartement;;13
Marseille;13101;Saint-Savournin;peripherie;2024;Maison;;14
Marseille;13101;Saint-Savournin;peripherie;2025;Appartement;;9
Marseille;13101;Saint-Savournin;peripherie;2025;Maison;;25
Marseille;13102;Saint-Victoret;peripherie;2021;Appartement;;24
Marseille;13102;Saint-Victoret;peripherie;2021;Maison;4030.0;39
Marseille;13102;Saint-Victoret;peripherie;2022;Appartement;;23
Marseille;13102;Saint-Victoret;peripherie;2022;Maison;3641.0;34
Marseille;13102;Saint-Victoret;peripherie;2023;Appartement;;15
Marseille;13102;Saint-Victoret;peripherie;2023;Maison;3768.0;30
Marseille;13102;Saint-Victoret;peripherie;2024;Appartement;;15
Marseille;13102;Saint-Victoret;peripherie;2024;Maison;4079.0;33
Marseille;13102;Saint-Victoret;peripherie;2025;Appartement;;9
Marseille;13102;Saint-Victoret;peripherie;2025;Maison;3860.0;35
Marseille;13103;Salon-de-Provence;peripherie;2021;Appartement;2571.0;523
Marseille;13103;Salon-de-Provence;peripherie;2021;Maison;3524.0;258
Marseille;13103;Salon-de-Provence;peripherie;2022;Appartement;2737.0;446
Marseille;13103;Salon-de-Provence;peripherie;2022;Maison;3987.0;229
Marseille;13103;Salon-de-Provence;peripherie;2023;Appartement;2777.0;414
Marseille;13103;Salon-de-Provence;peripherie;2023;Maison;3962.0;190
Marseille;13103;Salon-de-Provence;peripherie;2024;Appartement;2644.0;392
Marseille;13103;Salon-de-Provence;peripherie;2024;Maison;3738.0;164
Marseille;13103;Salon-de-Provence;peripherie;2025;Appartement;2962.0;410
Marseille;13103;Salon-de-Provence;peripherie;2025;Maison;3765.0;207
Marseille;13104;Sausset-les-Pins;peripherie;2021;Appartement;6571.0;87
Marseille;13104;Sausset-les-Pins;peripherie;2021;Maison;5556.0;75
Marseille;13104;Sausset-les-Pins;peripherie;2022;Appartement;6821.0;109
Marseille;13104;Sausset-les-Pins;peripherie;2022;Maison;6321.0;66
Marseille;13104;Sausset-les-Pins;peripherie;2023;Appartement;7136.0;53
Marseille;13104;Sausset-les-Pins;peripherie;2023;Maison;6077.0;57
Marseille;13104;Sausset-les-Pins;peripherie;2024;Appartement;6628.0;78
Marseille;13104;Sausset-les-Pins;peripherie;2024;Maison;6109.0;62
Marseille;13104;Sausset-les-Pins;peripherie;2025;Appartement;7051.0;76
Marseille;13104;Sausset-les-Pins;peripherie;2025;Maison;6372.0;64
Marseille;13105;Sénas;peripherie;2021;Appartement;;11
Marseille;13105;Sénas;peripherie;2021;Maison;3165.0;72
Marseille;13105;Sénas;peripherie;2022;Appartement;;15
Marseille;13105;Sénas;peripherie;2022;Maison;3248.0;68
Marseille;13105;Sénas;peripherie;2023;Appartement;;12
Marseille;13105;Sénas;peripherie;2023;Maison;3428.0;45
Marseille;13105;Sénas;peripherie;2024;Appartement;;7
Marseille;13105;Sénas;peripherie;2024;Maison;3460.0;43
Marseille;13105;Sénas;peripherie;2025;Appartement;;7
Marseille;13105;Sénas;peripherie;2025;Maison;3215.0;51
Marseille;13106;Septèmes-les-Vallons;peripherie;2021;Appartement;2676.0;65
Marseille;13106;Septèmes-les-Vallons;peripherie;2021;Maison;3544.0;75
Marseille;13106;Septèmes-les-Vallons;peripherie;2022;Appartement;2767.0;81
Marseille;13106;Septèmes-les-Vallons;peripherie;2022;Maison;3975.0;73
Marseille;13106;Septèmes-les-Vallons;peripherie;2023;Appartement;3152.0;45
Marseille;13106;Septèmes-les-Vallons;peripherie;2023;Maison;3875.0;59
Marseille;13106;Septèmes-les-Vallons;peripherie;2024;Appartement;2968.0;53
Marseille;13106;Septèmes-les-Vallons;peripherie;2024;Maison;3573.0;52
Marseille;13106;Septèmes-les-Vallons;peripherie;2025;Appartement;3167.0;69
Marseille;13106;Septèmes-les-Vallons;peripherie;2025;Maison;3622.0;64
Marseille;13107;Simiane-Collongue;peripherie;2021;Appartement;;10
Marseille;13107;Simiane-Collongue;peripherie;2021;Maison;4075.0;40
Marseille;13107;Simiane-Collongue;peripherie;2022;Appartement;;10
Marseille;13107;Simiane-Collongue;peripherie;2022;Maison;5238.0;35
Marseille;13107;Simiane-Collongue;peripherie;2023;Appartement;;6
Marseille;13107;Simiane-Collongue;peripherie;2023;Maison;;28
Marseille;13107;Simiane-Collongue;peripherie;2024;Appartement;;5
Marseille;13107;Simiane-Collongue;peripherie;2024;Maison;;16
Marseille;13107;Simiane-Collongue;peripherie;2025;Appartement;;2
Marseille;13107;Simiane-Collongue;peripherie;2025;Maison;4904.0;33
Marseille;13109;Le Tholonet;peripherie;2021;Appartement;;6
Marseille;13109;Le Tholonet;peripherie;2021;Maison;;6
Marseille;13109;Le Tholonet;peripherie;2022;Appartement;;14
Marseille;13109;Le Tholonet;peripherie;2022;Maison;;16
Marseille;13109;Le Tholonet;peripherie;2023;Appartement;;6
Marseille;13109;Le Tholonet;peripherie;2023;Maison;;10
Marseille;13109;Le Tholonet;peripherie;2024;Appartement;;10
Marseille;13109;Le Tholonet;peripherie;2024;Maison;;3
Marseille;13109;Le Tholonet;peripherie;2025;Appartement;;11
Marseille;13109;Le Tholonet;peripherie;2025;Maison;;15
Marseille;13110;Trets;peripherie;2021;Appartement;3462.0;43
Marseille;13110;Trets;peripherie;2021;Maison;3772.0;95
Marseille;13110;Trets;peripherie;2022;Appartement;3022.0;49
Marseille;13110;Trets;peripherie;2022;Maison;4127.0;81
Marseille;13110;Trets;peripherie;2023;Appartement;3283.0;36
Marseille;13110;Trets;peripherie;2023;Maison;4196.0;64
Marseille;13110;Trets;peripherie;2024;Appartement;3533.0;41
Marseille;13110;Trets;peripherie;2024;Maison;3799.0;66
Marseille;13110;Trets;peripherie;2025;Appartement;3362.0;43
Marseille;13110;Trets;peripherie;2025;Maison;4139.0;77
Marseille;13111;Vauvenargues;peripherie;2021;Appartement;;6
Marseille;13111;Vauvenargues;peripherie;2021;Maison;;5
Marseille;13111;Vauvenargues;peripherie;2022;Appartement;;5
Marseille;13111;Vauvenargues;peripherie;2022;Maison;;4
Marseille;13111;Vauvenargues;peripherie;2023;Appartement;;8
Marseille;13111;Vauvenargues;peripherie;2023;Maison;;3
Marseille;13111;Vauvenargues;peripherie;2024;Appartement;;4
Marseille;13111;Vauvenargues;peripherie;2024;Maison;;1
Marseille;13111;Vauvenargues;peripherie;2025;Appartement;;2
Marseille;13111;Vauvenargues;peripherie;2025;Maison;;4
Marseille;13112;Velaux;peripherie;2021;Appartement;;18
Marseille;13112;Velaux;peripherie;2021;Maison;4085.0;65
Marseille;13112;Velaux;peripherie;2022;Appartement;;14
Marseille;13112;Velaux;peripherie;2022;Maison;4648.0;63
Marseille;13112;Velaux;peripherie;2023;Appartement;;8
Marseille;13112;Velaux;peripherie;2023;Maison;4575.0;57
Marseille;13112;Velaux;peripherie;2024;Appartement;;9
Marseille;13112;Velaux;peripherie;2024;Maison;4540.0;60
Marseille;13112;Velaux;peripherie;2025;Appartement;;20
Marseille;13112;Velaux;peripherie;2025;Maison;4595.0;61
Marseille;13113;Venelles;peripherie;2021;Appartement;4130.0;33
Marseille;13113;Venelles;peripherie;2021;Maison;4279.0;70
Marseille;13113;Venelles;peripherie;2022;Appartement;4639.0;39
Marseille;13113;Venelles;peripherie;2022;Maison;4972.0;65
Marseille;13113;Venelles;peripherie;2023;Appartement;5333.0;31
Marseille;13113;Venelles;peripherie;2023;Maison;5280.0;47
Marseille;13113;Venelles;peripherie;2024;Appartement;;24
Marseille;13113;Venelles;peripherie;2024;Maison;5022.0;48
Marseille;13113;Venelles;peripherie;2025;Appartement;4740.0;33
Marseille;13113;Venelles;peripherie;2025;Maison;4755.0;53
Marseille;13114;Ventabren;peripherie;2021;Appartement;;11
Marseille;13114;Ventabren;peripherie;2021;Maison;4929.0;52
Marseille;13114;Ventabren;peripherie;2022;Appartement;;7
Marseille;13114;Ventabren;peripherie;2022;Maison;5619.0;55
Marseille;13114;Ventabren;peripherie;2023;Appartement;;13
Marseille;13114;Ventabren;peripherie;2023;Maison;4799.0;45
Marseille;13114;Ventabren;peripherie;2024;Appartement;;8
Marseille;13114;Ventabren;peripherie;2024;Maison;5403.0;32
Marseille;13114;Ventabren;peripherie;2025;Appartement;;26
Marseille;13114;Ventabren;peripherie;2025;Maison;5459.0;35
Marseille;13115;Vernègues;peripherie;2021;Appartement;;1
Marseille;13115;Vernègues;peripherie;2021;Maison;;24
Marseille;13115;Vernègues;peripherie;2022;Appartement;;2
Marseille;13115;Vernègues;peripherie;2022;Maison;;12
Marseille;13115;Vernègues;peripherie;2023;Appartement;;1
Marseille;13115;Vernègues;peripherie;2023;Maison;;11
Marseille;13115;Vernègues;peripherie;2024;Maison;;27
Marseille;13115;Vernègues;peripherie;2025;Appartement;;1
Marseille;13115;Vernègues;peripherie;2025;Maison;;17
Marseille;13117;Vitrolles;peripherie;2021;Appartement;2726.0;228
Marseille;13117;Vitrolles;peripherie;2021;Maison;3671.0;225
Marseille;13117;Vitrolles;peripherie;2022;Appartement;2790.0;244
Marseille;13117;Vitrolles;peripherie;2022;Maison;3996.0;156
Marseille;13117;Vitrolles;peripherie;2023;Appartement;3173.0;166
Marseille;13117;Vitrolles;peripherie;2023;Maison;4010.0;140
Marseille;13117;Vitrolles;peripherie;2024;Appartement;3000.0;195
Marseille;13117;Vitrolles;peripherie;2024;Maison;3789.0;124
Marseille;13117;Vitrolles;peripherie;2025;Appartement;2831.0;246
Marseille;13117;Vitrolles;peripherie;2025;Maison;3926.0;139
Marseille;13118;Coudoux;peripherie;2021;Appartement;;5
Marseille;13118;Coudoux;peripherie;2021;Maison;4149.0;37
Marseille;13118;Coudoux;peripherie;2022;Appartement;;9
Marseille;13118;Coudoux;peripherie;2022;Maison;4597.0;37
Marseille;13118;Coudoux;peripherie;2023;Appartement;;7
Marseille;13118;Coudoux;peripherie;2023;Maison;;29
Marseille;13118;Coudoux;peripherie;2024;Appartement;;8
Marseille;13118;Coudoux;peripherie;2024;Maison;;19
Marseille;13118;Coudoux;peripherie;2025;Appartement;;9
Marseille;13118;Coudoux;peripherie;2025;Maison;;27
Marseille;13119;Carnoux-en-Provence;peripherie;2021;Appartement;3378.0;57
Marseille;13119;Carnoux-en-Provence;peripherie;2021;Maison;4894.0;48
Marseille;13119;Carnoux-en-Provence;peripherie;2022;Appartement;3532.0;56
Marseille;13119;Carnoux-en-Provence;peripherie;2022;Maison;5031.0;48
Marseille;13119;Carnoux-en-Provence;peripherie;2023;Appartement;3426.0;34
Marseille;13119;Carnoux-en-Provence;peripherie;2023;Maison;5556.0;37
Marseille;13119;Carnoux-en-Provence;peripherie;2024;Appartement;3513.0;43
Marseille;13119;Carnoux-en-Provence;peripherie;2024;Maison;4953.0;36
Marseille;13119;Carnoux-en-Provence;peripherie;2025;Appartement;3571.0;37
Marseille;13119;Carnoux-en-Provence;peripherie;2025;Maison;;26
Marseille;83120;Saint-Zacharie;peripherie;2021;Appartement;;25
Marseille;83120;Saint-Zacharie;peripherie;2021;Maison;3823.0;36
Marseille;83120;Saint-Zacharie;peripherie;2022;Appartement;3673.0;40
Marseille;83120;Saint-Zacharie;peripherie;2022;Maison;;26
Marseille;83120;Saint-Zacharie;peripherie;2023;Appartement;;24
Marseille;83120;Saint-Zacharie;peripherie;2023;Maison;;22
Marseille;83120;Saint-Zacharie;peripherie;2024;Appartement;;25
Marseille;83120;Saint-Zacharie;peripherie;2024;Maison;;18
Marseille;83120;Saint-Zacharie;peripherie;2025;Appartement;;26
Marseille;83120;Saint-Zacharie;peripherie;2025;Maison;;28
Marseille;84089;Pertuis;peripherie;2021;Appartement;2658.0;184
Marseille;84089;Pertuis;peripherie;2021;Maison;3342.0;174
Marseille;84089;Pertuis;peripherie;2022;Appartement;2821.0;150
Marseille;84089;Pertuis;peripherie;2022;Maison;3639.0;166
Marseille;84089;Pertuis;peripherie;2023;Appartement;3168.0;128
Marseille;84089;Pertuis;peripherie;2023;Maison;3671.0;115
Marseille;84089;Pertuis;peripherie;2024;Appartement;3192.0;90
Marseille;84089;Pertuis;peripherie;2024;Maison;3493.0;130
Marseille;84089;Pertuis;peripherie;2025;Appartement;3012.0;123
Marseille;84089;Pertuis;peripherie;2025;Maison;3492.0;148
Montpellier;34022;Baillargues;peripherie;2021;Appartement;;25
Montpellier;34022;Baillargues;peripherie;2021;Maison;3704.0;104
Montpellier;34022;Baillargues;peripherie;2022;Appartement;3649.0;36
Montpellier;34022;Baillargues;peripherie;2022;Maison;4109.0;72
Montpellier;34022;Baillargues;peripherie;2023;Appartement;3781.0;34
Montpellier;34022;Baillargues;peripherie;2023;Maison;4318.0;51
Montpellier;34022;Baillargues;peripherie;2024;Appartement;3627.0;32
Montpellier;34022;Baillargues;peripherie;2024;Maison;3910.0;56
Montpellier;34022;Baillargues;peripherie;2025;Appartement;3669.0;36
Montpellier;34022;Baillargues;peripherie;2025;Maison;3955.0;87
Montpellier;34027;Beaulieu;peripherie;2021;Maison;;22
Montpellier;34027;Beaulieu;peripherie;2022;Appartement;;1
Montpellier;34027;Beaulieu;peripherie;2022;Maison;;15
Montpellier;34027;Beaulieu;peripherie;2023;Appartement;;2
Montpellier;34027;Beaulieu;peripherie;2023;Maison;;13
Montpellier;34027;Beaulieu;peripherie;2024;Maison;;13
Montpellier;34027;Beaulieu;peripherie;2025;Maison;;18
Montpellier;34057;Castelnau-le-Lez;peripherie;2021;Appartement;3579.0;294
Montpellier;34057;Castelnau-le-Lez;peripherie;2021;Maison;4463.0;130
Montpellier;34057;Castelnau-le-Lez;peripherie;2022;Appartement;3833.0;335
Montpellier;34057;Castelnau-le-Lez;peripherie;2022;Maison;4646.0;134
Montpellier;34057;Castelnau-le-Lez;peripherie;2023;Appartement;3864.0;304
Montpellier;34057;Castelnau-le-Lez;peripherie;2023;Maison;4785.0;115
Montpellier;34057;Castelnau-le-Lez;peripherie;2024;Appartement;3792.0;225
Montpellier;34057;Castelnau-le-Lez;peripherie;2024;Maison;4642.0;99
Montpellier;34057;Castelnau-le-Lez;peripherie;2025;Appartement;3855.0;294
Montpellier;34057;Castelnau-le-Lez;peripherie;2025;Maison;4503.0;106
Montpellier;34058;Castries;peripherie;2021;Appartement;;10
Montpellier;34058;Castries;peripherie;2021;Maison;3819.0;71
Montpellier;34058;Castries;peripherie;2022;Appartement;;22
Montpellier;34058;Castries;peripherie;2022;Maison;3890.0;70
Montpellier;34058;Castries;peripherie;2023;Appartement;;14
Montpellier;34058;Castries;peripherie;2023;Maison;4025.0;50
Montpellier;34058;Castries;peripherie;2024;Appartement;;14
Montpellier;34058;Castries;peripherie;2024;Maison;3838.0;51
Montpellier;34058;Castries;peripherie;2025;Appartement;;12
Montpellier;34058;Castries;peripherie;2025;Maison;3728.0;42
Montpellier;34077;Clapiers;peripherie;2021;Appartement;;18
Montpellier;34077;Clapiers;peripherie;2021;Maison;3922.0;49
Montpellier;34077;Clapiers;peripherie;2022;Appartement;;13
Montpellier;34077;Clapiers;peripherie;2022;Maison;4479.0;34
Montpellier;34077;Clapiers;peripherie;2023;Appartement;;12
Montpellier;34077;Clapiers;peripherie;2023;Maison;;24
Montpellier;34077;Clapiers;peripherie;2024;Appartement;;6
Montpellier;34077;Clapiers;peripherie;2024;Maison;4302.0;32
Montpellier;34077;Clapiers;peripherie;2025;Appartement;;12
Montpellier;34077;Clapiers;peripherie;2025;Maison;4034.0;36
Montpellier;34087;Cournonsec;peripherie;2021;Appartement;;12
Montpellier;34087;Cournonsec;peripherie;2021;Maison;3339.0;34
Montpellier;34087;Cournonsec;peripherie;2022;Appartement;;5
Montpellier;34087;Cournonsec;peripherie;2022;Maison;3757.0;33
Montpellier;34087;Cournonsec;peripherie;2023;Appartement;;4
Montpellier;34087;Cournonsec;peripherie;2023;Maison;;14
Montpellier;34087;Cournonsec;peripherie;2024;Appartement;;4
Montpellier;34087;Cournonsec;peripherie;2024;Maison;;28
Montpellier;34087;Cournonsec;peripherie;2025;Appartement;;4
Montpellier;34087;Cournonsec;peripherie;2025;Maison;;27
Montpellier;34088;Cournonterral;peripherie;2021;Appartement;;12
Montpellier;34088;Cournonterral;peripherie;2021;Maison;3244.0;73
Montpellier;34088;Cournonterral;peripherie;2022;Appartement;;17
Montpellier;34088;Cournonterral;peripherie;2022;Maison;3567.0;67
Montpellier;34088;Cournonterral;peripherie;2023;Appartement;;6
Montpellier;34088;Cournonterral;peripherie;2023;Maison;3646.0;62
Montpellier;34088;Cournonterral;peripherie;2024;Appartement;;13
Montpellier;34088;Cournonterral;peripherie;2024;Maison;3146.0;39
Montpellier;34088;Cournonterral;peripherie;2025;Appartement;;11
Montpellier;34088;Cournonterral;peripherie;2025;Maison;3388.0;67
Montpellier;34090;Le Crès;peripherie;2021;Appartement;3880.0;37
Montpellier;34090;Le Crès;peripherie;2021;Maison;3766.0;68
Montpellier;34090;Le Crès;peripherie;2022;Appartement;4119.0;44
Montpellier;34090;Le Crès;peripherie;2022;Maison;4023.0;85
Montpellier;34090;Le Crès;peripherie;2023;Appartement;4267.0;39
Montpellier;34090;Le Crès;peripherie;2023;Maison;4239.0;77
Montpellier;34090;Le Crès;peripherie;2024;Appartement;;28
Montpellier;34090;Le Crès;peripherie;2024;Maison;3704.0;57
Montpellier;34090;Le Crès;peripherie;2025;Appartement;4158.0;47
Montpellier;34090;Le Crès;peripherie;2025;Maison;3842.0;66
Montpellier;34095;Fabrègues;peripherie;2021;Appartement;;27
Montpellier;34095;Fabrègues;peripherie;2021;Maison;3528.0;72
Montpellier;34095;Fabrègues;peripherie;2022;Appartement;;27
Montpellier;34095;Fabrègues;peripherie;2022;Maison;3797.0;66
Montpellier;34095;Fabrègues;peripherie;2023;Appartement;;23
Montpellier;34095;Fabrègues;peripherie;2023;Maison;3861.0;54
Montpellier;34095;Fabrègues;peripherie;2024;Appartement;;17
Montpellier;34095;Fabrègues;peripherie;2024;Maison;3750.0;48
Montpellier;34095;Fabrègues;peripherie;2025;Appartement;;28
Montpellier;34095;Fabrègues;peripherie;2025;Maison;3692.0;58
Montpellier;34116;Grabels;peripherie;2021;Appartement;2890.0;110
Montpellier;34116;Grabels;peripherie;2021;Maison;3574.0;58
Montpellier;34116;Grabels;peripherie;2022;Appartement;3065.0;114
Montpellier;34116;Grabels;peripherie;2022;Maison;3846.0;52
Montpellier;34116;Grabels;peripherie;2023;Appartement;3081.0;77
Montpellier;34116;Grabels;peripherie;2023;Maison;3617.0;42
Montpellier;34116;Grabels;peripherie;2024;Appartement;3184.0;68
Montpellier;34116;Grabels;peripherie;2024;Maison;4088.0;35
Montpellier;34116;Grabels;peripherie;2025;Appartement;3182.0;95
Montpellier;34116;Grabels;peripherie;2025;Maison;;28
Montpellier;34120;Jacou;peripherie;2021;Appartement;3754.0;30
Montpellier;34120;Jacou;peripherie;2021;Maison;3972.0;60
Montpellier;34120;Jacou;peripherie;2022;Appartement;3944.0;48
Montpellier;34120;Jacou;peripherie;2022;Maison;4105.0;54
Montpellier;34120;Jacou;peripherie;2023;Appartement;4089.0;32
Montpellier;34120;Jacou;peripherie;2023;Maison;4065.0;34
Montpellier;34120;Jacou;peripherie;2024;Appartement;;29
Montpellier;34120;Jacou;peripherie;2024;Maison;4023.0;37
Montpellier;34120;Jacou;peripherie;2025;Appartement;;20
Montpellier;34120;Jacou;peripherie;2025;Maison;4024.0;39
Montpellier;34123;Juvignac;peripherie;2021;Appartement;3139.0;81
Montpellier;34123;Juvignac;peripherie;2021;Maison;3141.0;141
Montpellier;34123;Juvignac;peripherie;2022;Appartement;3261.0;80
Montpellier;34123;Juvignac;peripherie;2022;Maison;3503.0;110
Montpellier;34123;Juvignac;peripherie;2023;Appartement;3338.0;71
Montpellier;34123;Juvignac;peripherie;2023;Maison;3684.0;108
Montpellier;34123;Juvignac;peripherie;2024;Appartement;3143.0;73
Montpellier;34123;Juvignac;peripherie;2024;Maison;3498.0;62
Montpellier;34123;Juvignac;peripherie;2025;Appartement;3061.0;101
Montpellier;34123;Juvignac;peripherie;2025;Maison;3254.0;85
Montpellier;34129;Lattes;peripherie;2021;Appartement;4286.0;167
Montpellier;34129;Lattes;peripherie;2021;Maison;4545.0;125
Montpellier;34129;Lattes;peripherie;2022;Appartement;4553.0;143
Montpellier;34129;Lattes;peripherie;2022;Maison;4789.0;106
Montpellier;34129;Lattes;peripherie;2023;Appartement;4842.0;115
Montpellier;34129;Lattes;peripherie;2023;Maison;4695.0;89
Montpellier;34129;Lattes;peripherie;2024;Appartement;4641.0;104
Montpellier;34129;Lattes;peripherie;2024;Maison;4429.0;95
Montpellier;34129;Lattes;peripherie;2025;Appartement;4658.0;141
Montpellier;34129;Lattes;peripherie;2025;Maison;4541.0;122
Montpellier;34134;Lavérune;peripherie;2021;Appartement;;9
Montpellier;34134;Lavérune;peripherie;2021;Maison;;24
Montpellier;34134;Lavérune;peripherie;2022;Appartement;;11
Montpellier;34134;Lavérune;peripherie;2022;Maison;3672.0;30
Montpellier;34134;Lavérune;peripherie;2023;Appartement;;5
Montpellier;34134;Lavérune;peripherie;2023;Maison;;21
Montpellier;34134;Lavérune;peripherie;2024;Appartement;;14
Montpellier;34134;Lavérune;peripherie;2024;Maison;;21
Montpellier;34134;Lavérune;peripherie;2025;Appartement;;5
Montpellier;34134;Lavérune;peripherie;2025;Maison;;23
Montpellier;34164;Montaud;peripherie;2021;Appartement;;1
Montpellier;34164;Montaud;peripherie;2021;Maison;;8
Montpellier;34164;Montaud;peripherie;2022;Maison;;4
Montpellier;34164;Montaud;peripherie;2023;Maison;;2
Montpellier;34164;Montaud;peripherie;2024;Maison;;2
Montpellier;34164;Montaud;peripherie;2025;Maison;;1
Montpellier;34169;Montferrier-sur-Lez;peripherie;2021;Appartement;;6
Montpellier;34169;Montferrier-sur-Lez;peripherie;2021;Maison;4366.0;30
Montpellier;34169;Montferrier-sur-Lez;peripherie;2022;Appartement;;12
Montpellier;34169;Montferrier-sur-Lez;peripherie;2022;Maison;;26
Montpellier;34169;Montferrier-sur-Lez;peripherie;2023;Appartement;;11
Montpellier;34169;Montferrier-sur-Lez;peripherie;2023;Maison;;12
Montpellier;34169;Montferrier-sur-Lez;peripherie;2024;Appartement;;10
Montpellier;34169;Montferrier-sur-Lez;peripherie;2024;Maison;;15
Montpellier;34169;Montferrier-sur-Lez;peripherie;2025;Appartement;;16
Montpellier;34169;Montferrier-sur-Lez;peripherie;2025;Maison;;13
Montpellier;34172;Montpellier;centre;2021;Appartement;3158.0;4992
Montpellier;34172;Montpellier;centre;2021;Maison;3667.0;578
Montpellier;34172;Montpellier;centre;2022;Appartement;3371.0;5138
Montpellier;34172;Montpellier;centre;2022;Maison;4039.0;538
Montpellier;34172;Montpellier;centre;2023;Appartement;3432.0;4125
Montpellier;34172;Montpellier;centre;2023;Maison;4078.0;444
Montpellier;34172;Montpellier;centre;2024;Appartement;3304.0;3555
Montpellier;34172;Montpellier;centre;2024;Maison;4014.0;386
Montpellier;34172;Montpellier;centre;2025;Appartement;3397.0;4095
Montpellier;34172;Montpellier;centre;2025;Maison;3783.0;444
Montpellier;34179;Murviel-lès-Montpellier;peripherie;2021;Appartement;;1
Montpellier;34179;Murviel-lès-Montpellier;peripherie;2021;Maison;;21
Montpellier;34179;Murviel-lès-Montpellier;peripherie;2022;Appartement;;2
Montpellier;34179;Murviel-lès-Montpellier;peripherie;2022;Maison;;17
Montpellier;34179;Murviel-lès-Montpellier;peripherie;2023;Appartement;;2
Montpellier;34179;Murviel-lès-Montpellier;peripherie;2023;Maison;;13
Montpellier;34179;Murviel-lès-Montpellier;peripherie;2024;Appartement;;1
Montpellier;34179;Murviel-lès-Montpellier;peripherie;2024;Maison;;7
Montpellier;34179;Murviel-lès-Montpellier;peripherie;2025;Appartement;;2
Montpellier;34179;Murviel-lès-Montpellier;peripherie;2025;Maison;;17
Montpellier;34198;Pérols;peripherie;2021;Appartement;4128.0;30
Montpellier;34198;Pérols;peripherie;2021;Maison;4437.0;92
Montpellier;34198;Pérols;peripherie;2022;Appartement;4413.0;32
Montpellier;34198;Pérols;peripherie;2022;Maison;4677.0;114
Montpellier;34198;Pérols;peripherie;2023;Appartement;;27
Montpellier;34198;Pérols;peripherie;2023;Maison;4862.0;86
Montpellier;34198;Pérols;peripherie;2024;Appartement;;23
Montpellier;34198;Pérols;peripherie;2024;Maison;4491.0;89
Montpellier;34198;Pérols;peripherie;2025;Appartement;4257.0;31
Montpellier;34198;Pérols;peripherie;2025;Maison;4689.0;88
Montpellier;34202;Pignan;peripherie;2021;Appartement;3205.0;44
Montpellier;34202;Pignan;peripherie;2021;Maison;3270.0;72
Montpellier;34202;Pignan;peripherie;2022;Appartement;3484.0;40
Montpellier;34202;Pignan;peripherie;2022;Maison;3646.0;63
Montpellier;34202;Pignan;peripherie;2023;Appartement;;22
Montpellier;34202;Pignan;peripherie;2023;Maison;3819.0;55
Montpellier;34202;Pignan;peripherie;2024;Appartement;;20
Montpellier;34202;Pignan;peripherie;2024;Maison;3743.0;42
Montpellier;34202;Pignan;peripherie;2025;Appartement;;25
Montpellier;34202;Pignan;peripherie;2025;Maison;3593.0;72
Montpellier;34217;Prades-le-Lez;peripherie;2021;Appartement;;25
Montpellier;34217;Prades-le-Lez;peripherie;2021;Maison;3959.0;62
Montpellier;34217;Prades-le-Lez;peripherie;2022;Appartement;;21
Montpellier;34217;Prades-le-Lez;peripherie;2022;Maison;4032.0;59
Montpellier;34217;Prades-le-Lez;peripherie;2023;Appartement;;21
Montpellier;34217;Prades-le-Lez;peripherie;2023;Maison;4141.0;32
Montpellier;34217;Prades-le-Lez;peripherie;2024;Appartement;;11
Montpellier;34217;Prades-le-Lez;peripherie;2024;Maison;;27
Montpellier;34217;Prades-le-Lez;peripherie;2025;Appartement;;21
Montpellier;34217;Prades-le-Lez;peripherie;2025;Maison;3663.0;35
Montpellier;34227;Restinclières;peripherie;2021;Appartement;;4
Montpellier;34227;Restinclières;peripherie;2021;Maison;;29
Montpellier;34227;Restinclières;peripherie;2022;Appartement;;3
Montpellier;34227;Restinclières;peripherie;2022;Maison;;24
Montpellier;34227;Restinclières;peripherie;2023;Appartement;;5
Montpellier;34227;Restinclières;peripherie;2023;Maison;;23
Montpellier;34227;Restinclières;peripherie;2024;Appartement;;3
Montpellier;34227;Restinclières;peripherie;2024;Maison;;12
Montpellier;34227;Restinclières;peripherie;2025;Appartement;;6
Montpellier;34227;Restinclières;peripherie;2025;Maison;;13
Montpellier;34244;Saint-Brès;peripherie;2021;Appartement;;17
Montpellier;34244;Saint-Brès;peripherie;2021;Maison;3670.0;32
Montpellier;34244;Saint-Brès;peripherie;2022;Appartement;;25
Montpellier;34244;Saint-Brès;peripherie;2022;Maison;;26
Montpellier;34244;Saint-Brès;peripherie;2023;Appartement;;19
Montpellier;34244;Saint-Brès;peripherie;2023;Maison;;23
Montpellier;34244;Saint-Brès;peripherie;2024;Appartement;;11
Montpellier;34244;Saint-Brès;peripherie;2024;Maison;;21
Montpellier;34244;Saint-Brès;peripherie;2025;Appartement;2774.0;65
Montpellier;34244;Saint-Brès;peripherie;2025;Maison;;21
Montpellier;34249;Saint-Drézéry;peripherie;2021;Appartement;;4
Montpellier;34249;Saint-Drézéry;peripherie;2021;Maison;;24
Montpellier;34249;Saint-Drézéry;peripherie;2022;Appartement;;4
Montpellier;34249;Saint-Drézéry;peripherie;2022;Maison;3918.0;30
Montpellier;34249;Saint-Drézéry;peripherie;2023;Appartement;;2
Montpellier;34249;Saint-Drézéry;peripherie;2023;Maison;;16
Montpellier;34249;Saint-Drézéry;peripherie;2024;Appartement;;2
Montpellier;34249;Saint-Drézéry;peripherie;2024;Maison;;17
Montpellier;34249;Saint-Drézéry;peripherie;2025;Appartement;;4
Montpellier;34249;Saint-Drézéry;peripherie;2025;Maison;;16
Montpellier;34256;Saint-Geniès-des-Mourgues;peripherie;2021;Appartement;;1
Montpellier;34256;Saint-Geniès-des-Mourgues;peripherie;2021;Maison;;20
Montpellier;34256;Saint-Geniès-des-Mourgues;peripherie;2022;Appartement;;4
Montpellier;34256;Saint-Geniès-des-Mourgues;peripherie;2022;Maison;;15
Montpellier;34256;Saint-Geniès-des-Mourgues;peripherie;2023;Appartement;;2
Montpellier;34256;Saint-Geniès-des-Mourgues;peripherie;2023;Maison;;20
Montpellier;34256;Saint-Geniès-des-Mourgues;peripherie;2024;Appartement;;1
Montpellier;34256;Saint-Geniès-des-Mourgues;peripherie;2024;Maison;;10
Montpellier;34256;Saint-Geniès-des-Mourgues;peripherie;2025;Appartement;;1
Montpellier;34256;Saint-Geniès-des-Mourgues;peripherie;2025;Maison;;11
Montpellier;34259;Saint-Georges-d'Orques;peripherie;2021;Appartement;;15
Montpellier;34259;Saint-Georges-d'Orques;peripherie;2021;Maison;3301.0;41
Montpellier;34259;Saint-Georges-d'Orques;peripherie;2022;Appartement;;27
Montpellier;34259;Saint-Georges-d'Orques;peripherie;2022;Maison;3551.0;39
Montpellier;34259;Saint-Georges-d'Orques;peripherie;2023;Appartement;;24
Montpellier;34259;Saint-Georges-d'Orques;peripherie;2023;Maison;;28
Montpellier;34259;Saint-Georges-d'Orques;peripherie;2024;Appartement;1705.0;41
Montpellier;34259;Saint-Georges-d'Orques;peripherie;2024;Maison;;17
Montpellier;34259;Saint-Georges-d'Orques;peripherie;2025;Appartement;;20
Montpellier;34259;Saint-Georges-d'Orques;peripherie;2025;Maison;;29
Montpellier;34270;Saint-Jean-de-Védas;peripherie;2021;Appartement;3902.0;58
Montpellier;34270;Saint-Jean-de-Védas;peripherie;2021;Maison;3922.0;88
Montpellier;34270;Saint-Jean-de-Védas;peripherie;2022;Appartement;3969.0;79
Montpellier;34270;Saint-Jean-de-Védas;peripherie;2022;Maison;4296.0;83
Montpellier;34270;Saint-Jean-de-Védas;peripherie;2023;Appartement;4110.0;43
Montpellier;34270;Saint-Jean-de-Védas;peripherie;2023;Maison;4272.0;72
Montpellier;34270;Saint-Jean-de-Védas;peripherie;2024;Appartement;3898.0;55
Montpellier;34270;Saint-Jean-de-Védas;peripherie;2024;Maison;4181.0;70
Montpellier;34270;Saint-Jean-de-Védas;peripherie;2025;Appartement;4057.0;64
Montpellier;34270;Saint-Jean-de-Védas;peripherie;2025;Maison;4037.0;78
Montpellier;34295;Saussan;peripherie;2021;Appartement;;1
Montpellier;34295;Saussan;peripherie;2021;Maison;;18
Montpellier;34295;Saussan;peripherie;2022;Maison;;18
Montpellier;34295;Saussan;peripherie;2023;Appartement;;4
Montpellier;34295;Saussan;peripherie;2023;Maison;3132.0;36
Montpellier;34295;Saussan;peripherie;2024;Appartement;;2
Montpellier;34295;Saussan;peripherie;2024;Maison;;16
Montpellier;34295;Saussan;peripherie;2025;Maison;;17
Montpellier;34307;Sussargues;peripherie;2021;Appartement;;5
Montpellier;34307;Sussargues;peripherie;2021;Maison;;22
Montpellier;34307;Sussargues;peripherie;2022;Appartement;;4
Montpellier;34307;Sussargues;peripherie;2022;Maison;;19
Montpellier;34307;Sussargues;peripherie;2023;Appartement;;2
Montpellier;34307;Sussargues;peripherie;2023;Maison;;15
Montpellier;34307;Sussargues;peripherie;2024;Appartement;;4
Montpellier;34307;Sussargues;peripherie;2024;Maison;;12
Montpellier;34307;Sussargues;peripherie;2025;Appartement;;6
Montpellier;34307;Sussargues;peripherie;2025;Maison;;9
Montpellier;34327;Vendargues;peripherie;2021;Appartement;;23
Montpellier;34327;Vendargues;peripherie;2021;Maison;3740.0;69
Montpellier;34327;Vendargues;peripherie;2022;Appartement;;18
Montpellier;34327;Vendargues;peripherie;2022;Maison;4030.0;59
Montpellier;34327;Vendargues;peripherie;2023;Appartement;;21
Montpellier;34327;Vendargues;peripherie;2023;Maison;4179.0;43
Montpellier;34327;Vendargues;peripherie;2024;Appartement;;15
Montpellier;34327;Vendargues;peripherie;2024;Maison;4030.0;30
Montpellier;34327;Vendargues;peripherie;2025;Appartement;;16
Montpellier;34327;Vendargues;peripherie;2025;Maison;3882.0;59
Montpellier;34337;Villeneuve-lès-Maguelone;peripherie;2021;Appartement;3092.0;31
Montpellier;34337;Villeneuve-lès-Maguelone;peripherie;2021;Maison;3986.0;99
Montpellier;34337;Villeneuve-lès-Maguelone;peripherie;2022;Appartement;3078.0;32
Montpellier;34337;Villeneuve-lès-Maguelone;peripherie;2022;Maison;4126.0;82
Montpellier;34337;Villeneuve-lès-Maguelone;peripherie;2023;Appartement;;19
Montpellier;34337;Villeneuve-lès-Maguelone;peripherie;2023;Maison;4123.0;70
Montpellier;34337;Villeneuve-lès-Maguelone;peripherie;2024;Appartement;;14
Montpellier;34337;Villeneuve-lès-Maguelone;peripherie;2024;Maison;4019.0;52
Montpellier;34337;Villeneuve-lès-Maguelone;peripherie;2025;Appartement;;29
Montpellier;34337;Villeneuve-lès-Maguelone;peripherie;2025;Maison;3890.0;45
Nantes;44009;Basse-Goulaine;peripherie;2021;Appartement;;20
Nantes;44009;Basse-Goulaine;peripherie;2021;Maison;3566.0;74
Nantes;44009;Basse-Goulaine;peripherie;2022;Appartement;;12
Nantes;44009;Basse-Goulaine;peripherie;2022;Maison;3964.0;64
Nantes;44009;Basse-Goulaine;peripherie;2023;Appartement;;12
Nantes;44009;Basse-Goulaine;peripherie;2023;Maison;3702.0;58
Nantes;44009;Basse-Goulaine;peripherie;2024;Appartement;;7
Nantes;44009;Basse-Goulaine;peripherie;2024;Maison;3287.0;50
Nantes;44009;Basse-Goulaine;peripherie;2025;Appartement;;14
Nantes;44009;Basse-Goulaine;peripherie;2025;Maison;3384.0;60
Nantes;44018;Bouaye;peripherie;2021;Appartement;;25
Nantes;44018;Bouaye;peripherie;2021;Maison;3071.0;97
Nantes;44018;Bouaye;peripherie;2022;Appartement;;17
Nantes;44018;Bouaye;peripherie;2022;Maison;3307.0;87
Nantes;44018;Bouaye;peripherie;2023;Appartement;;11
Nantes;44018;Bouaye;peripherie;2023;Maison;3209.0;46
Nantes;44018;Bouaye;peripherie;2024;Appartement;;13
Nantes;44018;Bouaye;peripherie;2024;Maison;3168.0;43
Nantes;44018;Bouaye;peripherie;2025;Appartement;;28
Nantes;44018;Bouaye;peripherie;2025;Maison;3025.0;67
Nantes;44020;Bouguenais;peripherie;2021;Appartement;3210.0;80
Nantes;44020;Bouguenais;peripherie;2021;Maison;3136.0;235
Nantes;44020;Bouguenais;peripherie;2022;Appartement;3236.0;83
Nantes;44020;Bouguenais;peripherie;2022;Maison;3333.0;222
Nantes;44020;Bouguenais;peripherie;2023;Appartement;3500.0;55
Nantes;44020;Bouguenais;peripherie;2023;Maison;3197.0;126
Nantes;44020;Bouguenais;peripherie;2024;Appartement;3074.0;38
Nantes;44020;Bouguenais;peripherie;2024;Maison;2874.0;133
Nantes;44020;Bouguenais;peripherie;2025;Appartement;3183.0;48
Nantes;44020;Bouguenais;peripherie;2025;Maison;2872.0;164
Nantes;44024;Brains;peripherie;2021;Appartement;;1
Nantes;44024;Brains;peripherie;2021;Maison;2799.0;30
Nantes;44024;Brains;peripherie;2022;Maison;;26
Nantes;44024;Brains;peripherie;2023;Maison;;18
Nantes;44024;Brains;peripherie;2024;Maison;;19
Nantes;44024;Brains;peripherie;2025;Maison;;23
Nantes;44026;Carquefou;peripherie;2021;Appartement;3185.0;91
Nantes;44026;Carquefou;peripherie;2021;Maison;3532.0;171
Nantes;44026;Carquefou;peripherie;2022;Appartement;3313.0;88
Nantes;44026;Carquefou;peripherie;2022;Maison;3632.0;144
Nantes;44026;Carquefou;peripherie;2023;Appartement;3722.0;65
Nantes;44026;Carquefou;peripherie;2023;Maison;3535.0;117
Nantes;44026;Carquefou;peripherie;2024;Appartement;3479.0;74
Nantes;44026;Carquefou;peripherie;2024;Maison;3234.0;99
Nantes;44026;Carquefou;peripherie;2025;Appartement;3162.0;89
Nantes;44026;Carquefou;peripherie;2025;Maison;3348.0;122
Nantes;44035;La Chapelle-sur-Erdre;peripherie;2021;Appartement;3246.0;61
Nantes;44035;La Chapelle-sur-Erdre;peripherie;2021;Maison;3602.0;153
Nantes;44035;La Chapelle-sur-Erdre;peripherie;2022;Appartement;3750.0;76
Nantes;44035;La Chapelle-sur-Erdre;peripherie;2022;Maison;3870.0;135
Nantes;44035;La Chapelle-sur-Erdre;peripherie;2023;Appartement;3506.0;64
Nantes;44035;La Chapelle-sur-Erdre;peripherie;2023;Maison;3671.0;131
Nantes;44035;La Chapelle-sur-Erdre;peripherie;2024;Appartement;3434.0;62
Nantes;44035;La Chapelle-sur-Erdre;peripherie;2024;Maison;3451.0;94
Nantes;44035;La Chapelle-sur-Erdre;peripherie;2025;Appartement;3344.0;61
Nantes;44035;La Chapelle-sur-Erdre;peripherie;2025;Maison;3325.0;125
Nantes;44047;Couëron;peripherie;2021;Appartement;3014.0;94
Nantes;44047;Couëron;peripherie;2021;Maison;3267.0;263
Nantes;44047;Couëron;peripherie;2022;Appartement;3281.0;125
Nantes;44047;Couëron;peripherie;2022;Maison;3211.0;270
Nantes;44047;Couëron;peripherie;2023;Appartement;3041.0;101
Nantes;44047;Couëron;peripherie;2023;Maison;3332.0;182
Nantes;44047;Couëron;peripherie;2024;Appartement;3105.0;74
Nantes;44047;Couëron;peripherie;2024;Maison;3191.0;160
Nantes;44047;Couëron;peripherie;2025;Appartement;3030.0;87
Nantes;44047;Couëron;peripherie;2025;Maison;3047.0;200
Nantes;44074;Indre;peripherie;2021;Appartement;;18
Nantes;44074;Indre;peripherie;2021;Maison;3452.0;55
Nantes;44074;Indre;peripherie;2022;Appartement;2992.0;31
Nantes;44074;Indre;peripherie;2022;Maison;3620.0;52
Nantes;44074;Indre;peripherie;2023;Appartement;;19
Nantes;44074;Indre;peripherie;2023;Maison;3556.0;38
Nantes;44074;Indre;peripherie;2024;Appartement;;9
Nantes;44074;Indre;peripherie;2024;Maison;3047.0;41
Nantes;44074;Indre;peripherie;2025;Appartement;;19
Nantes;44074;Indre;peripherie;2025;Maison;3176.0;38
Nantes;44094;Mauves-sur-Loire;peripherie;2021;Maison;2623.0;39
Nantes;44094;Mauves-sur-Loire;peripherie;2022;Maison;;23
Nantes;44094;Mauves-sur-Loire;peripherie;2023;Appartement;;4
Nantes;44094;Mauves-sur-Loire;peripherie;2023;Maison;;16
Nantes;44094;Mauves-sur-Loire;peripherie;2024;Appartement;;10
Nantes;44094;Mauves-sur-Loire;peripherie;2024;Maison;;19
Nantes;44094;Mauves-sur-Loire;peripherie;2025;Appartement;;11
Nantes;44094;Mauves-sur-Loire;peripherie;2025;Maison;;22
Nantes;44101;La Montagne;peripherie;2021;Appartement;;8
Nantes;44101;La Montagne;peripherie;2021;Maison;3023.0;97
Nantes;44101;La Montagne;peripherie;2022;Appartement;;6
Nantes;44101;La Montagne;peripherie;2022;Maison;3096.0;96
Nantes;44101;La Montagne;peripherie;2023;Appartement;;7
Nantes;44101;La Montagne;peripherie;2023;Maison;3170.0;56
Nantes;44101;La Montagne;peripherie;2024;Appartement;;11
Nantes;44101;La Montagne;peripherie;2024;Maison;2996.0;40
Nantes;44101;La Montagne;peripherie;2025;Appartement;;10
Nantes;44101;La Montagne;peripherie;2025;Maison;2912.0;72
Nantes;44109;Nantes;centre;2021;Appartement;3831.0;5079
Nantes;44109;Nantes;centre;2021;Maison;4467.0;1391
Nantes;44109;Nantes;centre;2022;Appartement;3882.0;5059
Nantes;44109;Nantes;centre;2022;Maison;4720.0;1298
Nantes;44109;Nantes;centre;2023;Appartement;3718.0;3973
Nantes;44109;Nantes;centre;2023;Maison;4634.0;924
Nantes;44109;Nantes;centre;2024;Appartement;3438.0;3383
Nantes;44109;Nantes;centre;2024;Maison;4142.0;862
Nantes;44109;Nantes;centre;2025;Appartement;3390.0;3975
Nantes;44109;Nantes;centre;2025;Maison;4115.0;1008
Nantes;44114;Orvault;peripherie;2021;Appartement;2811.0;188
Nantes;44114;Orvault;peripherie;2021;Maison;3733.0;260
Nantes;44114;Orvault;peripherie;2022;Appartement;2618.0;169
Nantes;44114;Orvault;peripherie;2022;Maison;4000.0;213
Nantes;44114;Orvault;peripherie;2023;Appartement;2912.0;126
Nantes;44114;Orvault;peripherie;2023;Maison;3784.0;177
Nantes;44114;Orvault;peripherie;2024;Appartement;2727.0;141
Nantes;44114;Orvault;peripherie;2024;Maison;3399.0;190
Nantes;44114;Orvault;peripherie;2025;Appartement;3001.0;147
Nantes;44114;Orvault;peripherie;2025;Maison;3461.0;192
Nantes;44120;Le Pellerin;peripherie;2021;Appartement;;5
Nantes;44120;Le Pellerin;peripherie;2021;Maison;2825.0;62
Nantes;44120;Le Pellerin;peripherie;2022;Appartement;;11
Nantes;44120;Le Pellerin;peripherie;2022;Maison;2982.0;53
Nantes;44120;Le Pellerin;peripherie;2023;Appartement;;7
Nantes;44120;Le Pellerin;peripherie;2023;Maison;2873.0;46
Nantes;44120;Le Pellerin;peripherie;2024;Appartement;;2
Nantes;44120;Le Pellerin;peripherie;2024;Maison;2580.0;50
Nantes;44120;Le Pellerin;peripherie;2025;Appartement;;10
Nantes;44120;Le Pellerin;peripherie;2025;Maison;2578.0;35
Nantes;44143;Rezé;peripherie;2021;Appartement;2788.0;397
Nantes;44143;Rezé;peripherie;2021;Maison;3701.0;363
Nantes;44143;Rezé;peripherie;2022;Appartement;2914.0;423
Nantes;44143;Rezé;peripherie;2022;Maison;3980.0;347
Nantes;44143;Rezé;peripherie;2023;Appartement;2752.0;316
Nantes;44143;Rezé;peripherie;2023;Maison;3659.0;300
Nantes;44143;Rezé;peripherie;2024;Appartement;2561.0;296
Nantes;44143;Rezé;peripherie;2024;Maison;3364.0;268
Nantes;44143;Rezé;peripherie;2025;Appartement;2658.0;337
Nantes;44143;Rezé;peripherie;2025;Maison;3346.0;325
Nantes;44150;Saint-Aignan-Grandlieu;peripherie;2021;Maison;2707.0;33
Nantes;44150;Saint-Aignan-Grandlieu;peripherie;2022;Maison;3033.0;40
Nantes;44150;Saint-Aignan-Grandlieu;peripherie;2023;Maison;;23
Nantes;44150;Saint-Aignan-Grandlieu;peripherie;2024;Maison;;25
Nantes;44150;Saint-Aignan-Grandlieu;peripherie;2025;Appartement;;1
Nantes;44150;Saint-Aignan-Grandlieu;peripherie;2025;Maison;;22
Nantes;44162;Saint-Herblain;peripherie;2021;Appartement;2566.0;553
Nantes;44162;Saint-Herblain;peripherie;2021;Maison;3529.0;345
Nantes;44162;Saint-Herblain;peripherie;2022;Appartement;2644.0;585
Nantes;44162;Saint-Herblain;peripherie;2022;Maison;3576.0;302
Nantes;44162;Saint-Herblain;peripherie;2023;Appartement;2776.0;513
Nantes;44162;Saint-Herblain;peripherie;2023;Maison;3494.0;205
Nantes;44162;Saint-Herblain;peripherie;2024;Appartement;2571.0;447
Nantes;44162;Saint-Herblain;peripherie;2024;Maison;3155.0;194
Nantes;44162;Saint-Herblain;peripherie;2025;Appartement;2556.0;455
Nantes;44162;Saint-Herblain;peripherie;2025;Maison;3120.0;252
Nantes;44166;Saint-Jean-de-Boiseau;peripherie;2021;Maison;3013.0;62
Nantes;44166;Saint-Jean-de-Boiseau;peripherie;2022;Appartement;;3
Nantes;44166;Saint-Jean-de-Boiseau;peripherie;2022;Maison;3159.0;64
Nantes;44166;Saint-Jean-de-Boiseau;peripherie;2023;Appartement;;3
Nantes;44166;Saint-Jean-de-Boiseau;peripherie;2023;Maison;3104.0;50
Nantes;44166;Saint-Jean-de-Boiseau;peripherie;2024;Appartement;;7
Nantes;44166;Saint-Jean-de-Boiseau;peripherie;2024;Maison;2750.0;47
Nantes;44166;Saint-Jean-de-Boiseau;peripherie;2025;Appartement;;2
Nantes;44166;Saint-Jean-de-Boiseau;peripherie;2025;Maison;2846.0;52
Nantes;44171;Saint-Léger-les-Vignes;peripherie;2021;Maison;;21
Nantes;44171;Saint-Léger-les-Vignes;peripherie;2022;Maison;;20
Nantes;44171;Saint-Léger-les-Vignes;peripherie;2023;Maison;;12
Nantes;44171;Saint-Léger-les-Vignes;peripherie;2024;Maison;;14
Nantes;44171;Saint-Léger-les-Vignes;peripherie;2025;Appartement;;1
Nantes;44171;Saint-Léger-les-Vignes;peripherie;2025;Maison;;10
Nantes;44172;Sainte-Luce-sur-Loire;peripherie;2021;Appartement;3277.0;75
Nantes;44172;Sainte-Luce-sur-Loire;peripherie;2021;Maison;3502.0;142
Nantes;44172;Sainte-Luce-sur-Loire;peripherie;2022;Appartement;3767.0;70
Nantes;44172;Sainte-Luce-sur-Loire;peripherie;2022;Maison;3617.0;147
Nantes;44172;Sainte-Luce-sur-Loire;peripherie;2023;Appartement;3352.0;118
Nantes;44172;Sainte-Luce-sur-Loire;peripherie;2023;Maison;3600.0;102
Nantes;44172;Sainte-Luce-sur-Loire;peripherie;2024;Appartement;3356.0;50
Nantes;44172;Sainte-Luce-sur-Loire;peripherie;2024;Maison;3263.0;104
Nantes;44172;Sainte-Luce-sur-Loire;peripherie;2025;Appartement;3237.0;54
Nantes;44172;Sainte-Luce-sur-Loire;peripherie;2025;Maison;3238.0;118
Nantes;44190;Saint-Sébastien-sur-Loire;peripherie;2021;Appartement;3238.0;200
Nantes;44190;Saint-Sébastien-sur-Loire;peripherie;2021;Maison;3759.0;292
Nantes;44190;Saint-Sébastien-sur-Loire;peripherie;2022;Appartement;3506.0;232
Nantes;44190;Saint-Sébastien-sur-Loire;peripherie;2022;Maison;3971.0;227
Nantes;44190;Saint-Sébastien-sur-Loire;peripherie;2023;Appartement;3333.0;187
Nantes;44190;Saint-Sébastien-sur-Loire;peripherie;2023;Maison;3855.0;207
Nantes;44190;Saint-Sébastien-sur-Loire;peripherie;2024;Appartement;3286.0;159
Nantes;44190;Saint-Sébastien-sur-Loire;peripherie;2024;Maison;3404.0;194
Nantes;44190;Saint-Sébastien-sur-Loire;peripherie;2025;Appartement;3269.0;232
Nantes;44190;Saint-Sébastien-sur-Loire;peripherie;2025;Maison;3403.0;210
Nantes;44194;Sautron;peripherie;2021;Appartement;;28
Nantes;44194;Sautron;peripherie;2021;Maison;3653.0;58
Nantes;44194;Sautron;peripherie;2022;Appartement;;27
Nantes;44194;Sautron;peripherie;2022;Maison;3911.0;58
Nantes;44194;Sautron;peripherie;2023;Appartement;;27
Nantes;44194;Sautron;peripherie;2023;Maison;4012.0;56
Nantes;44194;Sautron;peripherie;2024;Appartement;;28
Nantes;44194;Sautron;peripherie;2024;Maison;3427.0;35
Nantes;44194;Sautron;peripherie;2025;Appartement;3600.0;33
Nantes;44194;Sautron;peripherie;2025;Maison;3562.0;56
Nantes;44198;Les Sorinières;peripherie;2021;Appartement;;28
Nantes;44198;Les Sorinières;peripherie;2021;Maison;3268.0;84
Nantes;44198;Les Sorinières;peripherie;2022;Appartement;3537.0;35
Nantes;44198;Les Sorinières;peripherie;2022;Maison;3428.0;86
Nantes;44198;Les Sorinières;peripherie;2023;Appartement;;21
Nantes;44198;Les Sorinières;peripherie;2023;Maison;3517.0;74
Nantes;44198;Les Sorinières;peripherie;2024;Appartement;3073.0;34
Nantes;44198;Les Sorinières;peripherie;2024;Maison;3213.0;68
Nantes;44198;Les Sorinières;peripherie;2025;Appartement;;25
Nantes;44198;Les Sorinières;peripherie;2025;Maison;3097.0;82
Nantes;44204;Thouaré-sur-Loire;peripherie;2021;Appartement;3308.0;47
Nantes;44204;Thouaré-sur-Loire;peripherie;2021;Maison;3299.0;90
Nantes;44204;Thouaré-sur-Loire;peripherie;2022;Appartement;3530.0;36
Nantes;44204;Thouaré-sur-Loire;peripherie;2022;Maison;3511.0;89
Nantes;44204;Thouaré-sur-Loire;peripherie;2023;Appartement;3508.0;34
Nantes;44204;Thouaré-sur-Loire;peripherie;2023;Maison;3562.0;73
Nantes;44204;Thouaré-sur-Loire;peripherie;2024;Appartement;;23
Nantes;44204;Thouaré-sur-Loire;peripherie;2024;Maison;3294.0;57
Nantes;44204;Thouaré-sur-Loire;peripherie;2025;Appartement;3219.0;46
Nantes;44204;Thouaré-sur-Loire;peripherie;2025;Maison;3129.0;66
Nantes;44215;Vertou;peripherie;2021;Appartement;3714.0;67
Nantes;44215;Vertou;peripherie;2021;Maison;3753.0;287
Nantes;44215;Vertou;peripherie;2022;Appartement;3787.0;84
Nantes;44215;Vertou;peripherie;2022;Maison;3901.0;258
Nantes;44215;Vertou;peripherie;2023;Appartement;3598.0;66
Nantes;44215;Vertou;peripherie;2023;Maison;3671.0;197
Nantes;44215;Vertou;peripherie;2024;Appartement;3466.0;56
Nantes;44215;Vertou;peripherie;2024;Maison;3453.0;230
Nantes;44215;Vertou;peripherie;2025;Appartement;3472.0;81
Nantes;44215;Vertou;peripherie;2025;Maison;3348.0;225
Nice;06006;Aspremont;peripherie;2021;Appartement;;6
Nice;06006;Aspremont;peripherie;2021;Maison;;9
Nice;06006;Aspremont;peripherie;2022;Appartement;;5
Nice;06006;Aspremont;peripherie;2022;Maison;;10
Nice;06006;Aspremont;peripherie;2023;Appartement;;3
Nice;06006;Aspremont;peripherie;2023;Maison;;8
Nice;06006;Aspremont;peripherie;2024;Appartement;;5
Nice;06006;Aspremont;peripherie;2024;Maison;;13
Nice;06006;Aspremont;peripherie;2025;Appartement;;5
Nice;06006;Aspremont;peripherie;2025;Maison;;12
Nice;06009;Bairols;peripherie;2021;Maison;;2
Nice;06009;Bairols;peripherie;2022;Appartement;;1
Nice;06009;Bairols;peripherie;2022;Maison;;1
Nice;06009;Bairols;peripherie;2024;Maison;;1
Nice;06011;Beaulieu-sur-Mer;peripherie;2021;Appartement;6307.0;114
Nice;06011;Beaulieu-sur-Mer;peripherie;2021;Maison;;5
Nice;06011;Beaulieu-sur-Mer;peripherie;2022;Appartement;6885.0;145
Nice;06011;Beaulieu-sur-Mer;peripherie;2022;Maison;;13
Nice;06011;Beaulieu-sur-Mer;peripherie;2023;Appartement;8009.0;101
Nice;06011;Beaulieu-sur-Mer;peripherie;2023;Maison;;5
Nice;06011;Beaulieu-sur-Mer;peripherie;2024;Appartement;7786.0;102
Nice;06011;Beaulieu-sur-Mer;peripherie;2024;Maison;;5
Nice;06011;Beaulieu-sur-Mer;peripherie;2025;Appartement;8500.0;113
Nice;06011;Beaulieu-sur-Mer;peripherie;2025;Maison;;4
Nice;06013;Belvédère;peripherie;2021;Appartement;;10
Nice;06013;Belvédère;peripherie;2021;Maison;;8
Nice;06013;Belvédère;peripherie;2022;Appartement;;18
Nice;06013;Belvédère;peripherie;2022;Maison;;9
Nice;06013;Belvédère;peripherie;2023;Appartement;;12
Nice;06013;Belvédère;peripherie;2023;Maison;;4
Nice;06013;Belvédère;peripherie;2024;Appartement;;14
Nice;06013;Belvédère;peripherie;2024;Maison;;11
Nice;06013;Belvédère;peripherie;2025;Appartement;;7
Nice;06013;Belvédère;peripherie;2025;Maison;;6
Nice;06020;La Bollène-Vésubie;peripherie;2021;Appartement;;10
Nice;06020;La Bollène-Vésubie;peripherie;2021;Maison;;7
Nice;06020;La Bollène-Vésubie;peripherie;2022;Appartement;;7
Nice;06020;La Bollène-Vésubie;peripherie;2022;Maison;;3
Nice;06020;La Bollène-Vésubie;peripherie;2023;Appartement;;9
Nice;06020;La Bollène-Vésubie;peripherie;2023;Maison;;7
Nice;06020;La Bollène-Vésubie;peripherie;2024;Appartement;;5
Nice;06020;La Bollène-Vésubie;peripherie;2024;Maison;;3
Nice;06020;La Bollène-Vésubie;peripherie;2025;Appartement;;7
Nice;06020;La Bollène-Vésubie;peripherie;2025;Maison;;2
Nice;06021;Bonson;peripherie;2021;Appartement;;3
Nice;06021;Bonson;peripherie;2021;Maison;;5
Nice;06021;Bonson;peripherie;2022;Appartement;;1
Nice;06021;Bonson;peripherie;2022;Maison;;4
Nice;06021;Bonson;peripherie;2023;Appartement;;4
Nice;06021;Bonson;peripherie;2023;Maison;;6
Nice;06021;Bonson;peripherie;2024;Appartement;;2
Nice;06021;Bonson;peripherie;2024;Maison;;4
Nice;06021;Bonson;peripherie;2025;Appartement;;1
Nice;06021;Bonson;peripherie;2025;Maison;;6
Nice;06025;Le Broc;peripherie;2021;Appartement;;12
Nice;06025;Le Broc;peripherie;2021;Maison;;3
Nice;06025;Le Broc;peripherie;2022;Appartement;;11
Nice;06025;Le Broc;peripherie;2022;Maison;;6
Nice;06025;Le Broc;peripherie;2023;Appartement;;4
Nice;06025;Le Broc;peripherie;2023;Maison;;3
Nice;06025;Le Broc;peripherie;2024;Appartement;;6
Nice;06025;Le Broc;peripherie;2024;Maison;;3
Nice;06025;Le Broc;peripherie;2025;Appartement;;11
Nice;06025;Le Broc;peripherie;2025;Maison;;5
Nice;06027;Cagnes-sur-Mer;peripherie;2021;Appartement;4191.0;1056
Nice;06027;Cagnes-sur-Mer;peripherie;2021;Maison;5122.0;144
Nice;06027;Cagnes-sur-Mer;peripherie;2022;Appartement;4377.0;1060
Nice;06027;Cagnes-sur-Mer;peripherie;2022;Maison;5879.0;160
Nice;06027;Cagnes-sur-Mer;peripherie;2023;Appartement;4539.0;897
Nice;06027;Cagnes-sur-Mer;peripherie;2023;Maison;5540.0;108
Nice;06027;Cagnes-sur-Mer;peripherie;2024;Appartement;4661.0;730
Nice;06027;Cagnes-sur-Mer;peripherie;2024;Maison;6261.0;103
Nice;06027;Cagnes-sur-Mer;peripherie;2025;Appartement;4788.0;851
Nice;06027;Cagnes-sur-Mer;peripherie;2025;Maison;5789.0;98
Nice;06032;Cap-d'Ail;peripherie;2021;Appartement;7536.0;89
Nice;06032;Cap-d'Ail;peripherie;2021;Maison;;6
Nice;06032;Cap-d'Ail;peripherie;2022;Appartement;8271.0;98
Nice;06032;Cap-d'Ail;peripherie;2022;Maison;;8
Nice;06032;Cap-d'Ail;peripherie;2023;Appartement;7464.0;82
Nice;06032;Cap-d'Ail;peripherie;2023;Maison;;8
Nice;06032;Cap-d'Ail;peripherie;2024;Appartement;7953.0;64
Nice;06032;Cap-d'Ail;peripherie;2024;Maison;;4
Nice;06032;Cap-d'Ail;peripherie;2025;Appartement;7500.0;75
Nice;06032;Cap-d'Ail;peripherie;2025;Maison;;5
Nice;06033;Carros;peripherie;2021;Appartement;2787.0;85
Nice;06033;Carros;peripherie;2021;Maison;4000.0;39
Nice;06033;Carros;peripherie;2022;Appartement;3750.0;63
Nice;06033;Carros;peripherie;2022;Maison;;22
Nice;06033;Carros;peripherie;2023;Appartement;3770.0;81
Nice;06033;Carros;peripherie;2023;Maison;;26
Nice;06033;Carros;peripherie;2024;Appartement;3600.0;75
Nice;06033;Carros;peripherie;2024;Maison;;20
Nice;06033;Carros;peripherie;2025;Appartement;3368.0;102
Nice;06033;Carros;peripherie;2025;Maison;;28
Nice;06034;Castagniers;peripherie;2021;Maison;;6
Nice;06034;Castagniers;peripherie;2022;Appartement;;2
Nice;06034;Castagniers;peripherie;2022;Maison;;3
Nice;06034;Castagniers;peripherie;2023;Appartement;;2
Nice;06034;Castagniers;peripherie;2023;Maison;;2
Nice;06034;Castagniers;peripherie;2024;Appartement;;2
Nice;06034;Castagniers;peripherie;2024;Maison;;3
Nice;06034;Castagniers;peripherie;2025;Appartement;;2
Nice;06034;Castagniers;peripherie;2025;Maison;;8
Nice;06039;Châteauneuf-Villevieille;peripherie;2021;Appartement;;1
Nice;06039;Châteauneuf-Villevieille;peripherie;2021;Maison;;2
Nice;06039;Châteauneuf-Villevieille;peripherie;2022;Appartement;;2
Nice;06039;Châteauneuf-Villevieille;peripherie;2022;Maison;;2
Nice;06039;Châteauneuf-Villevieille;peripherie;2023;Maison;;1
Nice;06039;Châteauneuf-Villevieille;peripherie;2024;Appartement;;2
Nice;06039;Châteauneuf-Villevieille;peripherie;2024;Maison;;6
Nice;06039;Châteauneuf-Villevieille;peripherie;2025;Appartement;;3
Nice;06039;Châteauneuf-Villevieille;peripherie;2025;Maison;;7
Nice;06042;Clans;peripherie;2021;Appartement;;2
Nice;06042;Clans;peripherie;2021;Maison;;12
Nice;06042;Clans;peripherie;2022;Appartement;;1
Nice;06042;Clans;peripherie;2022;Maison;;7
Nice;06042;Clans;peripherie;2023;Appartement;;2
Nice;06042;Clans;peripherie;2023;Maison;;5
Nice;06042;Clans;peripherie;2024;Appartement;;3
Nice;06042;Clans;peripherie;2024;Maison;;6
Nice;06042;Clans;peripherie;2025;Appartement;;3
Nice;06042;Clans;peripherie;2025;Maison;;9
Nice;06046;Colomars;peripherie;2021;Appartement;;5
Nice;06046;Colomars;peripherie;2021;Maison;;15
Nice;06046;Colomars;peripherie;2022;Appartement;;10
Nice;06046;Colomars;peripherie;2022;Maison;;11
Nice;06046;Colomars;peripherie;2023;Appartement;;4
Nice;06046;Colomars;peripherie;2023;Maison;;9
Nice;06046;Colomars;peripherie;2024;Appartement;;2
Nice;06046;Colomars;peripherie;2024;Maison;;7
Nice;06046;Colomars;peripherie;2025;Appartement;;6
Nice;06046;Colomars;peripherie;2025;Maison;;10
Nice;06054;Drap;peripherie;2021;Appartement;;28
Nice;06054;Drap;peripherie;2021;Maison;;18
Nice;06054;Drap;peripherie;2022;Appartement;;21
Nice;06054;Drap;peripherie;2022;Maison;;15
Nice;06054;Drap;peripherie;2023;Appartement;;19
Nice;06054;Drap;peripherie;2023;Maison;;12
Nice;06054;Drap;peripherie;2024;Appartement;;16
Nice;06054;Drap;peripherie;2024;Maison;;7
Nice;06054;Drap;peripherie;2025;Appartement;3088.0;34
Nice;06054;Drap;peripherie;2025;Maison;;8
Nice;06055;Duranus;peripherie;2021;Maison;;3
Nice;06055;Duranus;peripherie;2022;Appartement;;1
Nice;06055;Duranus;peripherie;2022;Maison;;1
Nice;06055;Duranus;peripherie;2023;Appartement;;1
Nice;06055;Duranus;peripherie;2024;Appartement;;3
Nice;06055;Duranus;peripherie;2024;Maison;;1
Nice;06055;Duranus;peripherie;2025;Maison;;1
Nice;06059;Èze;peripherie;2021;Appartement;;25
Nice;06059;Èze;peripherie;2021;Maison;;16
Nice;06059;Èze;peripherie;2022;Appartement;7050.0;44
Nice;06059;Èze;peripherie;2022;Maison;;29
Nice;06059;Èze;peripherie;2023;Appartement;7500.0;31
Nice;06059;Èze;peripherie;2023;Maison;;20
Nice;06059;Èze;peripherie;2024;Appartement;6971.0;35
Nice;06059;Èze;peripherie;2024;Maison;;9
Nice;06059;Èze;peripherie;2025;Appartement;;29
Nice;06059;Èze;peripherie;2025;Maison;;23
Nice;06060;Falicon;peripherie;2021;Appartement;;5
Nice;06060;Falicon;peripherie;2021;Maison;;12
Nice;06060;Falicon;peripherie;2022;Maison;;10
Nice;06060;Falicon;peripherie;2023;Appartement;;1
Nice;06060;Falicon;peripherie;2023;Maison;;5
Nice;06060;Falicon;peripherie;2024;Appartement;;4
Nice;06060;Falicon;peripherie;2024;Maison;;9
Nice;06060;Falicon;peripherie;2025;Appartement;;4
Nice;06060;Falicon;peripherie;2025;Maison;;5
Nice;06064;Gattières;peripherie;2021;Appartement;;11
Nice;06064;Gattières;peripherie;2021;Maison;;24
Nice;06064;Gattières;peripherie;2022;Appartement;;23
Nice;06064;Gattières;peripherie;2022;Maison;;16
Nice;06064;Gattières;peripherie;2023;Appartement;;3
Nice;06064;Gattières;peripherie;2023;Maison;;21
Nice;06064;Gattières;peripherie;2024;Appartement;;6
Nice;06064;Gattières;peripherie;2024;Maison;;19
Nice;06064;Gattières;peripherie;2025;Appartement;;14
Nice;06064;Gattières;peripherie;2025;Maison;;11
Nice;06065;La Gaude;peripherie;2021;Appartement;;12
Nice;06065;La Gaude;peripherie;2021;Maison;;26
Nice;06065;La Gaude;peripherie;2022;Appartement;;18
Nice;06065;La Gaude;peripherie;2022;Maison;5059.0;33
Nice;06065;La Gaude;peripherie;2023;Appartement;;9
Nice;06065;La Gaude;peripherie;2023;Maison;;20
Nice;06065;La Gaude;peripherie;2024;Appartement;;5
Nice;06065;La Gaude;peripherie;2024;Maison;;19
Nice;06065;La Gaude;peripherie;2025;Appartement;;12
Nice;06065;La Gaude;peripherie;2025;Maison;;26
Nice;06066;Gilette;peripherie;2021;Appartement;;5
Nice;06066;Gilette;peripherie;2021;Maison;;11
Nice;06066;Gilette;peripherie;2022;Appartement;;9
Nice;06066;Gilette;peripherie;2022;Maison;;7
Nice;06066;Gilette;peripherie;2023;Appartement;;7
Nice;06066;Gilette;peripherie;2023;Maison;;8
Nice;06066;Gilette;peripherie;2024;Appartement;;7
Nice;06066;Gilette;peripherie;2024;Maison;;9
Nice;06066;Gilette;peripherie;2025;Appartement;;3
Nice;06066;Gilette;peripherie;2025;Maison;;8
Nice;06072;Ilonse;peripherie;2021;Maison;;1
Nice;06072;Ilonse;peripherie;2023;Maison;;2
Nice;06072;Ilonse;peripherie;2024;Maison;;2
Nice;06072;Ilonse;peripherie;2025;Appartement;;1
Nice;06072;Ilonse;peripherie;2025;Maison;;2
Nice;06073;Isola;peripherie;2021;Appartement;3716.0;126
Nice;06073;Isola;peripherie;2021;Maison;;9
Nice;06073;Isola;peripherie;2022;Appartement;4416.0;111
Nice;06073;Isola;peripherie;2022;Maison;;6
Nice;06073;Isola;peripherie;2023;Appartement;4449.0;106
Nice;06073;Isola;peripherie;2023;Maison;;3
Nice;06073;Isola;peripherie;2024;Appartement;4545.0;100
Nice;06073;Isola;peripherie;2024;Maison;;10
Nice;06073;Isola;peripherie;2025;Appartement;5073.0;93
Nice;06073;Isola;peripherie;2025;Maison;;5
Nice;06074;Lantosque;peripherie;2021;Appartement;;5
Nice;06074;Lantosque;peripherie;2021;Maison;;10
Nice;06074;Lantosque;peripherie;2022;Appartement;;12
Nice;06074;Lantosque;peripherie;2022;Maison;;9
Nice;06074;Lantosque;peripherie;2023;Appartement;;11
Nice;06074;Lantosque;peripherie;2023;Maison;;10
Nice;06074;Lantosque;peripherie;2024;Appartement;;14
Nice;06074;Lantosque;peripherie;2024;Maison;;13
Nice;06074;Lantosque;peripherie;2025;Appartement;;7
Nice;06074;Lantosque;peripherie;2025;Maison;;7
Nice;06075;Levens;peripherie;2021;Appartement;;17
Nice;06075;Levens;peripherie;2021;Maison;3849.0;36
Nice;06075;Levens;peripherie;2022;Appartement;;21
Nice;06075;Levens;peripherie;2022;Maison;3864.0;34
Nice;06075;Levens;peripherie;2023;Appartement;;11
Nice;06075;Levens;peripherie;2023;Maison;;21
Nice;06075;Levens;peripherie;2024;Appartement;;12
Nice;06075;Levens;peripherie;2024;Maison;4326.0;30
Nice;06075;Levens;peripherie;2025;Appartement;;16
Nice;06075;Levens;peripherie;2025;Maison;3955.0;36
Nice;06080;Marie;peripherie;2021;Appartement;;1
Nice;06080;Marie;peripherie;2022;Maison;;1
Nice;06080;Marie;peripherie;2023;Maison;;1
Nice;06080;Marie;peripherie;2024;Appartement;;1
Nice;06080;Marie;peripherie;2025;Maison;;1
Nice;06088;Nice;centre;2021;Appartement;4241.0;8201
Nice;06088;Nice;centre;2021;Maison;5566.0;304
Nice;06088;Nice;centre;2022;Appartement;4474.0;8961
Nice;06088;Nice;centre;2022;Maison;6192.0;277
Nice;06088;Nice;centre;2023;Appartement;4688.0;7232
Nice;06088;Nice;centre;2023;Maison;6437.0;175
Nice;06088;Nice;centre;2024;Appartement;4741.0;6369
Nice;06088;Nice;centre;2024;Maison;6287.0;214
Nice;06088;Nice;centre;2025;Appartement;4853.0;7299
Nice;06088;Nice;centre;2025;Maison;6449.0;214
Nice;06102;Rimplas;peripherie;2021;Appartement;;2
Nice;06102;Rimplas;peripherie;2021;Maison;;2
Nice;06102;Rimplas;peripherie;2022;Appartement;;2
Nice;06102;Rimplas;peripherie;2022;Maison;;3
Nice;06102;Rimplas;peripherie;2023;Maison;;1
Nice;06102;Rimplas;peripherie;2024;Maison;;4
Nice;06102;Rimplas;peripherie;2025;Appartement;;1
Nice;06102;Rimplas;peripherie;2025;Maison;;1
Nice;06103;Roquebillière;peripherie;2021;Appartement;;19
Nice;06103;Roquebillière;peripherie;2021;Maison;;10
Nice;06103;Roquebillière;peripherie;2022;Appartement;;21
Nice;06103;Roquebillière;peripherie;2022;Maison;;8
Nice;06103;Roquebillière;peripherie;2023;Appartement;;8
Nice;06103;Roquebillière;peripherie;2023;Maison;;9
Nice;06103;Roquebillière;peripherie;2024;Appartement;;12
Nice;06103;Roquebillière;peripherie;2024;Maison;;7
Nice;06103;Roquebillière;peripherie;2025;Appartement;;12
Nice;06103;Roquebillière;peripherie;2025;Maison;;5
Nice;06109;La Roquette-sur-Var;peripherie;2021;Appartement;;7
Nice;06109;La Roquette-sur-Var;peripherie;2021;Maison;;4
Nice;06109;La Roquette-sur-Var;peripherie;2022;Appartement;;4
Nice;06109;La Roquette-sur-Var;peripherie;2022;Maison;;2
Nice;06109;La Roquette-sur-Var;peripherie;2023;Appartement;;4
Nice;06109;La Roquette-sur-Var;peripherie;2023;Maison;;6
Nice;06109;La Roquette-sur-Var;peripherie;2024;Appartement;;2
Nice;06109;La Roquette-sur-Var;peripherie;2024;Maison;;4
Nice;06109;La Roquette-sur-Var;peripherie;2025;Appartement;;4
Nice;06109;La Roquette-sur-Var;peripherie;2025;Maison;;2
Nice;06110;Roubion;peripherie;2021;Appartement;;1
Nice;06110;Roubion;peripherie;2021;Maison;;7
Nice;06110;Roubion;peripherie;2022;Appartement;;3
Nice;06110;Roubion;peripherie;2022;Maison;;11
Nice;06110;Roubion;peripherie;2023;Appartement;;4
Nice;06110;Roubion;peripherie;2023;Maison;;5
Nice;06110;Roubion;peripherie;2024;Appartement;;2
Nice;06110;Roubion;peripherie;2024;Maison;;3
Nice;06110;Roubion;peripherie;2025;Appartement;;3
Nice;06110;Roubion;peripherie;2025;Maison;;7
Nice;06111;Roure;peripherie;2021;Maison;;4
Nice;06111;Roure;peripherie;2023;Appartement;;1
Nice;06111;Roure;peripherie;2023;Maison;;3
Nice;06111;Roure;peripherie;2024;Maison;;4
Nice;06111;Roure;peripherie;2025;Maison;;4
Nice;06114;Saint-André-de-la-Roche;peripherie;2021;Appartement;3727.0;63
Nice;06114;Saint-André-de-la-Roche;peripherie;2021;Maison;;10
Nice;06114;Saint-André-de-la-Roche;peripherie;2022;Appartement;3765.0;51
Nice;06114;Saint-André-de-la-Roche;peripherie;2022;Maison;;5
Nice;06114;Saint-André-de-la-Roche;peripherie;2023;Appartement;4026.0;45
Nice;06114;Saint-André-de-la-Roche;peripherie;2023;Maison;;9
Nice;06114;Saint-André-de-la-Roche;peripherie;2024;Appartement;3625.0;37
Nice;06114;Saint-André-de-la-Roche;peripherie;2024;Maison;;8
Nice;06114;Saint-André-de-la-Roche;peripherie;2025;Appartement;4013.0;35
Nice;06114;Saint-André-de-la-Roche;peripherie;2025;Maison;;6
Nice;06117;Saint-Blaise;peripherie;2021;Appartement;;1
Nice;06117;Saint-Blaise;peripherie;2021;Maison;;6
Nice;06117;Saint-Blaise;peripherie;2022;Appartement;;3
Nice;06117;Saint-Blaise;peripherie;2022;Maison;;2
Nice;06117;Saint-Blaise;peripherie;2023;Appartement;;2
Nice;06117;Saint-Blaise;peripherie;2023;Maison;;4
Nice;06117;Saint-Blaise;peripherie;2024;Appartement;;4
Nice;06117;Saint-Blaise;peripherie;2024;Maison;;6
Nice;06117;Saint-Blaise;peripherie;2025;Appartement;;3
Nice;06117;Saint-Blaise;peripherie;2025;Maison;;6
Nice;06119;Saint-Dalmas-le-Selvage;peripherie;2021;Maison;;5
Nice;06119;Saint-Dalmas-le-Selvage;peripherie;2022;Appartement;;2
Nice;06119;Saint-Dalmas-le-Selvage;peripherie;2023;Appartement;;1
Nice;06119;Saint-Dalmas-le-Selvage;peripherie;2024;Maison;;1
Nice;06119;Saint-Dalmas-le-Selvage;peripherie;2025;Maison;;2
Nice;06120;Saint-Étienne-de-Tinée;peripherie;2021;Appartement;4412.0;121
Nice;06120;Saint-Étienne-de-Tinée;peripherie;2021;Maison;;12
Nice;06120;Saint-Étienne-de-Tinée;peripherie;2022;Appartement;5084.0;104
Nice;06120;Saint-Étienne-de-Tinée;peripherie;2022;Maison;;12
Nice;06120;Saint-Étienne-de-Tinée;peripherie;2023;Appartement;5401.0;108
Nice;06120;Saint-Étienne-de-Tinée;peripherie;2023;Maison;;7
Nice;06120;Saint-Étienne-de-Tinée;peripherie;2024;Appartement;5784.0;103
Nice;06120;Saint-Étienne-de-Tinée;peripherie;2024;Maison;;5
Nice;06120;Saint-Étienne-de-Tinée;peripherie;2025;Appartement;5844.0;100
Nice;06120;Saint-Étienne-de-Tinée;peripherie;2025;Maison;;11
Nice;06121;Saint-Jean-Cap-Ferrat;peripherie;2021;Appartement;10260.0;42
Nice;06121;Saint-Jean-Cap-Ferrat;peripherie;2021;Maison;;9
Nice;06121;Saint-Jean-Cap-Ferrat;peripherie;2022;Appartement;12036.0;39
Nice;06121;Saint-Jean-Cap-Ferrat;peripherie;2022;Maison;;14
Nice;06121;Saint-Jean-Cap-Ferrat;peripherie;2023;Appartement;11972.0;39
Nice;06121;Saint-Jean-Cap-Ferrat;peripherie;2023;Maison;;9
Nice;06121;Saint-Jean-Cap-Ferrat;peripherie;2024;Appartement;;25
Nice;06121;Saint-Jean-Cap-Ferrat;peripherie;2024;Maison;;6
Nice;06121;Saint-Jean-Cap-Ferrat;peripherie;2025;Appartement;;26
Nice;06121;Saint-Jean-Cap-Ferrat;peripherie;2025;Maison;;6
Nice;06122;Saint-Jeannet;peripherie;2021;Appartement;;10
Nice;06122;Saint-Jeannet;peripherie;2021;Maison;;17
Nice;06122;Saint-Jeannet;peripherie;2022;Appartement;;11
Nice;06122;Saint-Jeannet;peripherie;2022;Maison;;24
Nice;06122;Saint-Jeannet;peripherie;2023;Appartement;;9
Nice;06122;Saint-Jeannet;peripherie;2023;Maison;;16
Nice;06122;Saint-Jeannet;peripherie;2024;Appartement;;8
Nice;06122;Saint-Jeannet;peripherie;2024;Maison;;13
Nice;06122;Saint-Jeannet;peripherie;2025;Appartement;;13
Nice;06122;Saint-Jeannet;peripherie;2025;Maison;;19
Nice;06123;Saint-Laurent-du-Var;peripherie;2021;Appartement;4332.0;624
Nice;06123;Saint-Laurent-du-Var;peripherie;2021;Maison;4618.0;41
Nice;06123;Saint-Laurent-du-Var;peripherie;2022;Appartement;4453.0;663
Nice;06123;Saint-Laurent-du-Var;peripherie;2022;Maison;5664.0;44
Nice;06123;Saint-Laurent-du-Var;peripherie;2023;Appartement;4574.0;504
Nice;06123;Saint-Laurent-du-Var;peripherie;2023;Maison;5341.0;52
Nice;06123;Saint-Laurent-du-Var;peripherie;2024;Appartement;4648.0;426
Nice;06123;Saint-Laurent-du-Var;peripherie;2024;Maison;5370.0;37
Nice;06123;Saint-Laurent-du-Var;peripherie;2025;Appartement;4773.0;491
Nice;06123;Saint-Laurent-du-Var;peripherie;2025;Maison;5045.0;41
Nice;06126;Saint-Martin-du-Var;peripherie;2021;Appartement;;20
Nice;06126;Saint-Martin-du-Var;peripherie;2021;Maison;;12
Nice;06126;Saint-Martin-du-Var;peripherie;2022;Appartement;;13
Nice;06126;Saint-Martin-du-Var;peripherie;2022;Maison;;4
Nice;06126;Saint-Martin-du-Var;peripherie;2023;Appartement;;19
Nice;06126;Saint-Martin-du-Var;peripherie;2023;Maison;;9
Nice;06126;Saint-Martin-du-Var;peripherie;2024;Appartement;;15
Nice;06126;Saint-Martin-du-Var;peripherie;2024;Maison;;7
Nice;06126;Saint-Martin-du-Var;peripherie;2025;Appartement;;10
Nice;06126;Saint-Martin-du-Var;peripherie;2025;Maison;;6
Nice;06127;Saint-Martin-Vésubie;peripherie;2021;Appartement;2316.0;35
Nice;06127;Saint-Martin-Vésubie;peripherie;2021;Maison;;19
Nice;06127;Saint-Martin-Vésubie;peripherie;2022;Appartement;2593.0;78
Nice;06127;Saint-Martin-Vésubie;peripherie;2022;Maison;;20
Nice;06127;Saint-Martin-Vésubie;peripherie;2023;Appartement;2310.0;42
Nice;06127;Saint-Martin-Vésubie;peripherie;2023;Maison;;20
Nice;06127;Saint-Martin-Vésubie;peripherie;2024;Appartement;;20
Nice;06127;Saint-Martin-Vésubie;peripherie;2024;Maison;;8
Nice;06127;Saint-Martin-Vésubie;peripherie;2025;Appartement;;21
Nice;06127;Saint-Martin-Vésubie;peripherie;2025;Maison;;10
Nice;06129;Saint-Sauveur-sur-Tinée;peripherie;2021;Appartement;;7
Nice;06129;Saint-Sauveur-sur-Tinée;peripherie;2021;Maison;;1
Nice;06129;Saint-Sauveur-sur-Tinée;peripherie;2022;Appartement;;7
Nice;06129;Saint-Sauveur-sur-Tinée;peripherie;2022;Maison;;2
Nice;06129;Saint-Sauveur-sur-Tinée;peripherie;2023;Appartement;;8
Nice;06129;Saint-Sauveur-sur-Tinée;peripherie;2024;Appartement;;9
Nice;06129;Saint-Sauveur-sur-Tinée;peripherie;2024;Maison;;1
Nice;06129;Saint-Sauveur-sur-Tinée;peripherie;2025;Appartement;;6
Nice;06129;Saint-Sauveur-sur-Tinée;peripherie;2025;Maison;;1
Nice;06144;La Tour;peripherie;2021;Appartement;;3
Nice;06144;La Tour;peripherie;2021;Maison;;3
Nice;06144;La Tour;peripherie;2022;Appartement;;2
Nice;06144;La Tour;peripherie;2022;Maison;;1
Nice;06144;La Tour;peripherie;2023;Appartement;;2
Nice;06144;La Tour;peripherie;2023;Maison;;4
Nice;06144;La Tour;peripherie;2024;Appartement;;5
Nice;06144;La Tour;peripherie;2024;Maison;;2
Nice;06144;La Tour;peripherie;2025;Maison;;2
Nice;06146;Tournefort;peripherie;2022;Maison;;2
Nice;06146;Tournefort;peripherie;2023;Maison;;1
Nice;06146;Tournefort;peripherie;2024;Maison;;1
Nice;06146;Tournefort;peripherie;2025;Maison;;2
Nice;06147;Tourrette-Levens;peripherie;2021;Appartement;;8
Nice;06147;Tourrette-Levens;peripherie;2021;Maison;;25
Nice;06147;Tourrette-Levens;peripherie;2022;Appartement;;10
Nice;06147;Tourrette-Levens;peripherie;2022;Maison;;22
Nice;06147;Tourrette-Levens;peripherie;2023;Appartement;;10
Nice;06147;Tourrette-Levens;peripherie;2023;Maison;;20
Nice;06147;Tourrette-Levens;peripherie;2024;Appartement;;8
Nice;06147;Tourrette-Levens;peripherie;2024;Maison;;18
Nice;06147;Tourrette-Levens;peripherie;2025;Appartement;;13
Nice;06147;Tourrette-Levens;peripherie;2025;Maison;;20
Nice;06149;La Trinité;peripherie;2021;Appartement;3013.0;73
Nice;06149;La Trinité;peripherie;2021;Maison;3771.0;42
Nice;06149;La Trinité;peripherie;2022;Appartement;3255.0;69
Nice;06149;La Trinité;peripherie;2022;Maison;3647.0;37
Nice;06149;La Trinité;peripherie;2023;Appartement;3179.0;71
Nice;06149;La Trinité;peripherie;2023;Maison;;20
Nice;06149;La Trinité;peripherie;2024;Appartement;3125.0;67
Nice;06149;La Trinité;peripherie;2024;Maison;;19
Nice;06149;La Trinité;peripherie;2025;Appartement;3236.0;61
Nice;06149;La Trinité;peripherie;2025;Maison;;25
Nice;06151;Utelle;peripherie;2021;Appartement;;4
Nice;06151;Utelle;peripherie;2021;Maison;;10
Nice;06151;Utelle;peripherie;2022;Appartement;;6
Nice;06151;Utelle;peripherie;2022;Maison;;11
Nice;06151;Utelle;peripherie;2023;Appartement;;5
Nice;06151;Utelle;peripherie;2023;Maison;;7
Nice;06151;Utelle;peripherie;2024;Appartement;;6
Nice;06151;Utelle;peripherie;2024;Maison;;1
Nice;06151;Utelle;peripherie;2025;Appartement;;7
Nice;06151;Utelle;peripherie;2025;Maison;;9
Nice;06153;Valdeblore;peripherie;2021;Appartement;;22
Nice;06153;Valdeblore;peripherie;2021;Maison;;7
Nice;06153;Valdeblore;peripherie;2022;Appartement;1905.0;31
Nice;06153;Valdeblore;peripherie;2022;Maison;;17
Nice;06153;Valdeblore;peripherie;2023;Appartement;;23
Nice;06153;Valdeblore;peripherie;2023;Maison;;11
Nice;06153;Valdeblore;peripherie;2024;Appartement;;14
Nice;06153;Valdeblore;peripherie;2024;Maison;;10
Nice;06153;Valdeblore;peripherie;2025;Appartement;;19
Nice;06153;Valdeblore;peripherie;2025;Maison;;11
Nice;06156;Venanson;peripherie;2021;Appartement;;2
Nice;06156;Venanson;peripherie;2021;Maison;;2
Nice;06156;Venanson;peripherie;2022;Appartement;;1
Nice;06156;Venanson;peripherie;2022;Maison;;3
Nice;06156;Venanson;peripherie;2023;Appartement;;1
Nice;06156;Venanson;peripherie;2024;Appartement;;1
Nice;06156;Venanson;peripherie;2025;Appartement;;4
Nice;06156;Venanson;peripherie;2025;Maison;;2
Nice;06157;Vence;peripherie;2021;Appartement;3779.0;272
Nice;06157;Vence;peripherie;2021;Maison;4662.0;90
Nice;06157;Vence;peripherie;2022;Appartement;4033.0;294
Nice;06157;Vence;peripherie;2022;Maison;5000.0;75
Nice;06157;Vence;peripherie;2023;Appartement;3993.0;238
Nice;06157;Vence;peripherie;2023;Maison;5215.0;64
Nice;06157;Vence;peripherie;2024;Appartement;4000.0;234
Nice;06157;Vence;peripherie;2024;Maison;5610.0;55
Nice;06157;Vence;peripherie;2025;Appartement;4154.0;245
Nice;06157;Vence;peripherie;2025;Maison;5425.0;64
Nice;06159;Villefranche-sur-Mer;peripherie;2021;Appartement;6560.0;160
Nice;06159;Villefranche-sur-Mer;peripherie;2021;Maison;;28
Nice;06159;Villefranche-sur-Mer;peripherie;2022;Appartement;7391.0;209
Nice;06159;Villefranche-sur-Mer;peripherie;2022;Maison;;26
Nice;06159;Villefranche-sur-Mer;peripherie;2023;Appartement;7763.0;134
Nice;06159;Villefranche-sur-Mer;peripherie;2023;Maison;;26
Nice;06159;Villefranche-sur-Mer;peripherie;2024;Appartement;8333.0;127
Nice;06159;Villefranche-sur-Mer;peripherie;2024;Maison;;20
Nice;06159;Villefranche-sur-Mer;peripherie;2025;Appartement;8680.0;141
Nice;06159;Villefranche-sur-Mer;peripherie;2025;Maison;;20
Paris;75056;Paris;centre;2021;Appartement;10882.0;31188
Paris;75056;Paris;centre;2021;Maison;15672.0;180
Paris;75056;Paris;centre;2022;Appartement;10750.0;33911
Paris;75056;Paris;centre;2022;Maison;15153.0;158
Paris;75056;Paris;centre;2023;Appartement;10192.0;27473
Paris;75056;Paris;centre;2023;Maison;14326.0;137
Paris;75056;Paris;centre;2024;Appartement;9610.0;25030
Paris;75056;Paris;centre;2024;Maison;12502.0;104
Paris;75056;Paris;centre;2025;Appartement;9729.0;28943
Paris;75056;Paris;centre;2025;Maison;12619.0;153
Paris;91027;Athis-Mons;peripherie;2021;Appartement;3321.0;276
Paris;91027;Athis-Mons;peripherie;2021;Maison;4226.0;136
Paris;91027;Athis-Mons;peripherie;2022;Appartement;3403.0;235
Paris;91027;Athis-Mons;peripherie;2022;Maison;4366.0;134
Paris;91027;Athis-Mons;peripherie;2023;Appartement;3479.0;178
Paris;91027;Athis-Mons;peripherie;2023;Maison;4027.0;94
Paris;91027;Athis-Mons;peripherie;2024;Appartement;3157.0;154
Paris;91027;Athis-Mons;peripherie;2024;Maison;4008.0;98
Paris;91027;Athis-Mons;peripherie;2025;Appartement;3308.0;185
Paris;91027;Athis-Mons;peripherie;2025;Maison;4089.0;108
Paris;91326;Juvisy-sur-Orge;peripherie;2021;Appartement;3566.0;222
Paris;91326;Juvisy-sur-Orge;peripherie;2021;Maison;4099.0;78
Paris;91326;Juvisy-sur-Orge;peripherie;2022;Appartement;3679.0;240
Paris;91326;Juvisy-sur-Orge;peripherie;2022;Maison;4040.0;78
Paris;91326;Juvisy-sur-Orge;peripherie;2023;Appartement;3533.0;176
Paris;91326;Juvisy-sur-Orge;peripherie;2023;Maison;3875.0;47
Paris;91326;Juvisy-sur-Orge;peripherie;2024;Appartement;3542.0;171
Paris;91326;Juvisy-sur-Orge;peripherie;2024;Maison;4100.0;44
Paris;91326;Juvisy-sur-Orge;peripherie;2025;Appartement;3494.0;143
Paris;91326;Juvisy-sur-Orge;peripherie;2025;Maison;3628.0;52
Paris;91432;Morangis;peripherie;2021;Appartement;3581.0;61
Paris;91432;Morangis;peripherie;2021;Maison;4094.0;133
Paris;91432;Morangis;peripherie;2022;Appartement;3612.0;67
Paris;91432;Morangis;peripherie;2022;Maison;4042.0;107
Paris;91432;Morangis;peripherie;2023;Appartement;3818.0;51
Paris;91432;Morangis;peripherie;2023;Maison;4065.0;97
Paris;91432;Morangis;peripherie;2024;Appartement;3264.0;41
Paris;91432;Morangis;peripherie;2024;Maison;3763.0;77
Paris;91432;Morangis;peripherie;2025;Appartement;3543.0;60
Paris;91432;Morangis;peripherie;2025;Maison;3879.0;86
Paris;91479;Paray-Vieille-Poste;peripherie;2021;Appartement;;17
Paris;91479;Paray-Vieille-Poste;peripherie;2021;Maison;4223.0;68
Paris;91479;Paray-Vieille-Poste;peripherie;2022;Appartement;;22
Paris;91479;Paray-Vieille-Poste;peripherie;2022;Maison;4843.0;59
Paris;91479;Paray-Vieille-Poste;peripherie;2023;Appartement;;19
Paris;91479;Paray-Vieille-Poste;peripherie;2023;Maison;4084.0;52
Paris;91479;Paray-Vieille-Poste;peripherie;2024;Appartement;;15
Paris;91479;Paray-Vieille-Poste;peripherie;2024;Maison;3883.0;54
Paris;91479;Paray-Vieille-Poste;peripherie;2025;Appartement;;14
Paris;91479;Paray-Vieille-Poste;peripherie;2025;Maison;3854.0;43
Paris;91589;Savigny-sur-Orge;peripherie;2021;Appartement;2782.0;262
Paris;91589;Savigny-sur-Orge;peripherie;2021;Maison;4113.0;356
Paris;91589;Savigny-sur-Orge;peripherie;2022;Appartement;3165.0;258
Paris;91589;Savigny-sur-Orge;peripherie;2022;Maison;4306.0;290
Paris;91589;Savigny-sur-Orge;peripherie;2023;Appartement;2976.0;189
Paris;91589;Savigny-sur-Orge;peripherie;2023;Maison;4000.0;237
Paris;91589;Savigny-sur-Orge;peripherie;2024;Appartement;2999.0;166
Paris;91589;Savigny-sur-Orge;peripherie;2024;Maison;3842.0;226
Paris;91589;Savigny-sur-Orge;peripherie;2025;Appartement;2969.0;194
Paris;91589;Savigny-sur-Orge;peripherie;2025;Maison;3852.0;222
Paris;91687;Viry-Châtillon;peripherie;2021;Appartement;2719.0;220
Paris;91687;Viry-Châtillon;peripherie;2021;Maison;3840.0;158
Paris;91687;Viry-Châtillon;peripherie;2022;Appartement;2897.0;224
Paris;91687;Viry-Châtillon;peripherie;2022;Maison;3732.0;148
Paris;91687;Viry-Châtillon;peripherie;2023;Appartement;2759.0;153
Paris;91687;Viry-Châtillon;peripherie;2023;Maison;3936.0;101
Paris;91687;Viry-Châtillon;peripherie;2024;Appartement;2676.0;166
Paris;91687;Viry-Châtillon;peripherie;2024;Maison;3732.0;82
Paris;91687;Viry-Châtillon;peripherie;2025;Appartement;2714.0;192
Paris;91687;Viry-Châtillon;peripherie;2025;Maison;3557.0;103
Paris;92002;Antony;peripherie;2021;Appartement;5330.0;526
Paris;92002;Antony;peripherie;2021;Maison;6240.0;290
Paris;92002;Antony;peripherie;2022;Appartement;5489.0;472
Paris;92002;Antony;peripherie;2022;Maison;6642.0;238
Paris;92002;Antony;peripherie;2023;Appartement;5350.0;384
Paris;92002;Antony;peripherie;2023;Maison;6473.0;196
Paris;92002;Antony;peripherie;2024;Appartement;4867.0;381
Paris;92002;Antony;peripherie;2024;Maison;5959.0;160
Paris;92002;Antony;peripherie;2025;Appartement;5090.0;492
Paris;92002;Antony;peripherie;2025;Maison;5833.0;213
Paris;92004;Asnières-sur-Seine;peripherie;2021;Appartement;7083.0;1386
Paris;92004;Asnières-sur-Seine;peripherie;2021;Maison;8764.0;115
Paris;92004;Asnières-sur-Seine;peripherie;2022;Appartement;7040.0;1407
Paris;92004;Asnières-sur-Seine;peripherie;2022;Maison;9178.0;109
Paris;92004;Asnières-sur-Seine;peripherie;2023;Appartement;6569.0;1074
Paris;92004;Asnières-sur-Seine;peripherie;2023;Maison;9499.0;100
Paris;92004;Asnières-sur-Seine;peripherie;2024;Appartement;6191.0;908
Paris;92004;Asnières-sur-Seine;peripherie;2024;Maison;8206.0;88
Paris;92004;Asnières-sur-Seine;peripherie;2025;Appartement;6220.0;1158
Paris;92004;Asnières-sur-Seine;peripherie;2025;Maison;7778.0;99
Paris;92007;Bagneux;peripherie;2021;Appartement;5191.0;233
Paris;92007;Bagneux;peripherie;2021;Maison;6533.0;75
Paris;92007;Bagneux;peripherie;2022;Appartement;5349.0;219
Paris;92007;Bagneux;peripherie;2022;Maison;7207.0;54
Paris;92007;Bagneux;peripherie;2023;Appartement;5204.0;169
Paris;92007;Bagneux;peripherie;2023;Maison;6223.0;37
Paris;92007;Bagneux;peripherie;2024;Appartement;4826.0;155
Paris;92007;Bagneux;peripherie;2024;Maison;5929.0;47
Paris;92007;Bagneux;peripherie;2025;Appartement;5000.0;188
Paris;92007;Bagneux;peripherie;2025;Maison;6146.0;46
Paris;92009;Bois-Colombes;peripherie;2021;Appartement;6844.0;429
Paris;92009;Bois-Colombes;peripherie;2021;Maison;8870.0;98
Paris;92009;Bois-Colombes;peripherie;2022;Appartement;6951.0;398
Paris;92009;Bois-Colombes;peripherie;2022;Maison;9741.0;96
Paris;92009;Bois-Colombes;peripherie;2023;Appartement;6614.0;353
Paris;92009;Bois-Colombes;peripherie;2023;Maison;9613.0;85
Paris;92009;Bois-Colombes;peripherie;2024;Appartement;6253.0;274
Paris;92009;Bois-Colombes;peripherie;2024;Maison;8022.0;66
Paris;92009;Bois-Colombes;peripherie;2025;Appartement;6166.0;323
Paris;92009;Bois-Colombes;peripherie;2025;Maison;7948.0;76
Paris;92012;Boulogne-Billancourt;peripherie;2021;Appartement;9375.0;1858
Paris;92012;Boulogne-Billancourt;peripherie;2021;Maison;12496.0;45
Paris;92012;Boulogne-Billancourt;peripherie;2022;Appartement;9257.0;1957
Paris;92012;Boulogne-Billancourt;peripherie;2022;Maison;14326.0;39
Paris;92012;Boulogne-Billancourt;peripherie;2023;Appartement;8853.0;1464
Paris;92012;Boulogne-Billancourt;peripherie;2023;Maison;;27
Paris;92012;Boulogne-Billancourt;peripherie;2024;Appartement;8201.0;1303
Paris;92012;Boulogne-Billancourt;peripherie;2024;Maison;;28
Paris;92012;Boulogne-Billancourt;peripherie;2025;Appartement;8289.0;1545
Paris;92012;Boulogne-Billancourt;peripherie;2025;Maison;12420.0;39
Paris;92014;Bourg-la-Reine;peripherie;2021;Appartement;5893.0;213
Paris;92014;Bourg-la-Reine;peripherie;2021;Maison;7188.0;47
Paris;92014;Bourg-la-Reine;peripherie;2022;Appartement;5854.0;222
Paris;92014;Bourg-la-Reine;peripherie;2022;Maison;8615.0;51
Paris;92014;Bourg-la-Reine;peripherie;2023;Appartement;5688.0;160
Paris;92014;Bourg-la-Reine;peripherie;2023;Maison;7790.0;39
Paris;92014;Bourg-la-Reine;peripherie;2024;Appartement;5200.0;179
Paris;92014;Bourg-la-Reine;peripherie;2024;Maison;6843.0;31
Paris;92014;Bourg-la-Reine;peripherie;2025;Appartement;5141.0;192
Paris;92014;Bourg-la-Reine;peripherie;2025;Maison;7486.0;38
Paris;92019;Châtenay-Malabry;peripherie;2021;Appartement;4963.0;350
Paris;92019;Châtenay-Malabry;peripherie;2021;Maison;5985.0;53
Paris;92019;Châtenay-Malabry;peripherie;2022;Appartement;4987.0;350
Paris;92019;Châtenay-Malabry;peripherie;2022;Maison;6745.0;42
Paris;92019;Châtenay-Malabry;peripherie;2023;Appartement;5000.0;280
Paris;92019;Châtenay-Malabry;peripherie;2023;Maison;;18
Paris;92019;Châtenay-Malabry;peripherie;2024;Appartement;4667.0;271
Paris;92019;Châtenay-Malabry;peripherie;2024;Maison;;26
Paris;92019;Châtenay-Malabry;peripherie;2025;Appartement;4868.0;361
Paris;92019;Châtenay-Malabry;peripherie;2025;Maison;6047.0;34
Paris;92020;Châtillon;peripherie;2021;Appartement;6147.0;436
Paris;92020;Châtillon;peripherie;2021;Maison;8236.0;72
Paris;92020;Châtillon;peripherie;2022;Appartement;6188.0;431
Paris;92020;Châtillon;peripherie;2022;Maison;7449.0;64
Paris;92020;Châtillon;peripherie;2023;Appartement;6016.0;337
Paris;92020;Châtillon;peripherie;2023;Maison;7161.0;52
Paris;92020;Châtillon;peripherie;2024;Appartement;5410.0;286
Paris;92020;Châtillon;peripherie;2024;Maison;7389.0;48
Paris;92020;Châtillon;peripherie;2025;Appartement;5667.0;352
Paris;92020;Châtillon;peripherie;2025;Maison;7011.0;64
Paris;92022;Chaville;peripherie;2021;Appartement;5826.0;225
Paris;92022;Chaville;peripherie;2021;Maison;7911.0;65
Paris;92022;Chaville;peripherie;2022;Appartement;5964.0;247
Paris;92022;Chaville;peripherie;2022;Maison;8328.0;63
Paris;92022;Chaville;peripherie;2023;Appartement;5504.0;156
Paris;92022;Chaville;peripherie;2023;Maison;8106.0;55
Paris;92022;Chaville;peripherie;2024;Appartement;5395.0;166
Paris;92022;Chaville;peripherie;2024;Maison;7292.0;33
Paris;92022;Chaville;peripherie;2025;Appartement;5542.0;171
Paris;92022;Chaville;peripherie;2025;Maison;7055.0;56
Paris;92023;Clamart;peripherie;2021;Appartement;6096.0;468
Paris;92023;Clamart;peripherie;2021;Maison;8393.0;214
Paris;92023;Clamart;peripherie;2022;Appartement;6133.0;509
Paris;92023;Clamart;peripherie;2022;Maison;8103.0;209
Paris;92023;Clamart;peripherie;2023;Appartement;5854.0;400
Paris;92023;Clamart;peripherie;2023;Maison;7872.0;129
Paris;92023;Clamart;peripherie;2024;Appartement;5452.0;350
Paris;92023;Clamart;peripherie;2024;Maison;7201.0;121
Paris;92023;Clamart;peripherie;2025;Appartement;5637.0;448
Paris;92023;Clamart;peripherie;2025;Maison;6909.0;173
Paris;92024;Clichy;peripherie;2021;Appartement;7644.0;782
Paris;92024;Clichy;peripherie;2021;Maison;;10
Paris;92024;Clichy;peripherie;2022;Appartement;7674.0;850
Paris;92024;Clichy;peripherie;2022;Maison;;15
Paris;92024;Clichy;peripherie;2023;Appartement;7140.0;688
Paris;92024;Clichy;peripherie;2023;Maison;;8
Paris;92024;Clichy;peripherie;2024;Appartement;6744.0;529
Paris;92024;Clichy;peripherie;2024;Maison;;7
Paris;92024;Clichy;peripherie;2025;Appartement;6959.0;729
Paris;92024;Clichy;peripherie;2025;Maison;;5
Paris;92025;Colombes;peripherie;2021;Appartement;5522.0;837
Paris;92025;Colombes;peripherie;2021;Maison;7821.0;341
Paris;92025;Colombes;peripherie;2022;Appartement;5608.0;779
Paris;92025;Colombes;peripherie;2022;Maison;8133.0;360
Paris;92025;Colombes;peripherie;2023;Appartement;5312.0;600
Paris;92025;Colombes;peripherie;2023;Maison;7197.0;246
Paris;92025;Colombes;peripherie;2024;Appartement;4887.0;476
Paris;92025;Colombes;peripherie;2024;Maison;7059.0;218
Paris;92025;Colombes;peripherie;2025;Appartement;5029.0;648
Paris;92025;Colombes;peripherie;2025;Maison;6863.0;326
Paris;92026;Courbevoie;peripherie;2021;Appartement;7540.0;1150
Paris;92026;Courbevoie;peripherie;2021;Maison;8873.0;31
Paris;92026;Courbevoie;peripherie;2022;Appartement;7302.0;1194
Paris;92026;Courbevoie;peripherie;2022;Maison;10074.0;45
Paris;92026;Courbevoie;peripherie;2023;Appartement;7101.0;940
Paris;92026;Courbevoie;peripherie;2023;Maison;8637.0;30
Paris;92026;Courbevoie;peripherie;2024;Appartement;6667.0;866
Paris;92026;Courbevoie;peripherie;2024;Maison;;27
Paris;92026;Courbevoie;peripherie;2025;Appartement;6647.0;963
Paris;92026;Courbevoie;peripherie;2025;Maison;9236.0;34
Paris;92032;Fontenay-aux-Roses;peripherie;2021;Appartement;4827.0;170
Paris;92032;Fontenay-aux-Roses;peripherie;2021;Maison;6487.0;48
Paris;92032;Fontenay-aux-Roses;peripherie;2022;Appartement;4814.0;199
Paris;92032;Fontenay-aux-Roses;peripherie;2022;Maison;7108.0;48
Paris;92032;Fontenay-aux-Roses;peripherie;2023;Appartement;4545.0;145
Paris;92032;Fontenay-aux-Roses;peripherie;2023;Maison;7334.0;30
Paris;92032;Fontenay-aux-Roses;peripherie;2024;Appartement;4471.0;141
Paris;92032;Fontenay-aux-Roses;peripherie;2024;Maison;;21
Paris;92032;Fontenay-aux-Roses;peripherie;2025;Appartement;4191.0;178
Paris;92032;Fontenay-aux-Roses;peripherie;2025;Maison;5851.0;36
Paris;92033;Garches;peripherie;2021;Appartement;6000.0;222
Paris;92033;Garches;peripherie;2021;Maison;9065.0;53
Paris;92033;Garches;peripherie;2022;Appartement;6250.0;205
Paris;92033;Garches;peripherie;2022;Maison;9000.0;67
Paris;92033;Garches;peripherie;2023;Appartement;6222.0;156
Paris;92033;Garches;peripherie;2023;Maison;9034.0;45
Paris;92033;Garches;peripherie;2024;Appartement;5778.0;138
Paris;92033;Garches;peripherie;2024;Maison;8365.0;30
Paris;92033;Garches;peripherie;2025;Appartement;5228.0;186
Paris;92033;Garches;peripherie;2025;Maison;8522.0;34
Paris;92035;La Garenne-Colombes;peripherie;2021;Appartement;7090.0;480
Paris;92035;La Garenne-Colombes;peripherie;2021;Maison;10847.0;43
Paris;92035;La Garenne-Colombes;peripherie;2022;Appartement;7227.0;450
Paris;92035;La Garenne-Colombes;peripherie;2022;Maison;9740.0;45
Paris;92035;La Garenne-Colombes;peripherie;2023;Appartement;6940.0;351
Paris;92035;La Garenne-Colombes;peripherie;2023;Maison;9888.0;42
Paris;92035;La Garenne-Colombes;peripherie;2024;Appartement;6331.0;285
Paris;92035;La Garenne-Colombes;peripherie;2024;Maison;9000.0;35
Paris;92035;La Garenne-Colombes;peripherie;2025;Appartement;6426.0;398
Paris;92035;La Garenne-Colombes;peripherie;2025;Maison;7989.0;31
Paris;92036;Gennevilliers;peripherie;2021;Appartement;4803.0;197
Paris;92036;Gennevilliers;peripherie;2021;Maison;4904.0;43
Paris;92036;Gennevilliers;peripherie;2022;Appartement;5076.0;157
Paris;92036;Gennevilliers;peripherie;2022;Maison;5667.0;50
Paris;92036;Gennevilliers;peripherie;2023;Appartement;4721.0;103
Paris;92036;Gennevilliers;peripherie;2023;Maison;;19
Paris;92036;Gennevilliers;peripherie;2024;Appartement;4408.0;110
Paris;92036;Gennevilliers;peripherie;2024;Maison;;23
Paris;92036;Gennevilliers;peripherie;2025;Appartement;4643.0;123
Paris;92036;Gennevilliers;peripherie;2025;Maison;;29
Paris;92040;Issy-les-Moulineaux;peripherie;2021;Appartement;8548.0;812
Paris;92040;Issy-les-Moulineaux;peripherie;2021;Maison;10220.0;61
Paris;92040;Issy-les-Moulineaux;peripherie;2022;Appartement;8462.0;837
Paris;92040;Issy-les-Moulineaux;peripherie;2022;Maison;11000.0;61
Paris;92040;Issy-les-Moulineaux;peripherie;2023;Appartement;8000.0;694
Paris;92040;Issy-les-Moulineaux;peripherie;2023;Maison;11226.0;36
Paris;92040;Issy-les-Moulineaux;peripherie;2024;Appartement;7351.0;575
Paris;92040;Issy-les-Moulineaux;peripherie;2024;Maison;8964.0;47
Paris;92040;Issy-les-Moulineaux;peripherie;2025;Appartement;7647.0;686
Paris;92040;Issy-les-Moulineaux;peripherie;2025;Maison;8845.0;39
Paris;92044;Levallois-Perret;peripherie;2021;Appartement;9938.0;1077
Paris;92044;Levallois-Perret;peripherie;2021;Maison;;6
Paris;92044;Levallois-Perret;peripherie;2022;Appartement;9973.0;1179
Paris;92044;Levallois-Perret;peripherie;2022;Maison;;7
Paris;92044;Levallois-Perret;peripherie;2023;Appartement;9375.0;815
Paris;92044;Levallois-Perret;peripherie;2023;Maison;;8
Paris;92044;Levallois-Perret;peripherie;2024;Appartement;8870.0;728
Paris;92044;Levallois-Perret;peripherie;2024;Maison;;8
Paris;92044;Levallois-Perret;peripherie;2025;Appartement;9028.0;879
Paris;92044;Levallois-Perret;peripherie;2025;Maison;;6
Paris;92046;Malakoff;peripherie;2021;Appartement;7261.0;252
Paris;92046;Malakoff;peripherie;2021;Maison;8738.0;61
Paris;92046;Malakoff;peripherie;2022;Appartement;7376.0;199
Paris;92046;Malakoff;peripherie;2022;Maison;8778.0;57
Paris;92046;Malakoff;peripherie;2023;Appartement;6857.0;183
Paris;92046;Malakoff;peripherie;2023;Maison;8189.0;44
Paris;92046;Malakoff;peripherie;2024;Appartement;6595.0;174
Paris;92046;Malakoff;peripherie;2024;Maison;7807.0;31
Paris;92046;Malakoff;peripherie;2025;Appartement;6377.0;218
Paris;92046;Malakoff;peripherie;2025;Maison;7883.0;42
Paris;92047;Marnes-la-Coquette;peripherie;2021;Appartement;;3
Paris;92047;Marnes-la-Coquette;peripherie;2021;Maison;;8
Paris;92047;Marnes-la-Coquette;peripherie;2022;Appartement;;3
Paris;92047;Marnes-la-Coquette;peripherie;2022;Maison;;7
Paris;92047;Marnes-la-Coquette;peripherie;2023;Appartement;;4
Paris;92047;Marnes-la-Coquette;peripherie;2023;Maison;;7
Paris;92047;Marnes-la-Coquette;peripherie;2024;Appartement;;2
Paris;92047;Marnes-la-Coquette;peripherie;2024;Maison;;13
Paris;92047;Marnes-la-Coquette;peripherie;2025;Appartement;;2
Paris;92047;Marnes-la-Coquette;peripherie;2025;Maison;;9
Paris;92048;Meudon;peripherie;2021;Appartement;6388.0;543
Paris;92048;Meudon;peripherie;2021;Maison;9106.0;89
Paris;92048;Meudon;peripherie;2022;Appartement;5986.0;515
Paris;92048;Meudon;peripherie;2022;Maison;9242.0;82
Paris;92048;Meudon;peripherie;2023;Appartement;5635.0;413
Paris;92048;Meudon;peripherie;2023;Maison;9365.0;75
Paris;92048;Meudon;peripherie;2024;Appartement;5781.0;321
Paris;92048;Meudon;peripherie;2024;Maison;8195.0;47
Paris;92048;Meudon;peripherie;2025;Appartement;5277.0;423
Paris;92048;Meudon;peripherie;2025;Maison;8040.0;80
Paris;92049;Montrouge;peripherie;2021;Appartement;8000.0;685
Paris;92049;Montrouge;peripherie;2021;Maison;;21
Paris;92049;Montrouge;peripherie;2022;Appartement;7920.0;720
Paris;92049;Montrouge;peripherie;2022;Maison;;22
Paris;92049;Montrouge;peripherie;2023;Appartement;7586.0;587
Paris;92049;Montrouge;peripherie;2023;Maison;;28
Paris;92049;Montrouge;peripherie;2024;Appartement;7013.0;518
Paris;92049;Montrouge;peripherie;2024;Maison;;23
Paris;92049;Montrouge;peripherie;2025;Appartement;7143.0;665
Paris;92049;Montrouge;peripherie;2025;Maison;;20
Paris;92050;Nanterre;peripherie;2021;Appartement;5526.0;491
Paris;92050;Nanterre;peripherie;2021;Maison;6946.0;154
Paris;92050;Nanterre;peripherie;2022;Appartement;5667.0;474
Paris;92050;Nanterre;peripherie;2022;Maison;7083.0;159
Paris;92050;Nanterre;peripherie;2023;Appartement;5481.0;345
Paris;92050;Nanterre;peripherie;2023;Maison;6892.0;114
Paris;92050;Nanterre;peripherie;2024;Appartement;5062.0;291
Paris;92050;Nanterre;peripherie;2024;Maison;6190.0;87
Paris;92050;Nanterre;peripherie;2025;Appartement;4908.0;360
Paris;92050;Nanterre;peripherie;2025;Maison;6169.0;119
Paris;92051;Neuilly-sur-Seine;peripherie;2021;Appartement;11429.0;987
Paris;92051;Neuilly-sur-Seine;peripherie;2021;Maison;;29
Paris;92051;Neuilly-sur-Seine;peripherie;2022;Appartement;11423.0;1067
Paris;92051;Neuilly-sur-Seine;peripherie;2022;Maison;;15
Paris;92051;Neuilly-sur-Seine;peripherie;2023;Appartement;10932.0;828
Paris;92051;Neuilly-sur-Seine;peripherie;2023;Maison;;14
Paris;92051;Neuilly-sur-Seine;peripherie;2024;Appartement;10357.0;781
Paris;92051;Neuilly-sur-Seine;peripherie;2024;Maison;;19
Paris;92051;Neuilly-sur-Seine;peripherie;2025;Appartement;10440.0;911
Paris;92051;Neuilly-sur-Seine;peripherie;2025;Maison;;21
Paris;92060;Le Plessis-Robinson;peripherie;2021;Appartement;5885.0;368
Paris;92060;Le Plessis-Robinson;peripherie;2021;Maison;;24
Paris;92060;Le Plessis-Robinson;peripherie;2022;Appartement;6043.0;414
Paris;92060;Le Plessis-Robinson;peripherie;2022;Maison;7553.0;47
Paris;92060;Le Plessis-Robinson;peripherie;2023;Appartement;5758.0;277
Paris;92060;Le Plessis-Robinson;peripherie;2023;Maison;;23
Paris;92060;Le Plessis-Robinson;peripherie;2024;Appartement;5389.0;257
Paris;92060;Le Plessis-Robinson;peripherie;2024;Maison;6830.0;32
Paris;92060;Le Plessis-Robinson;peripherie;2025;Appartement;5712.0;316
Paris;92060;Le Plessis-Robinson;peripherie;2025;Maison;6284.0;37
Paris;92062;Puteaux;peripherie;2021;Appartement;7744.0;634
Paris;92062;Puteaux;peripherie;2021;Maison;;19
Paris;92062;Puteaux;peripherie;2022;Appartement;7625.0;628
Paris;92062;Puteaux;peripherie;2022;Maison;;18
Paris;92062;Puteaux;peripherie;2023;Appartement;7292.0;495
Paris;92062;Puteaux;peripherie;2023;Maison;;16
Paris;92062;Puteaux;peripherie;2024;Appartement;6931.0;428
Paris;92062;Puteaux;peripherie;2024;Maison;;15
Paris;92062;Puteaux;peripherie;2025;Appartement;7118.0;539
Paris;92062;Puteaux;peripherie;2025;Maison;;22
Paris;92063;Rueil-Malmaison;peripherie;2021;Appartement;5850.0;866
Paris;92063;Rueil-Malmaison;peripherie;2021;Maison;8362.0;304
Paris;92063;Rueil-Malmaison;peripherie;2022;Appartement;6169.0;872
Paris;92063;Rueil-Malmaison;peripherie;2022;Maison;8425.0;284
Paris;92063;Rueil-Malmaison;peripherie;2023;Appartement;5743.0;658
Paris;92063;Rueil-Malmaison;peripherie;2023;Maison;8229.0;190
Paris;92063;Rueil-Malmaison;peripherie;2024;Appartement;5507.0;620
Paris;92063;Rueil-Malmaison;peripherie;2024;Maison;7707.0;190
Paris;92063;Rueil-Malmaison;peripherie;2025;Appartement;5434.0;722
Paris;92063;Rueil-Malmaison;peripherie;2025;Maison;7506.0;210
Paris;92064;Saint-Cloud;peripherie;2021;Appartement;7127.0;347
Paris;92064;Saint-Cloud;peripherie;2021;Maison;10827.0;62
Paris;92064;Saint-Cloud;peripherie;2022;Appartement;7247.0;361
Paris;92064;Saint-Cloud;peripherie;2022;Maison;10440.0;58
Paris;92064;Saint-Cloud;peripherie;2023;Appartement;6848.0;273
Paris;92064;Saint-Cloud;peripherie;2023;Maison;10537.0;34
Paris;92064;Saint-Cloud;peripherie;2024;Appartement;6388.0;275
Paris;92064;Saint-Cloud;peripherie;2024;Maison;9888.0;48
Paris;92064;Saint-Cloud;peripherie;2025;Appartement;6451.0;317
Paris;92064;Saint-Cloud;peripherie;2025;Maison;9709.0;45
Paris;92071;Sceaux;peripherie;2021;Appartement;6318.0;186
Paris;92071;Sceaux;peripherie;2021;Maison;8785.0;50
Paris;92071;Sceaux;peripherie;2022;Appartement;6393.0;146
Paris;92071;Sceaux;peripherie;2022;Maison;9205.0;31
Paris;92071;Sceaux;peripherie;2023;Appartement;6279.0;164
Paris;92071;Sceaux;peripherie;2023;Maison;8467.0;30
Paris;92071;Sceaux;peripherie;2024;Appartement;5803.0;166
Paris;92071;Sceaux;peripherie;2024;Maison;7893.0;31
Paris;92071;Sceaux;peripherie;2025;Appartement;5846.0;194
Paris;92071;Sceaux;peripherie;2025;Maison;7512.0;39
Paris;92072;Sèvres;peripherie;2021;Appartement;6098.0;257
Paris;92072;Sèvres;peripherie;2021;Maison;8710.0;60
Paris;92072;Sèvres;peripherie;2022;Appartement;6048.0;232
Paris;92072;Sèvres;peripherie;2022;Maison;9098.0;51
Paris;92072;Sèvres;peripherie;2023;Appartement;5926.0;181
Paris;92072;Sèvres;peripherie;2023;Maison;8886.0;42
Paris;92072;Sèvres;peripherie;2024;Appartement;5349.0;161
Paris;92072;Sèvres;peripherie;2024;Maison;;29
Paris;92072;Sèvres;peripherie;2025;Appartement;5493.0;164
Paris;92072;Sèvres;peripherie;2025;Maison;7614.0;48
Paris;92073;Suresnes;peripherie;2021;Appartement;7385.0;571
Paris;92073;Suresnes;peripherie;2021;Maison;9388.0;91
Paris;92073;Suresnes;peripherie;2022;Appartement;7291.0;655
Paris;92073;Suresnes;peripherie;2022;Maison;10419.0;77
Paris;92073;Suresnes;peripherie;2023;Appartement;7221.0;392
Paris;92073;Suresnes;peripherie;2023;Maison;9200.0;61
Paris;92073;Suresnes;peripherie;2024;Appartement;6561.0;396
Paris;92073;Suresnes;peripherie;2024;Maison;8564.0;63
Paris;92073;Suresnes;peripherie;2025;Appartement;6747.0;488
Paris;92073;Suresnes;peripherie;2025;Maison;8278.0;55
Paris;92075;Vanves;peripherie;2021;Appartement;7114.0;328
Paris;92075;Vanves;peripherie;2021;Maison;10189.0;38
Paris;92075;Vanves;peripherie;2022;Appartement;7072.0;318
Paris;92075;Vanves;peripherie;2022;Maison;;27
Paris;92075;Vanves;peripherie;2023;Appartement;6800.0;294
Paris;92075;Vanves;peripherie;2023;Maison;;16
Paris;92075;Vanves;peripherie;2024;Appartement;6098.0;292
Paris;92075;Vanves;peripherie;2024;Maison;;24
Paris;92075;Vanves;peripherie;2025;Appartement;6347.0;341
Paris;92075;Vanves;peripherie;2025;Maison;8000.0;31
Paris;92076;Vaucresson;peripherie;2021;Appartement;5115.0;115
Paris;92076;Vaucresson;peripherie;2021;Maison;;20
Paris;92076;Vaucresson;peripherie;2022;Appartement;5361.0;82
Paris;92076;Vaucresson;peripherie;2022;Maison;;26
Paris;92076;Vaucresson;peripherie;2023;Appartement;5062.0;63
Paris;92076;Vaucresson;peripherie;2023;Maison;;17
Paris;92076;Vaucresson;peripherie;2024;Appartement;4912.0;75
Paris;92076;Vaucresson;peripherie;2024;Maison;;22
Paris;92076;Vaucresson;peripherie;2025;Appartement;4963.0;80
Paris;92076;Vaucresson;peripherie;2025;Maison;;26
Paris;92077;Ville-d'Avray;peripherie;2021;Appartement;5765.0;103
Paris;92077;Ville-d'Avray;peripherie;2021;Maison;;19
Paris;92077;Ville-d'Avray;peripherie;2022;Appartement;6019.0;111
Paris;92077;Ville-d'Avray;peripherie;2022;Maison;;16
Paris;92077;Ville-d'Avray;peripherie;2023;Appartement;5686.0;64
Paris;92077;Ville-d'Avray;peripherie;2023;Maison;;10
Paris;92077;Ville-d'Avray;peripherie;2024;Appartement;5237.0;60
Paris;92077;Ville-d'Avray;peripherie;2024;Maison;;13
Paris;92077;Ville-d'Avray;peripherie;2025;Appartement;5125.0;79
Paris;92077;Ville-d'Avray;peripherie;2025;Maison;;19
Paris;92078;Villeneuve-la-Garenne;peripherie;2021;Appartement;3581.0;159
Paris;92078;Villeneuve-la-Garenne;peripherie;2021;Maison;;18
Paris;92078;Villeneuve-la-Garenne;peripherie;2022;Appartement;3381.0;130
Paris;92078;Villeneuve-la-Garenne;peripherie;2022;Maison;;26
Paris;92078;Villeneuve-la-Garenne;peripherie;2023;Appartement;3169.0;95
Paris;92078;Villeneuve-la-Garenne;peripherie;2023;Maison;;8
Paris;92078;Villeneuve-la-Garenne;peripherie;2024;Appartement;3284.0;82
Paris;92078;Villeneuve-la-Garenne;peripherie;2024;Maison;;14
Paris;92078;Villeneuve-la-Garenne;peripherie;2025;Appartement;3225.0;84
Paris;92078;Villeneuve-la-Garenne;peripherie;2025;Maison;;12
Paris;93001;Aubervilliers;peripherie;2021;Appartement;4273.0;493
Paris;93001;Aubervilliers;peripherie;2021;Maison;5197.0;54
Paris;93001;Aubervilliers;peripherie;2022;Appartement;4404.0;550
Paris;93001;Aubervilliers;peripherie;2022;Maison;5109.0;45
Paris;93001;Aubervilliers;peripherie;2023;Appartement;4205.0;432
Paris;93001;Aubervilliers;peripherie;2023;Maison;4362.0;39
Paris;93001;Aubervilliers;peripherie;2024;Appartement;3917.0;334
Paris;93001;Aubervilliers;peripherie;2024;Maison;4000.0;31
Paris;93001;Aubervilliers;peripherie;2025;Appartement;3980.0;483
Paris;93001;Aubervilliers;peripherie;2025;Maison;4421.0;43
Paris;93005;Aulnay-sous-Bois;peripherie;2021;Appartement;3256.0;303
Paris;93005;Aulnay-sous-Bois;peripherie;2021;Maison;3872.0;448
Paris;93005;Aulnay-sous-Bois;peripherie;2022;Appartement;3426.0;301
Paris;93005;Aulnay-sous-Bois;peripherie;2022;Maison;3960.0;414
Paris;93005;Aulnay-sous-Bois;peripherie;2023;Appartement;3117.0;244
Paris;93005;Aulnay-sous-Bois;peripherie;2023;Maison;3944.0;293
Paris;93005;Aulnay-sous-Bois;peripherie;2024;Appartement;2910.0;230
Paris;93005;Aulnay-sous-Bois;peripherie;2024;Maison;3700.0;269
Paris;93005;Aulnay-sous-Bois;peripherie;2025;Appartement;3194.0;226
Paris;93005;Aulnay-sous-Bois;peripherie;2025;Maison;3709.0;332
Paris;93006;Bagnolet;peripherie;2021;Appartement;5849.0;273
Paris;93006;Bagnolet;peripherie;2021;Maison;7750.0;71
Paris;93006;Bagnolet;peripherie;2022;Appartement;5854.0;286
Paris;93006;Bagnolet;peripherie;2022;Maison;6697.0;58
Paris;93006;Bagnolet;peripherie;2023;Appartement;5576.0;193
Paris;93006;Bagnolet;peripherie;2023;Maison;6627.0;46
Paris;93006;Bagnolet;peripherie;2024;Appartement;5198.0;160
Paris;93006;Bagnolet;peripherie;2024;Maison;7033.0;39
Paris;93006;Bagnolet;peripherie;2025;Appartement;5246.0;211
Paris;93006;Bagnolet;peripherie;2025;Maison;6522.0;53
Paris;93007;Le Blanc-Mesnil;peripherie;2021;Appartement;3268.0;139
Paris;93007;Le Blanc-Mesnil;peripherie;2021;Maison;4089.0;220
Paris;93007;Le Blanc-Mesnil;peripherie;2022;Appartement;3651.0;134
Paris;93007;Le Blanc-Mesnil;peripherie;2022;Maison;4287.0;252
Paris;93007;Le Blanc-Mesnil;peripherie;2023;Appartement;3447.0;113
Paris;93007;Le Blanc-Mesnil;peripherie;2023;Maison;4000.0;141
Paris;93007;Le Blanc-Mesnil;peripherie;2024;Appartement;3565.0;94
Paris;93007;Le Blanc-Mesnil;peripherie;2024;Maison;4021.0;148
Paris;93007;Le Blanc-Mesnil;peripherie;2025;Appartement;3482.0;136
Paris;93007;Le Blanc-Mesnil;peripherie;2025;Maison;3700.0;149
Paris;93008;Bobigny;peripherie;2021;Appartement;3333.0;158
Paris;93008;Bobigny;peripherie;2021;Maison;4122.0;90
Paris;93008;Bobigny;peripherie;2022;Appartement;3464.0;135
Paris;93008;Bobigny;peripherie;2022;Maison;4083.0;78
Paris;93008;Bobigny;peripherie;2023;Appartement;3379.0;118
Paris;93008;Bobigny;peripherie;2023;Maison;3971.0;95
Paris;93008;Bobigny;peripherie;2024;Appartement;3452.0;97
Paris;93008;Bobigny;peripherie;2024;Maison;3500.0;60
Paris;93008;Bobigny;peripherie;2025;Appartement;3404.0;113
Paris;93008;Bobigny;peripherie;2025;Maison;3544.0;71
Paris;93010;Bondy;peripherie;2021;Appartement;3000.0;271
Paris;93010;Bondy;peripherie;2021;Maison;3718.0;201
Paris;93010;Bondy;peripherie;2022;Appartement;3085.0;243
Paris;93010;Bondy;peripherie;2022;Maison;3906.0;197
Paris;93010;Bondy;peripherie;2023;Appartement;3089.0;204
Paris;93010;Bondy;peripherie;2023;Maison;3682.0;135
Paris;93010;Bondy;peripherie;2024;Appartement;2832.0;174
Paris;93010;Bondy;peripherie;2024;Maison;3516.0;114
Paris;93010;Bondy;peripherie;2025;Appartement;2878.0;190
Paris;93010;Bondy;peripherie;2025;Maison;3475.0;126
Paris;93013;Le Bourget;peripherie;2021;Appartement;3200.0;129
Paris;93013;Le Bourget;peripherie;2021;Maison;;22
Paris;93013;Le Bourget;peripherie;2022;Appartement;3452.0;115
Paris;93013;Le Bourget;peripherie;2022;Maison;;25
Paris;93013;Le Bourget;peripherie;2023;Appartement;3640.0;78
Paris;93013;Le Bourget;peripherie;2023;Maison;;17
Paris;93013;Le Bourget;peripherie;2024;Appartement;3412.0;84
Paris;93013;Le Bourget;peripherie;2024;Maison;;19
Paris;93013;Le Bourget;peripherie;2025;Appartement;3356.0;82
Paris;93013;Le Bourget;peripherie;2025;Maison;;17
Paris;93014;Clichy-sous-Bois;peripherie;2021;Appartement;1812.0;124
Paris;93014;Clichy-sous-Bois;peripherie;2021;Maison;3301.0;62
Paris;93014;Clichy-sous-Bois;peripherie;2022;Appartement;1946.0;126
Paris;93014;Clichy-sous-Bois;peripherie;2022;Maison;3400.0;63
Paris;93014;Clichy-sous-Bois;peripherie;2023;Appartement;1955.0;137
Paris;93014;Clichy-sous-Bois;peripherie;2023;Maison;3071.0;51
Paris;93014;Clichy-sous-Bois;peripherie;2024;Appartement;1821.0;91
Paris;93014;Clichy-sous-Bois;peripherie;2024;Maison;3083.0;41
Paris;93014;Clichy-sous-Bois;peripherie;2025;Appartement;1853.0;83
Paris;93014;Clichy-sous-Bois;peripherie;2025;Maison;2995.0;30
Paris;93015;Coubron;peripherie;2021;Appartement;2552.0;32
Paris;93015;Coubron;peripherie;2021;Maison;3488.0;71
Paris;93015;Coubron;peripherie;2022;Appartement;;25
Paris;93015;Coubron;peripherie;2022;Maison;3532.0;50
Paris;93015;Coubron;peripherie;2023;Appartement;;20
Paris;93015;Coubron;peripherie;2023;Maison;3341.0;43
Paris;93015;Coubron;peripherie;2024;Appartement;;15
Paris;93015;Coubron;peripherie;2024;Maison;3125.0;31
Paris;93015;Coubron;peripherie;2025;Appartement;;14
Paris;93015;Coubron;peripherie;2025;Maison;3052.0;39
Paris;93027;La Courneuve;peripherie;2021;Appartement;3062.0;155
Paris;93027;La Courneuve;peripherie;2021;Maison;3948.0;38
Paris;93027;La Courneuve;peripherie;2022;Appartement;2962.0;137
Paris;93027;La Courneuve;peripherie;2022;Maison;4660.0;50
Paris;93027;La Courneuve;peripherie;2023;Appartement;2857.0;99
Paris;93027;La Courneuve;peripherie;2023;Maison;;28
Paris;93027;La Courneuve;peripherie;2024;Appartement;2738.0;86
Paris;93027;La Courneuve;peripherie;2024;Maison;3579.0;34
Paris;93027;La Courneuve;peripherie;2025;Appartement;2732.0;110
Paris;93027;La Courneuve;peripherie;2025;Maison;;26
Paris;93029;Drancy;peripherie;2021;Appartement;3333.0;351
Paris;93029;Drancy;peripherie;2021;Maison;4060.0;338
Paris;93029;Drancy;peripherie;2022;Appartement;3500.0;363
Paris;93029;Drancy;peripherie;2022;Maison;4290.0;312
Paris;93029;Drancy;peripherie;2023;Appartement;3349.0;297
Paris;93029;Drancy;peripherie;2023;Maison;4166.0;224
Paris;93029;Drancy;peripherie;2024;Appartement;3303.0;206
Paris;93029;Drancy;peripherie;2024;Maison;3968.0;223
Paris;93029;Drancy;peripherie;2025;Appartement;3241.0;236
Paris;93029;Drancy;peripherie;2025;Maison;3822.0;215
Paris;93030;Dugny;peripherie;2021;Appartement;2916.0;44
Paris;93030;Dugny;peripherie;2021;Maison;;6
Paris;93030;Dugny;peripherie;2022;Appartement;2912.0;38
Paris;93030;Dugny;peripherie;2022;Maison;;7
Paris;93030;Dugny;peripherie;2023;Appartement;;21
Paris;93030;Dugny;peripherie;2023;Maison;;7
Paris;93030;Dugny;peripherie;2024;Appartement;;17
Paris;93030;Dugny;peripherie;2024;Maison;;8
Paris;93030;Dugny;peripherie;2025;Appartement;3157.0;36
Paris;93030;Dugny;peripherie;2025;Maison;;2
Paris;93031;Épinay-sur-Seine;peripherie;2021;Appartement;2718.0;425
Paris;93031;Épinay-sur-Seine;peripherie;2021;Maison;3619.0;115
Paris;93031;Épinay-sur-Seine;peripherie;2022;Appartement;2745.0;434
Paris;93031;Épinay-sur-Seine;peripherie;2022;Maison;3795.0;86
Paris;93031;Épinay-sur-Seine;peripherie;2023;Appartement;2749.0;284
Paris;93031;Épinay-sur-Seine;peripherie;2023;Maison;3835.0;67
Paris;93031;Épinay-sur-Seine;peripherie;2024;Appartement;2660.0;225
Paris;93031;Épinay-sur-Seine;peripherie;2024;Maison;3522.0;64
Paris;93031;Épinay-sur-Seine;peripherie;2025;Appartement;2770.0;261
Paris;93031;Épinay-sur-Seine;peripherie;2025;Maison;3545.0;70
Paris;93032;Gagny;peripherie;2021;Appartement;3134.0;251
Paris;93032;Gagny;peripherie;2021;Maison;4138.0;305
Paris;93032;Gagny;peripherie;2022;Appartement;3179.0;225
Paris;93032;Gagny;peripherie;2022;Maison;4049.0;279
Paris;93032;Gagny;peripherie;2023;Appartement;3212.0;171
Paris;93032;Gagny;peripherie;2023;Maison;4000.0;217
Paris;93032;Gagny;peripherie;2024;Appartement;2917.0;151
Paris;93032;Gagny;peripherie;2024;Maison;3740.0;187
Paris;93032;Gagny;peripherie;2025;Appartement;3096.0;164
Paris;93032;Gagny;peripherie;2025;Maison;3607.0;210
Paris;93033;Gournay-sur-Marne;peripherie;2021;Appartement;4448.0;64
Paris;93033;Gournay-sur-Marne;peripherie;2021;Maison;4673.0;75
Paris;93033;Gournay-sur-Marne;peripherie;2022;Appartement;4205.0;39
Paris;93033;Gournay-sur-Marne;peripherie;2022;Maison;4680.0;68
Paris;93033;Gournay-sur-Marne;peripherie;2023;Appartement;4444.0;39
Paris;93033;Gournay-sur-Marne;peripherie;2023;Maison;4476.0;57
Paris;93033;Gournay-sur-Marne;peripherie;2024;Appartement;;22
Paris;93033;Gournay-sur-Marne;peripherie;2024;Maison;3955.0;36
Paris;93033;Gournay-sur-Marne;peripherie;2025;Appartement;4198.0;34
Paris;93033;Gournay-sur-Marne;peripherie;2025;Maison;4036.0;56
Paris;93039;L'Île-Saint-Denis;peripherie;2021;Appartement;3469.0;63
Paris;93039;L'Île-Saint-Denis;peripherie;2021;Maison;;8
Paris;93039;L'Île-Saint-Denis;peripherie;2022;Appartement;3855.0;66
Paris;93039;L'Île-Saint-Denis;peripherie;2022;Maison;;4
Paris;93039;L'Île-Saint-Denis;peripherie;2023;Appartement;4143.0;53
Paris;93039;L'Île-Saint-Denis;peripherie;2023;Maison;;3
Paris;93039;L'Île-Saint-Denis;peripherie;2024;Appartement;3609.0;32
Paris;93039;L'Île-Saint-Denis;peripherie;2024;Maison;;3
Paris;93039;L'Île-Saint-Denis;peripherie;2025;Appartement;;29
Paris;93039;L'Île-Saint-Denis;peripherie;2025;Maison;;5
Paris;93045;Les Lilas;peripherie;2021;Appartement;7413.0;240
Paris;93045;Les Lilas;peripherie;2021;Maison;8333.0;35
Paris;93045;Les Lilas;peripherie;2022;Appartement;7349.0;274
Paris;93045;Les Lilas;peripherie;2022;Maison;8070.0;32
Paris;93045;Les Lilas;peripherie;2023;Appartement;7093.0;197
Paris;93045;Les Lilas;peripherie;2023;Maison;;28
Paris;93045;Les Lilas;peripherie;2024;Appartement;6616.0;146
Paris;93045;Les Lilas;peripherie;2024;Maison;;17
Paris;93045;Les Lilas;peripherie;2025;Appartement;6579.0;231
Paris;93045;Les Lilas;peripherie;2025;Maison;;18
Paris;93046;Livry-Gargan;peripherie;2021;Appartement;3000.0;417
Paris;93046;Livry-Gargan;peripherie;2021;Maison;3750.0;282
Paris;93046;Livry-Gargan;peripherie;2022;Appartement;3136.0;392
Paris;93046;Livry-Gargan;peripherie;2022;Maison;3954.0;270
Paris;93046;Livry-Gargan;peripherie;2023;Appartement;2970.0;304
Paris;93046;Livry-Gargan;peripherie;2023;Maison;3779.0;196
Paris;93046;Livry-Gargan;peripherie;2024;Appartement;2791.0;269
Paris;93046;Livry-Gargan;peripherie;2024;Maison;3646.0;163
Paris;93046;Livry-Gargan;peripherie;2025;Appartement;2934.0;267
Paris;93046;Livry-Gargan;peripherie;2025;Maison;3611.0;172
Paris;93047;Montfermeil;peripherie;2021;Appartement;3077.0;62
Paris;93047;Montfermeil;peripherie;2021;Maison;3579.0;209
Paris;93047;Montfermeil;peripherie;2022;Appartement;3461.0;66
Paris;93047;Montfermeil;peripherie;2022;Maison;3666.0;198
Paris;93047;Montfermeil;peripherie;2023;Appartement;3089.0;37
Paris;93047;Montfermeil;peripherie;2023;Maison;3547.0;156
Paris;93047;Montfermeil;peripherie;2024;Appartement;3031.0;45
Paris;93047;Montfermeil;peripherie;2024;Maison;3676.0;141
Paris;93047;Montfermeil;peripherie;2025;Appartement;3158.0;49
Paris;93047;Montfermeil;peripherie;2025;Maison;3399.0;158
Paris;93048;Montreuil;peripherie;2021;Appartement;6795.0;1086
Paris;93048;Montreuil;peripherie;2021;Maison;7265.0;260
Paris;93048;Montreuil;peripherie;2022;Appartement;6845.0;1104
Paris;93048;Montreuil;peripherie;2022;Maison;7289.0;251
Paris;93048;Montreuil;peripherie;2023;Appartement;6400.0;865
Paris;93048;Montreuil;peripherie;2023;Maison;7377.0;195
Paris;93048;Montreuil;peripherie;2024;Appartement;5823.0;759
Paris;93048;Montreuil;peripherie;2024;Maison;5993.0;166
Paris;93048;Montreuil;peripherie;2025;Appartement;6030.0;876
Paris;93048;Montreuil;peripherie;2025;Maison;6141.0;199
Paris;93049;Neuilly-Plaisance;peripherie;2021;Appartement;4116.0;162
Paris;93049;Neuilly-Plaisance;peripherie;2021;Maison;4958.0;122
Paris;93049;Neuilly-Plaisance;peripherie;2022;Appartement;4202.0;190
Paris;93049;Neuilly-Plaisance;peripherie;2022;Maison;5163.0;133
Paris;93049;Neuilly-Plaisance;peripherie;2023;Appartement;4181.0;116
Paris;93049;Neuilly-Plaisance;peripherie;2023;Maison;5000.0;79
Paris;93049;Neuilly-Plaisance;peripherie;2024;Appartement;4014.0;126
Paris;93049;Neuilly-Plaisance;peripherie;2024;Maison;4129.0;80
Paris;93049;Neuilly-Plaisance;peripherie;2025;Appartement;3719.0;139
Paris;93049;Neuilly-Plaisance;peripherie;2025;Maison;4583.0;110
Paris;93050;Neuilly-sur-Marne;peripherie;2021;Appartement;3111.0;285
Paris;93050;Neuilly-sur-Marne;peripherie;2021;Maison;4277.0;86
Paris;93050;Neuilly-sur-Marne;peripherie;2022;Appartement;3342.0;274
Paris;93050;Neuilly-sur-Marne;peripherie;2022;Maison;4261.0;56
Paris;93050;Neuilly-sur-Marne;peripherie;2023;Appartement;3332.0;180
Paris;93050;Neuilly-sur-Marne;peripherie;2023;Maison;4443.0;61
Paris;93050;Neuilly-sur-Marne;peripherie;2024;Appartement;3006.0;144
Paris;93050;Neuilly-sur-Marne;peripherie;2024;Maison;3762.0;55
Paris;93050;Neuilly-sur-Marne;peripherie;2025;Appartement;3022.0;199
Paris;93050;Neuilly-sur-Marne;peripherie;2025;Maison;3986.0;71
Paris;93051;Noisy-le-Grand;peripherie;2021;Appartement;4274.0;700
Paris;93051;Noisy-le-Grand;peripherie;2021;Maison;4682.0;222
Paris;93051;Noisy-le-Grand;peripherie;2022;Appartement;4314.0;724
Paris;93051;Noisy-le-Grand;peripherie;2022;Maison;5062.0;222
Paris;93051;Noisy-le-Grand;peripherie;2023;Appartement;4273.0;541
Paris;93051;Noisy-le-Grand;peripherie;2023;Maison;4905.0;134
Paris;93051;Noisy-le-Grand;peripherie;2024;Appartement;4233.0;421
Paris;93051;Noisy-le-Grand;peripherie;2024;Maison;4399.0;146
Paris;93051;Noisy-le-Grand;peripherie;2025;Appartement;4341.0;517
Paris;93051;Noisy-le-Grand;peripherie;2025;Maison;4384.0;164
Paris;93053;Noisy-le-Sec;peripherie;2021;Appartement;3773.0;255
Paris;93053;Noisy-le-Sec;peripherie;2021;Maison;5053.0;124
Paris;93053;Noisy-le-Sec;peripherie;2022;Appartement;3687.0;270
Paris;93053;Noisy-le-Sec;peripherie;2022;Maison;4924.0;102
Paris;93053;Noisy-le-Sec;peripherie;2023;Appartement;3510.0;191
Paris;93053;Noisy-le-Sec;peripherie;2023;Maison;4530.0;99
Paris;93053;Noisy-le-Sec;peripherie;2024;Appartement;3407.0;167
Paris;93053;Noisy-le-Sec;peripherie;2024;Maison;4023.0;68
Paris;93053;Noisy-le-Sec;peripherie;2025;Appartement;3415.0;203
Paris;93053;Noisy-le-Sec;peripherie;2025;Maison;4423.0;96
Paris;93055;Pantin;peripherie;2021;Appartement;6713.0;596
Paris;93055;Pantin;peripherie;2021;Maison;7395.0;49
Paris;93055;Pantin;peripherie;2022;Appartement;6496.0;620
Paris;93055;Pantin;peripherie;2022;Maison;7903.0;32
Paris;93055;Pantin;peripherie;2023;Appartement;6135.0;482
Paris;93055;Pantin;peripherie;2023;Maison;;24
Paris;93055;Pantin;peripherie;2024;Appartement;5778.0;439
Paris;93055;Pantin;peripherie;2024;Maison;;22
Paris;93055;Pantin;peripherie;2025;Appartement;5915.0;494
Paris;93055;Pantin;peripherie;2025;Maison;;24
Paris;93057;Les Pavillons-sous-Bois;peripherie;2021;Appartement;3315.0;224
Paris;93057;Les Pavillons-sous-Bois;peripherie;2021;Maison;4090.0;158
Paris;93057;Les Pavillons-sous-Bois;peripherie;2022;Appartement;3409.0;219
Paris;93057;Les Pavillons-sous-Bois;peripherie;2022;Maison;4057.0;136
Paris;93057;Les Pavillons-sous-Bois;peripherie;2023;Appartement;3196.0;172
Paris;93057;Les Pavillons-sous-Bois;peripherie;2023;Maison;3852.0;115
Paris;93057;Les Pavillons-sous-Bois;peripherie;2024;Appartement;3273.0;129
Paris;93057;Les Pavillons-sous-Bois;peripherie;2024;Maison;3885.0;82
Paris;93057;Les Pavillons-sous-Bois;peripherie;2025;Appartement;3006.0;146
Paris;93057;Les Pavillons-sous-Bois;peripherie;2025;Maison;3675.0;101
Paris;93061;Le Pré-Saint-Gervais;peripherie;2021;Appartement;6821.0;185
Paris;93061;Le Pré-Saint-Gervais;peripherie;2021;Maison;;19
Paris;93061;Le Pré-Saint-Gervais;peripherie;2022;Appartement;6750.0;168
Paris;93061;Le Pré-Saint-Gervais;peripherie;2022;Maison;;20
Paris;93061;Le Pré-Saint-Gervais;peripherie;2023;Appartement;6467.0;139
Paris;93061;Le Pré-Saint-Gervais;peripherie;2023;Maison;;16
Paris;93061;Le Pré-Saint-Gervais;peripherie;2024;Appartement;6104.0;114
Paris;93061;Le Pré-Saint-Gervais;peripherie;2024;Maison;;10
Paris;93061;Le Pré-Saint-Gervais;peripherie;2025;Appartement;6282.0;143
Paris;93061;Le Pré-Saint-Gervais;peripherie;2025;Maison;;14
Paris;93062;Le Raincy;peripherie;2021;Appartement;4097.0;188
Paris;93062;Le Raincy;peripherie;2021;Maison;4988.0;86
Paris;93062;Le Raincy;peripherie;2022;Appartement;4500.0;198
Paris;93062;Le Raincy;peripherie;2022;Maison;5750.0;77
Paris;93062;Le Raincy;peripherie;2023;Appartement;4261.0;134
Paris;93062;Le Raincy;peripherie;2023;Maison;5112.0;42
Paris;93062;Le Raincy;peripherie;2024;Appartement;4014.0;107
Paris;93062;Le Raincy;peripherie;2024;Maison;4783.0;57
Paris;93062;Le Raincy;peripherie;2025;Appartement;3971.0;149
Paris;93062;Le Raincy;peripherie;2025;Maison;4857.0;59
Paris;93063;Romainville;peripherie;2021;Appartement;5717.0;244
Paris;93063;Romainville;peripherie;2021;Maison;6300.0;88
Paris;93063;Romainville;peripherie;2022;Appartement;5970.0;219
Paris;93063;Romainville;peripherie;2022;Maison;6635.0;92
Paris;93063;Romainville;peripherie;2023;Appartement;5667.0;181
Paris;93063;Romainville;peripherie;2023;Maison;6270.0;66
Paris;93063;Romainville;peripherie;2024;Appartement;5080.0;157
Paris;93063;Romainville;peripherie;2024;Maison;6189.0;54
Paris;93063;Romainville;peripherie;2025;Appartement;5336.0;234
Paris;93063;Romainville;peripherie;2025;Maison;5524.0;59
Paris;93064;Rosny-sous-Bois;peripherie;2021;Appartement;3895.0;433
Paris;93064;Rosny-sous-Bois;peripherie;2021;Maison;5366.0;143
Paris;93064;Rosny-sous-Bois;peripherie;2022;Appartement;3914.0;447
Paris;93064;Rosny-sous-Bois;peripherie;2022;Maison;5036.0;109
Paris;93064;Rosny-sous-Bois;peripherie;2023;Appartement;3915.0;320
Paris;93064;Rosny-sous-Bois;peripherie;2023;Maison;5000.0;73
Paris;93064;Rosny-sous-Bois;peripherie;2024;Appartement;3667.0;309
Paris;93064;Rosny-sous-Bois;peripherie;2024;Maison;4936.0;65
Paris;93064;Rosny-sous-Bois;peripherie;2025;Appartement;3754.0;325
Paris;93064;Rosny-sous-Bois;peripherie;2025;Maison;4595.0;94
Paris;93066;Saint-Denis;peripherie;2021;Appartement;4274.0;831
Paris;93066;Saint-Denis;peripherie;2021;Maison;4524.0;93
Paris;93066;Saint-Denis;peripherie;2022;Appartement;4402.0;822
Paris;93066;Saint-Denis;peripherie;2022;Maison;4455.0;82
Paris;93066;Saint-Denis;peripherie;2023;Appartement;4299.0;664
Paris;93066;Saint-Denis;peripherie;2023;Maison;4681.0;63
Paris;93066;Saint-Denis;peripherie;2024;Appartement;3938.0;555
Paris;93066;Saint-Denis;peripherie;2024;Maison;4019.0;73
Paris;93066;Saint-Denis;peripherie;2025;Appartement;3915.0;743
Paris;93066;Saint-Denis;peripherie;2025;Maison;3163.0;118
Paris;93070;Saint-Ouen-sur-Seine;peripherie;2021;Appartement;6808.0;567
Paris;93070;Saint-Ouen-sur-Seine;peripherie;2021;Maison;7698.0;43
Paris;93070;Saint-Ouen-sur-Seine;peripherie;2022;Appartement;6976.0;673
Paris;93070;Saint-Ouen-sur-Seine;peripherie;2022;Maison;8033.0;40
Paris;93070;Saint-Ouen-sur-Seine;peripherie;2023;Appartement;6667.0;540
Paris;93070;Saint-Ouen-sur-Seine;peripherie;2023;Maison;;25
Paris;93070;Saint-Ouen-sur-Seine;peripherie;2024;Appartement;6250.0;457
Paris;93070;Saint-Ouen-sur-Seine;peripherie;2024;Maison;;29
Paris;93070;Saint-Ouen-sur-Seine;peripherie;2025;Appartement;6435.0;599
Paris;93070;Saint-Ouen-sur-Seine;peripherie;2025;Maison;7824.0;34
Paris;93071;Sevran;peripherie;2021;Appartement;2277.0;190
Paris;93071;Sevran;peripherie;2021;Maison;3352.0;219
Paris;93071;Sevran;peripherie;2022;Appartement;2255.0;192
Paris;93071;Sevran;peripherie;2022;Maison;3542.0;220
Paris;93071;Sevran;peripherie;2023;Appartement;2338.0;137
Paris;93071;Sevran;peripherie;2023;Maison;3511.0;152
Paris;93071;Sevran;peripherie;2024;Appartement;2200.0;120
Paris;93071;Sevran;peripherie;2024;Maison;3279.0;139
Paris;93071;Sevran;peripherie;2025;Appartement;2188.0;134
Paris;93071;Sevran;peripherie;2025;Maison;3333.0;131
Paris;93072;Stains;peripherie;2021;Appartement;2733.0;112
Paris;93072;Stains;peripherie;2021;Maison;3335.0;112
Paris;93072;Stains;peripherie;2022;Appartement;3000.0;109
Paris;93072;Stains;peripherie;2022;Maison;3425.0;94
Paris;93072;Stains;peripherie;2023;Appartement;2614.0;83
Paris;93072;Stains;peripherie;2023;Maison;3377.0;75
Paris;93072;Stains;peripherie;2024;Appartement;2606.0;84
Paris;93072;Stains;peripherie;2024;Maison;3736.0;66
Paris;93072;Stains;peripherie;2025;Appartement;2812.0;67
Paris;93072;Stains;peripherie;2025;Maison;3512.0;69
Paris;93073;Tremblay-en-France;peripherie;2021;Appartement;2645.0;144
Paris;93073;Tremblay-en-France;peripherie;2021;Maison;3394.0;277
Paris;93073;Tremblay-en-France;peripherie;2022;Appartement;2798.0;138
Paris;93073;Tremblay-en-France;peripherie;2022;Maison;3723.0;275
Paris;93073;Tremblay-en-France;peripherie;2023;Appartement;2494.0;102
Paris;93073;Tremblay-en-France;peripherie;2023;Maison;3680.0;190
Paris;93073;Tremblay-en-France;peripherie;2024;Appartement;2559.0;93
Paris;93073;Tremblay-en-France;peripherie;2024;Maison;3395.0;175
Paris;93073;Tremblay-en-France;peripherie;2025;Appartement;2677.0;86
Paris;93073;Tremblay-en-France;peripherie;2025;Maison;3442.0;190
Paris;93074;Vaujours;peripherie;2021;Appartement;2896.0;72
Paris;93074;Vaujours;peripherie;2021;Maison;3127.0;50
Paris;93074;Vaujours;peripherie;2022;Appartement;3162.0;52
Paris;93074;Vaujours;peripherie;2022;Maison;3793.0;62
Paris;93074;Vaujours;peripherie;2023;Appartement;3071.0;43
Paris;93074;Vaujours;peripherie;2023;Maison;;26
Paris;93074;Vaujours;peripherie;2024;Appartement;3062.0;47
Paris;93074;Vaujours;peripherie;2024;Maison;3417.0;47
Paris;93074;Vaujours;peripherie;2025;Appartement;3066.0;46
Paris;93074;Vaujours;peripherie;2025;Maison;;26
Paris;93077;Villemomble;peripherie;2021;Appartement;3591.0;244
Paris;93077;Villemomble;peripherie;2021;Maison;4606.0;203
Paris;93077;Villemomble;peripherie;2022;Appartement;3870.0;234
Paris;93077;Villemomble;peripherie;2022;Maison;4821.0;187
Paris;93077;Villemomble;peripherie;2023;Appartement;3750.0;188
Paris;93077;Villemomble;peripherie;2023;Maison;4762.0;137
Paris;93077;Villemomble;peripherie;2024;Appartement;3451.0;149
Paris;93077;Villemomble;peripherie;2024;Maison;4063.0;104
Paris;93077;Villemomble;peripherie;2025;Appartement;3512.0;161
Paris;93077;Villemomble;peripherie;2025;Maison;4078.0;132
Paris;93078;Villepinte;peripherie;2021;Appartement;2712.0;188
Paris;93078;Villepinte;peripherie;2021;Maison;3196.0;188
Paris;93078;Villepinte;peripherie;2022;Appartement;2887.0;156
Paris;93078;Villepinte;peripherie;2022;Maison;3230.0;197
Paris;93078;Villepinte;peripherie;2023;Appartement;2534.0;137
Paris;93078;Villepinte;peripherie;2023;Maison;3474.0;113
Paris;93078;Villepinte;peripherie;2024;Appartement;2331.0;132
Paris;93078;Villepinte;peripherie;2024;Maison;3101.0;130
Paris;93078;Villepinte;peripherie;2025;Appartement;2622.0;140
Paris;93078;Villepinte;peripherie;2025;Maison;3155.0;126
Paris;93079;Villetaneuse;peripherie;2021;Appartement;;26
Paris;93079;Villetaneuse;peripherie;2021;Maison;;25
Paris;93079;Villetaneuse;peripherie;2022;Appartement;2812.0;35
Paris;93079;Villetaneuse;peripherie;2022;Maison;;23
Paris;93079;Villetaneuse;peripherie;2023;Appartement;;21
Paris;93079;Villetaneuse;peripherie;2023;Maison;;15
Paris;93079;Villetaneuse;peripherie;2024;Appartement;;13
Paris;93079;Villetaneuse;peripherie;2024;Maison;;11
Paris;93079;Villetaneuse;peripherie;2025;Appartement;;16
Paris;93079;Villetaneuse;peripherie;2025;Maison;;17
Paris;94001;Ablon-sur-Seine;peripherie;2021;Appartement;2725.0;80
Paris;94001;Ablon-sur-Seine;peripherie;2021;Maison;;23
Paris;94001;Ablon-sur-Seine;peripherie;2022;Appartement;2908.0;70
Paris;94001;Ablon-sur-Seine;peripherie;2022;Maison;;24
Paris;94001;Ablon-sur-Seine;peripherie;2023;Appartement;2691.0;54
Paris;94001;Ablon-sur-Seine;peripherie;2023;Maison;;15
Paris;94001;Ablon-sur-Seine;peripherie;2024;Appartement;;29
Paris;94001;Ablon-sur-Seine;peripherie;2024;Maison;;17
Paris;94001;Ablon-sur-Seine;peripherie;2025;Appartement;2593.0;35
Paris;94001;Ablon-sur-Seine;peripherie;2025;Maison;;20
Paris;94002;Alfortville;peripherie;2021;Appartement;5401.0;490
Paris;94002;Alfortville;peripherie;2021;Maison;6348.0;81
Paris;94002;Alfortville;peripherie;2022;Appartement;5541.0;497
Paris;94002;Alfortville;peripherie;2022;Maison;5995.0;59
Paris;94002;Alfortville;peripherie;2023;Appartement;5270.0;373
Paris;94002;Alfortville;peripherie;2023;Maison;6086.0;47
Paris;94002;Alfortville;peripherie;2024;Appartement;4861.0;297
Paris;94002;Alfortville;peripherie;2024;Maison;5805.0;45
Paris;94002;Alfortville;peripherie;2025;Appartement;4916.0;359
Paris;94002;Alfortville;peripherie;2025;Maison;6222.0;54
Paris;94003;Arcueil;peripherie;2021;Appartement;5789.0;143
Paris;94003;Arcueil;peripherie;2021;Maison;6810.0;58
Paris;94003;Arcueil;peripherie;2022;Appartement;5791.0;142
Paris;94003;Arcueil;peripherie;2022;Maison;7399.0;48
Paris;94003;Arcueil;peripherie;2023;Appartement;5816.0;117
Paris;94003;Arcueil;peripherie;2023;Maison;6200.0;48
Paris;94003;Arcueil;peripherie;2024;Appartement;5161.0;100
Paris;94003;Arcueil;peripherie;2024;Maison;6150.0;37
Paris;94003;Arcueil;peripherie;2025;Appartement;5000.0;120
Paris;94003;Arcueil;peripherie;2025;Maison;5424.0;32
Paris;94004;Boissy-Saint-Léger;peripherie;2021;Appartement;3225.0;152
Paris;94004;Boissy-Saint-Léger;peripherie;2021;Maison;3842.0;58
Paris;94004;Boissy-Saint-Léger;peripherie;2022;Appartement;3295.0;132
Paris;94004;Boissy-Saint-Léger;peripherie;2022;Maison;4393.0;49
Paris;94004;Boissy-Saint-Léger;peripherie;2023;Appartement;3056.0;105
Paris;94004;Boissy-Saint-Léger;peripherie;2023;Maison;3916.0;30
Paris;94004;Boissy-Saint-Léger;peripherie;2024;Appartement;2765.0;101
Paris;94004;Boissy-Saint-Léger;peripherie;2024;Maison;;27
Paris;94004;Boissy-Saint-Léger;peripherie;2025;Appartement;3268.0;97
Paris;94004;Boissy-Saint-Léger;peripherie;2025;Maison;3553.0;30
Paris;94011;Bonneuil-sur-Marne;peripherie;2021;Appartement;3612.0;72
Paris;94011;Bonneuil-sur-Marne;peripherie;2021;Maison;4653.0;30
Paris;94011;Bonneuil-sur-Marne;peripherie;2022;Appartement;3537.0;63
Paris;94011;Bonneuil-sur-Marne;peripherie;2022;Maison;4848.0;31
Paris;94011;Bonneuil-sur-Marne;peripherie;2023;Appartement;3702.0;52
Paris;94011;Bonneuil-sur-Marne;peripherie;2023;Maison;;29
Paris;94011;Bonneuil-sur-Marne;peripherie;2024;Appartement;3833.0;39
Paris;94011;Bonneuil-sur-Marne;peripherie;2024;Maison;;27
Paris;94011;Bonneuil-sur-Marne;peripherie;2025;Appartement;3442.0;38
Paris;94011;Bonneuil-sur-Marne;peripherie;2025;Maison;;25
Paris;94015;Bry-sur-Marne;peripherie;2021;Appartement;4795.0;182
Paris;94015;Bry-sur-Marne;peripherie;2021;Maison;6537.0;102
Paris;94015;Bry-sur-Marne;peripherie;2022;Appartement;5031.0;170
Paris;94015;Bry-sur-Marne;peripherie;2022;Maison;6744.0;89
Paris;94015;Bry-sur-Marne;peripherie;2023;Appartement;5200.0;140
Paris;94015;Bry-sur-Marne;peripherie;2023;Maison;7234.0;63
Paris;94015;Bry-sur-Marne;peripherie;2024;Appartement;4633.0;128
Paris;94015;Bry-sur-Marne;peripherie;2024;Maison;5759.0;52
Paris;94015;Bry-sur-Marne;peripherie;2025;Appartement;4709.0;156
Paris;94015;Bry-sur-Marne;peripherie;2025;Maison;5891.0;71
Paris;94016;Cachan;peripherie;2021;Appartement;5268.0;267
Paris;94016;Cachan;peripherie;2021;Maison;7167.0;75
Paris;94016;Cachan;peripherie;2022;Appartement;5331.0;286
Paris;94016;Cachan;peripherie;2022;Maison;7505.0;61
Paris;94016;Cachan;peripherie;2023;Appartement;5276.0;164
Paris;94016;Cachan;peripherie;2023;Maison;6962.0;52
Paris;94016;Cachan;peripherie;2024;Appartement;4930.0;188
Paris;94016;Cachan;peripherie;2024;Maison;5282.0;45
Paris;94016;Cachan;peripherie;2025;Appartement;4929.0;213
Paris;94016;Cachan;peripherie;2025;Maison;5634.0;50
Paris;94017;Champigny-sur-Marne;peripherie;2021;Appartement;3758.0;523
Paris;94017;Champigny-sur-Marne;peripherie;2021;Maison;4793.0;326
Paris;94017;Champigny-sur-Marne;peripherie;2022;Appartement;3909.0;449
Paris;94017;Champigny-sur-Marne;peripherie;2022;Maison;5000.0;326
Paris;94017;Champigny-sur-Marne;peripherie;2023;Appartement;3722.0;341
Paris;94017;Champigny-sur-Marne;peripherie;2023;Maison;5000.0;229
Paris;94017;Champigny-sur-Marne;peripherie;2024;Appartement;3426.0;300
Paris;94017;Champigny-sur-Marne;peripherie;2024;Maison;4450.0;204
Paris;94017;Champigny-sur-Marne;peripherie;2025;Appartement;3646.0;324
Paris;94017;Champigny-sur-Marne;peripherie;2025;Maison;4390.0;261
Paris;94018;Charenton-le-Pont;peripherie;2021;Appartement;8460.0;417
Paris;94018;Charenton-le-Pont;peripherie;2021;Maison;;11
Paris;94018;Charenton-le-Pont;peripherie;2022;Appartement;8402.0;436
Paris;94018;Charenton-le-Pont;peripherie;2022;Maison;;9
Paris;94018;Charenton-le-Pont;peripherie;2023;Appartement;7819.0;336
Paris;94018;Charenton-le-Pont;peripherie;2023;Maison;;6
Paris;94018;Charenton-le-Pont;peripherie;2024;Appartement;7381.0;291
Paris;94018;Charenton-le-Pont;peripherie;2024;Maison;;7
Paris;94018;Charenton-le-Pont;peripherie;2025;Appartement;7463.0;348
Paris;94018;Charenton-le-Pont;peripherie;2025;Maison;;5
Paris;94019;Chennevières-sur-Marne;peripherie;2021;Appartement;3364.0;239
Paris;94019;Chennevières-sur-Marne;peripherie;2021;Maison;4467.0;117
Paris;94019;Chennevières-sur-Marne;peripherie;2022;Appartement;3537.0;174
Paris;94019;Chennevières-sur-Marne;peripherie;2022;Maison;4814.0;96
Paris;94019;Chennevières-sur-Marne;peripherie;2023;Appartement;3182.0;169
Paris;94019;Chennevières-sur-Marne;peripherie;2023;Maison;4402.0;60
Paris;94019;Chennevières-sur-Marne;peripherie;2024;Appartement;3067.0;125
Paris;94019;Chennevières-sur-Marne;peripherie;2024;Maison;4276.0;52
Paris;94019;Chennevières-sur-Marne;peripherie;2025;Appartement;3227.0;186
Paris;94019;Chennevières-sur-Marne;peripherie;2025;Maison;4130.0;66
Paris;94021;Chevilly-Larue;peripherie;2021;Appartement;3431.0;212
Paris;94021;Chevilly-Larue;peripherie;2021;Maison;5189.0;30
Paris;94021;Chevilly-Larue;peripherie;2022;Appartement;3727.0;143
Paris;94021;Chevilly-Larue;peripherie;2022;Maison;5743.0;35
Paris;94021;Chevilly-Larue;peripherie;2023;Appartement;3638.0;126
Paris;94021;Chevilly-Larue;peripherie;2023;Maison;;22
Paris;94021;Chevilly-Larue;peripherie;2024;Appartement;3477.0;103
Paris;94021;Chevilly-Larue;peripherie;2024;Maison;;12
Paris;94021;Chevilly-Larue;peripherie;2025;Appartement;3425.0;127
Paris;94021;Chevilly-Larue;peripherie;2025;Maison;;25
Paris;94022;Choisy-le-Roi;peripherie;2021;Appartement;3788.0;472
Paris;94022;Choisy-le-Roi;peripherie;2021;Maison;4573.0;101
Paris;94022;Choisy-le-Roi;peripherie;2022;Appartement;3856.0;438
Paris;94022;Choisy-le-Roi;peripherie;2022;Maison;4913.0;101
Paris;94022;Choisy-le-Roi;peripherie;2023;Appartement;3713.0;362
Paris;94022;Choisy-le-Roi;peripherie;2023;Maison;4458.0;63
Paris;94022;Choisy-le-Roi;peripherie;2024;Appartement;3456.0;299
Paris;94022;Choisy-le-Roi;peripherie;2024;Maison;4411.0;66
Paris;94022;Choisy-le-Roi;peripherie;2025;Appartement;3481.0;343
Paris;94022;Choisy-le-Roi;peripherie;2025;Maison;4389.0;71
Paris;94028;Créteil;peripherie;2021;Appartement;3846.0;736
Paris;94028;Créteil;peripherie;2021;Maison;5974.0;87
Paris;94028;Créteil;peripherie;2022;Appartement;4135.0;783
Paris;94028;Créteil;peripherie;2022;Maison;6213.0;84
Paris;94028;Créteil;peripherie;2023;Appartement;3702.0;566
Paris;94028;Créteil;peripherie;2023;Maison;5601.0;62
Paris;94028;Créteil;peripherie;2024;Appartement;3401.0;446
Paris;94028;Créteil;peripherie;2024;Maison;5873.0;44
Paris;94028;Créteil;peripherie;2025;Appartement;3551.0;541
Paris;94028;Créteil;peripherie;2025;Maison;5393.0;67
Paris;94033;Fontenay-sous-Bois;peripherie;2021;Appartement;6266.0;466
Paris;94033;Fontenay-sous-Bois;peripherie;2021;Maison;7924.0;206
Paris;94033;Fontenay-sous-Bois;peripherie;2022;Appartement;6561.0;438
Paris;94033;Fontenay-sous-Bois;peripherie;2022;Maison;7884.0;198
Paris;94033;Fontenay-sous-Bois;peripherie;2023;Appartement;6222.0;363
Paris;94033;Fontenay-sous-Bois;peripherie;2023;Maison;7340.0;140
Paris;94033;Fontenay-sous-Bois;peripherie;2024;Appartement;5667.0;315
Paris;94033;Fontenay-sous-Bois;peripherie;2024;Maison;6660.0;116
Paris;94033;Fontenay-sous-Bois;peripherie;2025;Appartement;5566.0;372
Paris;94033;Fontenay-sous-Bois;peripherie;2025;Maison;7042.0;157
Paris;94034;Fresnes;peripherie;2021;Appartement;3418.0;293
Paris;94034;Fresnes;peripherie;2021;Maison;5081.0;66
Paris;94034;Fresnes;peripherie;2022;Appartement;3474.0;327
Paris;94034;Fresnes;peripherie;2022;Maison;4890.0;42
Paris;94034;Fresnes;peripherie;2023;Appartement;3439.0;243
Paris;94034;Fresnes;peripherie;2023;Maison;5227.0;31
Paris;94034;Fresnes;peripherie;2024;Appartement;3108.0;201
Paris;94034;Fresnes;peripherie;2024;Maison;;22
Paris;94034;Fresnes;peripherie;2025;Appartement;3129.0;237
Paris;94034;Fresnes;peripherie;2025;Maison;4718.0;46
Paris;94037;Gentilly;peripherie;2021;Appartement;6115.0;120
Paris;94037;Gentilly;peripherie;2021;Maison;;23
Paris;94037;Gentilly;peripherie;2022;Appartement;6447.0;135
Paris;94037;Gentilly;peripherie;2022;Maison;;13
Paris;94037;Gentilly;peripherie;2023;Appartement;6087.0;113
Paris;94037;Gentilly;peripherie;2023;Maison;;16
Paris;94037;Gentilly;peripherie;2024;Appartement;5931.0;82
Paris;94037;Gentilly;peripherie;2024;Maison;;11
Paris;94037;Gentilly;peripherie;2025;Appartement;5676.0;135
Paris;94037;Gentilly;peripherie;2025;Maison;;12
Paris;94038;L'Haÿ-les-Roses;peripherie;2021;Appartement;4065.0;226
Paris;94038;L'Haÿ-les-Roses;peripherie;2021;Maison;5702.0;110
Paris;94038;L'Haÿ-les-Roses;peripherie;2022;Appartement;4286.0;278
Paris;94038;L'Haÿ-les-Roses;peripherie;2022;Maison;6429.0;105
Paris;94038;L'Haÿ-les-Roses;peripherie;2023;Appartement;4074.0;175
Paris;94038;L'Haÿ-les-Roses;peripherie;2023;Maison;5750.0;75
Paris;94038;L'Haÿ-les-Roses;peripherie;2024;Appartement;3732.0;161
Paris;94038;L'Haÿ-les-Roses;peripherie;2024;Maison;5496.0;74
Paris;94038;L'Haÿ-les-Roses;peripherie;2025;Appartement;3995.0;188
Paris;94038;L'Haÿ-les-Roses;peripherie;2025;Maison;4947.0;89
Paris;94041;Ivry-sur-Seine;peripherie;2021;Appartement;5339.0;560
Paris;94041;Ivry-sur-Seine;peripherie;2021;Maison;6801.0;47
Paris;94041;Ivry-sur-Seine;peripherie;2022;Appartement;5500.0;590
Paris;94041;Ivry-sur-Seine;peripherie;2022;Maison;7500.0;47
Paris;94041;Ivry-sur-Seine;peripherie;2023;Appartement;5254.0;472
Paris;94041;Ivry-sur-Seine;peripherie;2023;Maison;6422.0;37
Paris;94041;Ivry-sur-Seine;peripherie;2024;Appartement;4824.0;383
Paris;94041;Ivry-sur-Seine;peripherie;2024;Maison;;19
Paris;94041;Ivry-sur-Seine;peripherie;2025;Appartement;4930.0;461
Paris;94041;Ivry-sur-Seine;peripherie;2025;Maison;6062.0;41
Paris;94042;Joinville-le-Pont;peripherie;2021;Appartement;6038.0;198
Paris;94042;Joinville-le-Pont;peripherie;2021;Maison;7362.0;62
Paris;94042;Joinville-le-Pont;peripherie;2022;Appartement;6231.0;231
Paris;94042;Joinville-le-Pont;peripherie;2022;Maison;7963.0;78
Paris;94042;Joinville-le-Pont;peripherie;2023;Appartement;5805.0;167
Paris;94042;Joinville-le-Pont;peripherie;2023;Maison;8433.0;45
Paris;94042;Joinville-le-Pont;peripherie;2024;Appartement;5563.0;161
Paris;94042;Joinville-le-Pont;peripherie;2024;Maison;7346.0;46
Paris;94042;Joinville-le-Pont;peripherie;2025;Appartement;5484.0;179
Paris;94042;Joinville-le-Pont;peripherie;2025;Maison;6818.0;57
Paris;94043;Le Kremlin-Bicêtre;peripherie;2021;Appartement;6065.0;215
Paris;94043;Le Kremlin-Bicêtre;peripherie;2021;Maison;;9
Paris;94043;Le Kremlin-Bicêtre;peripherie;2022;Appartement;6126.0;226
Paris;94043;Le Kremlin-Bicêtre;peripherie;2022;Maison;;14
Paris;94043;Le Kremlin-Bicêtre;peripherie;2023;Appartement;5958.0;177
Paris;94043;Le Kremlin-Bicêtre;peripherie;2023;Maison;;10
Paris;94043;Le Kremlin-Bicêtre;peripherie;2024;Appartement;5614.0;136
Paris;94043;Le Kremlin-Bicêtre;peripherie;2024;Maison;;5
Paris;94043;Le Kremlin-Bicêtre;peripherie;2025;Appartement;5588.0;223
Paris;94043;Le Kremlin-Bicêtre;peripherie;2025;Maison;;11
Paris;94044;Limeil-Brévannes;peripherie;2021;Appartement;3463.0;292
Paris;94044;Limeil-Brévannes;peripherie;2021;Maison;3922.0;97
Paris;94044;Limeil-Brévannes;peripherie;2022;Appartement;3576.0;263
Paris;94044;Limeil-Brévannes;peripherie;2022;Maison;3938.0;74
Paris;94044;Limeil-Brévannes;peripherie;2023;Appartement;3480.0;188
Paris;94044;Limeil-Brévannes;peripherie;2023;Maison;3810.0;68
Paris;94044;Limeil-Brévannes;peripherie;2024;Appartement;3274.0;136
Paris;94044;Limeil-Brévannes;peripherie;2024;Maison;3489.0;63
Paris;94044;Limeil-Brévannes;peripherie;2025;Appartement;3332.0;179
Paris;94044;Limeil-Brévannes;peripherie;2025;Maison;3589.0;57
Paris;94046;Maisons-Alfort;peripherie;2021;Appartement;5863.0;632
Paris;94046;Maisons-Alfort;peripherie;2021;Maison;7064.0;142
Paris;94046;Maisons-Alfort;peripherie;2022;Appartement;6000.0;638
Paris;94046;Maisons-Alfort;peripherie;2022;Maison;7721.0;102
Paris;94046;Maisons-Alfort;peripherie;2023;Appartement;5577.0;448
Paris;94046;Maisons-Alfort;peripherie;2023;Maison;7159.0;89
Paris;94046;Maisons-Alfort;peripherie;2024;Appartement;5422.0;432
Paris;94046;Maisons-Alfort;peripherie;2024;Maison;6609.0;82
Paris;94046;Maisons-Alfort;peripherie;2025;Appartement;5413.0;532
Paris;94046;Maisons-Alfort;peripherie;2025;Maison;6467.0;90
Paris;94047;Mandres-les-Roses;peripherie;2021;Appartement;;13
Paris;94047;Mandres-les-Roses;peripherie;2021;Maison;3415.0;41
Paris;94047;Mandres-les-Roses;peripherie;2022;Appartement;;9
Paris;94047;Mandres-les-Roses;peripherie;2022;Maison;3681.0;41
Paris;94047;Mandres-les-Roses;peripherie;2023;Appartement;;13
Paris;94047;Mandres-les-Roses;peripherie;2023;Maison;;26
Paris;94047;Mandres-les-Roses;peripherie;2024;Appartement;;8
Paris;94047;Mandres-les-Roses;peripherie;2024;Maison;;23
Paris;94047;Mandres-les-Roses;peripherie;2025;Appartement;;6
Paris;94047;Mandres-les-Roses;peripherie;2025;Maison;;28
Paris;94048;Marolles-en-Brie;peripherie;2021;Appartement;;8
Paris;94048;Marolles-en-Brie;peripherie;2021;Maison;3561.0;58
Paris;94048;Marolles-en-Brie;peripherie;2022;Appartement;;9
Paris;94048;Marolles-en-Brie;peripherie;2022;Maison;3760.0;53
Paris;94048;Marolles-en-Brie;peripherie;2023;Appartement;;4
Paris;94048;Marolles-en-Brie;peripherie;2023;Maison;3426.0;40
Paris;94048;Marolles-en-Brie;peripherie;2024;Appartement;;12
Paris;94048;Marolles-en-Brie;peripherie;2024;Maison;3395.0;31
Paris;94048;Marolles-en-Brie;peripherie;2025;Appartement;;9
Paris;94048;Marolles-en-Brie;peripherie;2025;Maison;3322.0;44
Paris;94052;Nogent-sur-Marne;peripherie;2021;Appartement;6647.0;542
Paris;94052;Nogent-sur-Marne;peripherie;2021;Maison;9205.0;79
Paris;94052;Nogent-sur-Marne;peripherie;2022;Appartement;6635.0;556
Paris;94052;Nogent-sur-Marne;peripherie;2022;Maison;8939.0;68
Paris;94052;Nogent-sur-Marne;peripherie;2023;Appartement;6518.0;363
Paris;94052;Nogent-sur-Marne;peripherie;2023;Maison;8425.0;51
Paris;94052;Nogent-sur-Marne;peripherie;2024;Appartement;5914.0;369
Paris;94052;Nogent-sur-Marne;peripherie;2024;Maison;7601.0;45
Paris;94052;Nogent-sur-Marne;peripherie;2025;Appartement;6111.0;423
Paris;94052;Nogent-sur-Marne;peripherie;2025;Maison;8353.0;51
Paris;94053;Noiseau;peripherie;2021;Appartement;;21
Paris;94053;Noiseau;peripherie;2021;Maison;3980.0;47
Paris;94053;Noiseau;peripherie;2022;Appartement;;22
Paris;94053;Noiseau;peripherie;2022;Maison;4124.0;33
Paris;94053;Noiseau;peripherie;2023;Appartement;;15
Paris;94053;Noiseau;peripherie;2023;Maison;4124.0;39
Paris;94053;Noiseau;peripherie;2024;Appartement;;17
Paris;94053;Noiseau;peripherie;2024;Maison;;20
Paris;94053;Noiseau;peripherie;2025;Appartement;;22
Paris;94053;Noiseau;peripherie;2025;Maison;;23
Paris;94054;Orly;peripherie;2021;Appartement;3304.0;127
Paris;94054;Orly;peripherie;2021;Maison;4383.0;67
Paris;94054;Orly;peripherie;2022;Appartement;3542.0;109
Paris;94054;Orly;peripherie;2022;Maison;4651.0;52
Paris;94054;Orly;peripherie;2023;Appartement;3398.0;94
Paris;94054;Orly;peripherie;2023;Maison;4066.0;33
Paris;94054;Orly;peripherie;2024;Appartement;3080.0;62
Paris;94054;Orly;peripherie;2024;Maison;4425.0;47
Paris;94054;Orly;peripherie;2025;Appartement;3373.0;64
Paris;94054;Orly;peripherie;2025;Maison;3988.0;57
Paris;94055;Ormesson-sur-Marne;peripherie;2021;Appartement;;4
Paris;94055;Ormesson-sur-Marne;peripherie;2021;Maison;4294.0;128
Paris;94055;Ormesson-sur-Marne;peripherie;2022;Appartement;;8
Paris;94055;Ormesson-sur-Marne;peripherie;2022;Maison;4561.0;103
Paris;94055;Ormesson-sur-Marne;peripherie;2023;Appartement;;19
Paris;94055;Ormesson-sur-Marne;peripherie;2023;Maison;4667.0;80
Paris;94055;Ormesson-sur-Marne;peripherie;2024;Appartement;;5
Paris;94055;Ormesson-sur-Marne;peripherie;2024;Maison;4076.0;100
Paris;94055;Ormesson-sur-Marne;peripherie;2025;Appartement;;4
Paris;94055;Ormesson-sur-Marne;peripherie;2025;Maison;3949.0;96
Paris;94056;Périgny;peripherie;2021;Appartement;;8
Paris;94056;Périgny;peripherie;2021;Maison;3393.0;40
Paris;94056;Périgny;peripherie;2022;Appartement;;7
Paris;94056;Périgny;peripherie;2022;Maison;;19
Paris;94056;Périgny;peripherie;2023;Appartement;;5
Paris;94056;Périgny;peripherie;2023;Maison;;17
Paris;94056;Périgny;peripherie;2024;Appartement;;7
Paris;94056;Périgny;peripherie;2024;Maison;3301.0;31
Paris;94056;Périgny;peripherie;2025;Appartement;;3
Paris;94056;Périgny;peripherie;2025;Maison;;19
Paris;94058;Le Perreux-sur-Marne;peripherie;2021;Appartement;5575.0;484
Paris;94058;Le Perreux-sur-Marne;peripherie;2021;Maison;7077.0;170
Paris;94058;Le Perreux-sur-Marne;peripherie;2022;Appartement;5789.0;490
Paris;94058;Le Perreux-sur-Marne;peripherie;2022;Maison;7785.0;192
Paris;94058;Le Perreux-sur-Marne;peripherie;2023;Appartement;5538.0;332
Paris;94058;Le Perreux-sur-Marne;peripherie;2023;Maison;7364.0;135
Paris;94058;Le Perreux-sur-Marne;peripherie;2024;Appartement;5250.0;277
Paris;94058;Le Perreux-sur-Marne;peripherie;2024;Maison;6531.0;114
Paris;94058;Le Perreux-sur-Marne;peripherie;2025;Appartement;5356.0;364
Paris;94058;Le Perreux-sur-Marne;peripherie;2025;Maison;6208.0;105
Paris;94059;Le Plessis-Trévise;peripherie;2021;Appartement;3647.0;230
Paris;94059;Le Plessis-Trévise;peripherie;2021;Maison;4228.0;62
Paris;94059;Le Plessis-Trévise;peripherie;2022;Appartement;3826.0;203
Paris;94059;Le Plessis-Trévise;peripherie;2022;Maison;4530.0;76
Paris;94059;Le Plessis-Trévise;peripherie;2023;Appartement;3901.0;156
Paris;94059;Le Plessis-Trévise;peripherie;2023;Maison;4955.0;37
Paris;94059;Le Plessis-Trévise;peripherie;2024;Appartement;3548.0;138
Paris;94059;Le Plessis-Trévise;peripherie;2024;Maison;4276.0;48
Paris;94059;Le Plessis-Trévise;peripherie;2025;Appartement;3494.0;179
Paris;94059;Le Plessis-Trévise;peripherie;2025;Maison;4333.0;50
Paris;94060;La Queue-en-Brie;peripherie;2021;Appartement;;27
Paris;94060;La Queue-en-Brie;peripherie;2021;Maison;3544.0;107
Paris;94060;La Queue-en-Brie;peripherie;2022;Appartement;;21
Paris;94060;La Queue-en-Brie;peripherie;2022;Maison;3547.0;113
Paris;94060;La Queue-en-Brie;peripherie;2023;Appartement;;21
Paris;94060;La Queue-en-Brie;peripherie;2023;Maison;3506.0;80
Paris;94060;La Queue-en-Brie;peripherie;2024;Appartement;;19
Paris;94060;La Queue-en-Brie;peripherie;2024;Maison;3200.0;80
Paris;94060;La Queue-en-Brie;peripherie;2025;Appartement;;16
Paris;94060;La Queue-en-Brie;peripherie;2025;Maison;3291.0;78
Paris;94065;Rungis;peripherie;2021;Appartement;4028.0;46
Paris;94065;Rungis;peripherie;2021;Maison;;23
Paris;94065;Rungis;peripherie;2022;Appartement;4047.0;54
Paris;94065;Rungis;peripherie;2022;Maison;;24
Paris;94065;Rungis;peripherie;2023;Appartement;;28
Paris;94065;Rungis;peripherie;2023;Maison;;17
Paris;94065;Rungis;peripherie;2024;Appartement;4255.0;33
Paris;94065;Rungis;peripherie;2024;Maison;;15
Paris;94065;Rungis;peripherie;2025;Appartement;3912.0;78
Paris;94065;Rungis;peripherie;2025;Maison;;28
Paris;94067;Saint-Mandé;peripherie;2021;Appartement;9570.0;345
Paris;94067;Saint-Mandé;peripherie;2021;Maison;;10
Paris;94067;Saint-Mandé;peripherie;2022;Appartement;9375.0;345
Paris;94067;Saint-Mandé;peripherie;2022;Maison;;8
Paris;94067;Saint-Mandé;peripherie;2023;Appartement;9000.0;246
Paris;94067;Saint-Mandé;peripherie;2023;Maison;;8
Paris;94067;Saint-Mandé;peripherie;2024;Appartement;8487.0;252
Paris;94067;Saint-Mandé;peripherie;2024;Maison;;5
Paris;94067;Saint-Mandé;peripherie;2025;Appartement;8561.0;300
Paris;94067;Saint-Mandé;peripherie;2025;Maison;;7
Paris;94068;Saint-Maur-des-Fossés;peripherie;2021;Appartement;5833.0;960
Paris;94068;Saint-Maur-des-Fossés;peripherie;2021;Maison;7744.0;479
Paris;94068;Saint-Maur-des-Fossés;peripherie;2022;Appartement;5938.0;900
Paris;94068;Saint-Maur-des-Fossés;peripherie;2022;Maison;8040.0;408
Paris;94068;Saint-Maur-des-Fossés;peripherie;2023;Appartement;5592.0;709
Paris;94068;Saint-Maur-des-Fossés;peripherie;2023;Maison;7857.0;280
Paris;94068;Saint-Maur-des-Fossés;peripherie;2024;Appartement;5268.0;654
Paris;94068;Saint-Maur-des-Fossés;peripherie;2024;Maison;7095.0;304
Paris;94068;Saint-Maur-des-Fossés;peripherie;2025;Appartement;5261.0;794
Paris;94068;Saint-Maur-des-Fossés;peripherie;2025;Maison;6801.0;349
Paris;94069;Saint-Maurice;peripherie;2021;Appartement;6463.0;171
Paris;94069;Saint-Maurice;peripherie;2021;Maison;;7
Paris;94069;Saint-Maurice;peripherie;2022;Appartement;6662.0;173
Paris;94069;Saint-Maurice;peripherie;2022;Maison;;9
Paris;94069;Saint-Maurice;peripherie;2023;Appartement;6534.0;143
Paris;94069;Saint-Maurice;peripherie;2023;Maison;;1
Paris;94069;Saint-Maurice;peripherie;2024;Appartement;5871.0;111
Paris;94069;Saint-Maurice;peripherie;2024;Maison;;4
Paris;94069;Saint-Maurice;peripherie;2025;Appartement;5853.0;180
Paris;94069;Saint-Maurice;peripherie;2025;Maison;;6
Paris;94070;Santeny;peripherie;2021;Appartement;;14
Paris;94070;Santeny;peripherie;2021;Maison;;27
Paris;94070;Santeny;peripherie;2022;Appartement;;18
Paris;94070;Santeny;peripherie;2022;Maison;3497.0;30
Paris;94070;Santeny;peripherie;2023;Appartement;;8
Paris;94070;Santeny;peripherie;2023;Maison;;25
Paris;94070;Santeny;peripherie;2024;Appartement;;11
Paris;94070;Santeny;peripherie;2024;Maison;;14
Paris;94070;Santeny;peripherie;2025;Appartement;;8
Paris;94070;Santeny;peripherie;2025;Maison;;28
Paris;94071;Sucy-en-Brie;peripherie;2021;Appartement;3410.0;150
Paris;94071;Sucy-en-Brie;peripherie;2021;Maison;4531.0;149
Paris;94071;Sucy-en-Brie;peripherie;2022;Appartement;3845.0;163
Paris;94071;Sucy-en-Brie;peripherie;2022;Maison;4770.0;168
Paris;94071;Sucy-en-Brie;peripherie;2023;Appartement;3690.0;124
Paris;94071;Sucy-en-Brie;peripherie;2023;Maison;4546.0;120
Paris;94071;Sucy-en-Brie;peripherie;2024;Appartement;3370.0;91
Paris;94071;Sucy-en-Brie;peripherie;2024;Maison;4342.0;105
Paris;94071;Sucy-en-Brie;peripherie;2025;Appartement;3387.0;115
Paris;94071;Sucy-en-Brie;peripherie;2025;Maison;3952.0;128
Paris;94073;Thiais;peripherie;2021;Appartement;3704.0;357
Paris;94073;Thiais;peripherie;2021;Maison;4855.0;107
Paris;94073;Thiais;peripherie;2022;Appartement;3836.0;324
Paris;94073;Thiais;peripherie;2022;Maison;5143.0;84
Paris;94073;Thiais;peripherie;2023;Appartement;3952.0;257
Paris;94073;Thiais;peripherie;2023;Maison;4773.0;57
Paris;94073;Thiais;peripherie;2024;Appartement;3472.0;214
Paris;94073;Thiais;peripherie;2024;Maison;4256.0;50
Paris;94073;Thiais;peripherie;2025;Appartement;3684.0;231
Paris;94073;Thiais;peripherie;2025;Maison;4474.0;68
Paris;94074;Valenton;peripherie;2021;Appartement;;26
Paris;94074;Valenton;peripherie;2021;Maison;;19
Paris;94074;Valenton;peripherie;2022;Appartement;3550.0;31
Paris;94074;Valenton;peripherie;2022;Maison;3932.0;34
Paris;94074;Valenton;peripherie;2023;Appartement;;27
Paris;94074;Valenton;peripherie;2023;Maison;;25
Paris;94074;Valenton;peripherie;2024;Appartement;;18
Paris;94074;Valenton;peripherie;2024;Maison;;16
Paris;94074;Valenton;peripherie;2025;Appartement;;11
Paris;94074;Valenton;peripherie;2025;Maison;;27
Paris;94075;Villecresnes;peripherie;2021;Appartement;3626.0;48
Paris;94075;Villecresnes;peripherie;2021;Maison;3812.0;110
Paris;94075;Villecresnes;peripherie;2022;Appartement;3830.0;46
Paris;94075;Villecresnes;peripherie;2022;Maison;3839.0;90
Paris;94075;Villecresnes;peripherie;2023;Appartement;3858.0;48
Paris;94075;Villecresnes;peripherie;2023;Maison;4058.0;71
Paris;94075;Villecresnes;peripherie;2024;Appartement;3584.0;32
Paris;94075;Villecresnes;peripherie;2024;Maison;3740.0;52
Paris;94075;Villecresnes;peripherie;2025;Appartement;3628.0;39
Paris;94075;Villecresnes;peripherie;2025;Maison;3656.0;80
Paris;94076;Villejuif;peripherie;2021;Appartement;5305.0;412
Paris;94076;Villejuif;peripherie;2021;Maison;6278.0;95
Paris;94076;Villejuif;peripherie;2022;Appartement;5434.0;478
Paris;94076;Villejuif;peripherie;2022;Maison;5901.0;104
Paris;94076;Villejuif;peripherie;2023;Appartement;5212.0;357
Paris;94076;Villejuif;peripherie;2023;Maison;5714.0;75
Paris;94076;Villejuif;peripherie;2024;Appartement;4771.0;272
Paris;94076;Villejuif;peripherie;2024;Maison;5816.0;78
Paris;94076;Villejuif;peripherie;2025;Appartement;4784.0;330
Paris;94076;Villejuif;peripherie;2025;Maison;5707.0;90
Paris;94077;Villeneuve-le-Roi;peripherie;2021;Appartement;3684.0;114
Paris;94077;Villeneuve-le-Roi;peripherie;2021;Maison;4000.0;160
Paris;94077;Villeneuve-le-Roi;peripherie;2022;Appartement;3806.0;111
Paris;94077;Villeneuve-le-Roi;peripherie;2022;Maison;4093.0;130
Paris;94077;Villeneuve-le-Roi;peripherie;2023;Appartement;3571.0;73
Paris;94077;Villeneuve-le-Roi;peripherie;2023;Maison;3929.0;87
Paris;94077;Villeneuve-le-Roi;peripherie;2024;Appartement;3529.0;71
Paris;94077;Villeneuve-le-Roi;peripherie;2024;Maison;3763.0;96
Paris;94077;Villeneuve-le-Roi;peripherie;2025;Appartement;3227.0;70
Paris;94077;Villeneuve-le-Roi;peripherie;2025;Maison;3750.0;84
Paris;94078;Villeneuve-Saint-Georges;peripherie;2021;Appartement;2926.0;173
Paris;94078;Villeneuve-Saint-Georges;peripherie;2021;Maison;3332.0;107
Paris;94078;Villeneuve-Saint-Georges;peripherie;2022;Appartement;2824.0;137
Paris;94078;Villeneuve-Saint-Georges;peripherie;2022;Maison;3778.0;92
Paris;94078;Villeneuve-Saint-Georges;peripherie;2023;Appartement;2929.0;125
Paris;94078;Villeneuve-Saint-Georges;peripherie;2023;Maison;3598.0;72
Paris;94078;Villeneuve-Saint-Georges;peripherie;2024;Appartement;2668.0;109
Paris;94078;Villeneuve-Saint-Georges;peripherie;2024;Maison;3340.0;50
Paris;94078;Villeneuve-Saint-Georges;peripherie;2025;Appartement;2561.0;79
Paris;94078;Villeneuve-Saint-Georges;peripherie;2025;Maison;3187.0;90
Paris;94079;Villiers-sur-Marne;peripherie;2021;Appartement;3911.0;254
Paris;94079;Villiers-sur-Marne;peripherie;2021;Maison;4701.0;138
Paris;94079;Villiers-sur-Marne;peripherie;2022;Appartement;3906.0;283
Paris;94079;Villiers-sur-Marne;peripherie;2022;Maison;5232.0;133
Paris;94079;Villiers-sur-Marne;peripherie;2023;Appartement;3943.0;251
Paris;94079;Villiers-sur-Marne;peripherie;2023;Maison;4951.0;110
Paris;94079;Villiers-sur-Marne;peripherie;2024;Appartement;3678.0;188
Paris;94079;Villiers-sur-Marne;peripherie;2024;Maison;4318.0;79
Paris;94079;Villiers-sur-Marne;peripherie;2025;Appartement;3841.0;233
Paris;94079;Villiers-sur-Marne;peripherie;2025;Maison;4294.0;117
Paris;94080;Vincennes;peripherie;2021;Appartement;9500.0;856
Paris;94080;Vincennes;peripherie;2021;Maison;12185.0;37
Paris;94080;Vincennes;peripherie;2022;Appartement;9375.0;905
Paris;94080;Vincennes;peripherie;2022;Maison;12250.0;35
Paris;94080;Vincennes;peripherie;2023;Appartement;8947.0;737
Paris;94080;Vincennes;peripherie;2023;Maison;10504.0;35
Paris;94080;Vincennes;peripherie;2024;Appartement;8500.0;652
Paris;94080;Vincennes;peripherie;2024;Maison;;26
Paris;94080;Vincennes;peripherie;2025;Appartement;8597.0;742
Paris;94080;Vincennes;peripherie;2025;Maison;10965.0;41
Paris;94081;Vitry-sur-Seine;peripherie;2021;Appartement;4000.0;519
Paris;94081;Vitry-sur-Seine;peripherie;2021;Maison;5405.0;199
Paris;94081;Vitry-sur-Seine;peripherie;2022;Appartement;4261.0;532
Paris;94081;Vitry-sur-Seine;peripherie;2022;Maison;5455.0;217
Paris;94081;Vitry-sur-Seine;peripherie;2023;Appartement;4189.0;420
Paris;94081;Vitry-sur-Seine;peripherie;2023;Maison;5469.0;151
Paris;94081;Vitry-sur-Seine;peripherie;2024;Appartement;3779.0;356
Paris;94081;Vitry-sur-Seine;peripherie;2024;Maison;5222.0;127
Paris;94081;Vitry-sur-Seine;peripherie;2025;Appartement;3870.0;382
Paris;94081;Vitry-sur-Seine;peripherie;2025;Maison;4697.0;118
Paris;95018;Argenteuil;peripherie;2021;Appartement;3286.0;702
Paris;95018;Argenteuil;peripherie;2021;Maison;4160.0;514
Paris;95018;Argenteuil;peripherie;2022;Appartement;3444.0;715
Paris;95018;Argenteuil;peripherie;2022;Maison;4442.0;501
Paris;95018;Argenteuil;peripherie;2023;Appartement;3247.0;505
Paris;95018;Argenteuil;peripherie;2023;Maison;4082.0;335
Paris;95018;Argenteuil;peripherie;2024;Appartement;3125.0;461
Paris;95018;Argenteuil;peripherie;2024;Maison;3874.0;330
Paris;95018;Argenteuil;peripherie;2025;Appartement;3094.0;481
Paris;95018;Argenteuil;peripherie;2025;Maison;3812.0;347
Rennes;35001;Acigné;peripherie;2021;Appartement;2966.0;33
Rennes;35001;Acigné;peripherie;2021;Maison;2970.0;56
Rennes;35001;Acigné;peripherie;2022;Appartement;;24
Rennes;35001;Acigné;peripherie;2022;Maison;3240.0;44
Rennes;35001;Acigné;peripherie;2023;Appartement;;16
Rennes;35001;Acigné;peripherie;2023;Maison;3165.0;34
Rennes;35001;Acigné;peripherie;2024;Appartement;;22
Rennes;35001;Acigné;peripherie;2024;Maison;3000.0;31
Rennes;35001;Acigné;peripherie;2025;Appartement;;26
Rennes;35001;Acigné;peripherie;2025;Maison;3105.0;35
Rennes;35022;Bécherel;peripherie;2021;Appartement;;1
Rennes;35022;Bécherel;peripherie;2021;Maison;;8
Rennes;35022;Bécherel;peripherie;2022;Appartement;;2
Rennes;35022;Bécherel;peripherie;2022;Maison;;8
Rennes;35022;Bécherel;peripherie;2023;Maison;;7
Rennes;35022;Bécherel;peripherie;2024;Maison;;6
Rennes;35022;Bécherel;peripherie;2025;Appartement;;1
Rennes;35022;Bécherel;peripherie;2025;Maison;;4
Rennes;35024;Betton;peripherie;2021;Appartement;3070.0;71
Rennes;35024;Betton;peripherie;2021;Maison;3314.0;105
Rennes;35024;Betton;peripherie;2022;Appartement;3326.0;59
Rennes;35024;Betton;peripherie;2022;Maison;3623.0;78
Rennes;35024;Betton;peripherie;2023;Appartement;3474.0;50
Rennes;35024;Betton;peripherie;2023;Maison;3539.0;78
Rennes;35024;Betton;peripherie;2024;Appartement;3375.0;53
Rennes;35024;Betton;peripherie;2024;Maison;3563.0;45
Rennes;35024;Betton;peripherie;2025;Appartement;3356.0;52
Rennes;35024;Betton;peripherie;2025;Maison;3286.0;78
Rennes;35032;Bourgbarré;peripherie;2021;Appartement;;16
Rennes;35032;Bourgbarré;peripherie;2021;Maison;2497.0;37
Rennes;35032;Bourgbarré;peripherie;2022;Appartement;;11
Rennes;35032;Bourgbarré;peripherie;2022;Maison;2807.0;43
Rennes;35032;Bourgbarré;peripherie;2023;Appartement;;9
Rennes;35032;Bourgbarré;peripherie;2023;Maison;;28
Rennes;35032;Bourgbarré;peripherie;2024;Appartement;;29
Rennes;35032;Bourgbarré;peripherie;2024;Maison;2503.0;31
Rennes;35032;Bourgbarré;peripherie;2025;Appartement;;15
Rennes;35032;Bourgbarré;peripherie;2025;Maison;;29
Rennes;35039;Brécé;peripherie;2021;Appartement;;17
Rennes;35039;Brécé;peripherie;2021;Maison;;12
Rennes;35039;Brécé;peripherie;2022;Appartement;;11
Rennes;35039;Brécé;peripherie;2022;Maison;;16
Rennes;35039;Brécé;peripherie;2023;Appartement;;1
Rennes;35039;Brécé;peripherie;2023;Maison;;12
Rennes;35039;Brécé;peripherie;2024;Appartement;;7
Rennes;35039;Brécé;peripherie;2024;Maison;;21
Rennes;35039;Brécé;peripherie;2025;Appartement;;5
Rennes;35039;Brécé;peripherie;2025;Maison;;10
Rennes;35047;Bruz;peripherie;2021;Appartement;3062.0;144
Rennes;35047;Bruz;peripherie;2021;Maison;3125.0;128
Rennes;35047;Bruz;peripherie;2022;Appartement;3111.0;115
Rennes;35047;Bruz;peripherie;2022;Maison;3387.0;121
Rennes;35047;Bruz;peripherie;2023;Appartement;3127.0;112
Rennes;35047;Bruz;peripherie;2023;Maison;3115.0;97
Rennes;35047;Bruz;peripherie;2024;Appartement;3053.0;116
Rennes;35047;Bruz;peripherie;2024;Maison;2941.0;105
Rennes;35047;Bruz;peripherie;2025;Appartement;3156.0;112
Rennes;35047;Bruz;peripherie;2025;Maison;3151.0;99
Rennes;35051;Cesson-Sévigné;peripherie;2021;Appartement;3258.0;145
Rennes;35051;Cesson-Sévigné;peripherie;2021;Maison;3900.0;128
Rennes;35051;Cesson-Sévigné;peripherie;2022;Appartement;3727.0;126
Rennes;35051;Cesson-Sévigné;peripherie;2022;Maison;4211.0;117
Rennes;35051;Cesson-Sévigné;peripherie;2023;Appartement;3717.0;94
Rennes;35051;Cesson-Sévigné;peripherie;2023;Maison;4237.0;94
Rennes;35051;Cesson-Sévigné;peripherie;2024;Appartement;3500.0;88
Rennes;35051;Cesson-Sévigné;peripherie;2024;Maison;3912.0;77
Rennes;35051;Cesson-Sévigné;peripherie;2025;Appartement;3896.0;131
Rennes;35051;Cesson-Sévigné;peripherie;2025;Maison;3649.0;101
Rennes;35055;Chantepie;peripherie;2021;Appartement;2891.0;94
Rennes;35055;Chantepie;peripherie;2021;Maison;3166.0;50
Rennes;35055;Chantepie;peripherie;2022;Appartement;3041.0;106
Rennes;35055;Chantepie;peripherie;2022;Maison;3594.0;41
Rennes;35055;Chantepie;peripherie;2023;Appartement;3139.0;100
Rennes;35055;Chantepie;peripherie;2023;Maison;3396.0;44
Rennes;35055;Chantepie;peripherie;2024;Appartement;3140.0;87
Rennes;35055;Chantepie;peripherie;2024;Maison;;23
Rennes;35055;Chantepie;peripherie;2025;Appartement;3121.0;89
Rennes;35055;Chantepie;peripherie;2025;Maison;3220.0;44
Rennes;35058;La Chapelle-Chaussée;peripherie;2021;Maison;;11
Rennes;35058;La Chapelle-Chaussée;peripherie;2022;Maison;;18
Rennes;35058;La Chapelle-Chaussée;peripherie;2023;Maison;;9
Rennes;35058;La Chapelle-Chaussée;peripherie;2024;Maison;;11
Rennes;35058;La Chapelle-Chaussée;peripherie;2025;Maison;;9
Rennes;35059;La Chapelle-des-Fougeretz;peripherie;2021;Appartement;;17
Rennes;35059;La Chapelle-des-Fougeretz;peripherie;2021;Maison;2930.0;45
Rennes;35059;La Chapelle-des-Fougeretz;peripherie;2022;Appartement;;26
Rennes;35059;La Chapelle-des-Fougeretz;peripherie;2022;Maison;3236.0;31
Rennes;35059;La Chapelle-des-Fougeretz;peripherie;2023;Appartement;;13
Rennes;35059;La Chapelle-des-Fougeretz;peripherie;2023;Maison;3202.0;48
Rennes;35059;La Chapelle-des-Fougeretz;peripherie;2024;Appartement;;13
Rennes;35059;La Chapelle-des-Fougeretz;peripherie;2024;Maison;;29
Rennes;35059;La Chapelle-des-Fougeretz;peripherie;2025;Appartement;;23
Rennes;35059;La Chapelle-des-Fougeretz;peripherie;2025;Maison;3074.0;43
Rennes;35065;La Chapelle-Thouarault;peripherie;2021;Appartement;;1
Rennes;35065;La Chapelle-Thouarault;peripherie;2021;Maison;;21
Rennes;35065;La Chapelle-Thouarault;peripherie;2022;Appartement;;1
Rennes;35065;La Chapelle-Thouarault;peripherie;2022;Maison;;19
Rennes;35065;La Chapelle-Thouarault;peripherie;2023;Appartement;;10
Rennes;35065;La Chapelle-Thouarault;peripherie;2023;Maison;;19
Rennes;35065;La Chapelle-Thouarault;peripherie;2024;Appartement;;1
Rennes;35065;La Chapelle-Thouarault;peripherie;2024;Maison;;12
Rennes;35065;La Chapelle-Thouarault;peripherie;2025;Appartement;;2
Rennes;35065;La Chapelle-Thouarault;peripherie;2025;Maison;;21
Rennes;35066;Chartres-de-Bretagne;peripherie;2021;Appartement;2912.0;73
Rennes;35066;Chartres-de-Bretagne;peripherie;2021;Maison;2946.0;47
Rennes;35066;Chartres-de-Bretagne;peripherie;2022;Appartement;2978.0;72
Rennes;35066;Chartres-de-Bretagne;peripherie;2022;Maison;3011.0;53
Rennes;35066;Chartres-de-Bretagne;peripherie;2023;Appartement;3033.0;49
Rennes;35066;Chartres-de-Bretagne;peripherie;2023;Maison;3044.0;58
Rennes;35066;Chartres-de-Bretagne;peripherie;2024;Appartement;3036.0;46
Rennes;35066;Chartres-de-Bretagne;peripherie;2024;Maison;2879.0;41
Rennes;35066;Chartres-de-Bretagne;peripherie;2025;Appartement;3012.0;68
Rennes;35066;Chartres-de-Bretagne;peripherie;2025;Maison;2903.0;56
Rennes;35076;Chavagne;peripherie;2021;Appartement;2069.0;40
Rennes;35076;Chavagne;peripherie;2021;Maison;2603.0;46
Rennes;35076;Chavagne;peripherie;2022;Appartement;2802.0;34
Rennes;35076;Chavagne;peripherie;2022;Maison;2786.0;56
Rennes;35076;Chavagne;peripherie;2023;Appartement;;18
Rennes;35076;Chavagne;peripherie;2023;Maison;2844.0;33
Rennes;35076;Chavagne;peripherie;2024;Appartement;;8
Rennes;35076;Chavagne;peripherie;2024;Maison;2744.0;31
Rennes;35076;Chavagne;peripherie;2025;Appartement;;18
Rennes;35076;Chavagne;peripherie;2025;Maison;;19
Rennes;35079;Chevaigné;peripherie;2021;Appartement;;3
Rennes;35079;Chevaigné;peripherie;2021;Maison;;27
Rennes;35079;Chevaigné;peripherie;2022;Appartement;;2
Rennes;35079;Chevaigné;peripherie;2022;Maison;;23
Rennes;35079;Chevaigné;peripherie;2023;Maison;;19
Rennes;35079;Chevaigné;peripherie;2024;Appartement;;1
Rennes;35079;Chevaigné;peripherie;2024;Maison;;11
Rennes;35079;Chevaigné;peripherie;2025;Appartement;;3
Rennes;35079;Chevaigné;peripherie;2025;Maison;;19
Rennes;35080;Cintré;peripherie;2021;Appartement;;6
Rennes;35080;Cintré;peripherie;2021;Maison;2204.0;30
Rennes;35080;Cintré;peripherie;2022;Appartement;;3
Rennes;35080;Cintré;peripherie;2022;Maison;;25
Rennes;35080;Cintré;peripherie;2023;Appartement;;3
Rennes;35080;Cintré;peripherie;2023;Maison;;20
Rennes;35080;Cintré;peripherie;2024;Appartement;;2
Rennes;35080;Cintré;peripherie;2024;Maison;;16
Rennes;35080;Cintré;peripherie;2025;Appartement;;1
Rennes;35080;Cintré;peripherie;2025;Maison;;27
Rennes;35081;Clayes;peripherie;2021;Maison;;5
Rennes;35081;Clayes;peripherie;2022;Maison;;8
Rennes;35081;Clayes;peripherie;2023;Maison;;7
Rennes;35081;Clayes;peripherie;2024;Maison;;5
Rennes;35081;Clayes;peripherie;2025;Appartement;;1
Rennes;35081;Clayes;peripherie;2025;Maison;;8
Rennes;35088;Corps-Nuds;peripherie;2021;Appartement;;3
Rennes;35088;Corps-Nuds;peripherie;2021;Maison;2417.0;30
Rennes;35088;Corps-Nuds;peripherie;2022;Appartement;;6
Rennes;35088;Corps-Nuds;peripherie;2022;Maison;;29
Rennes;35088;Corps-Nuds;peripherie;2023;Appartement;;5
Rennes;35088;Corps-Nuds;peripherie;2023;Maison;;24
Rennes;35088;Corps-Nuds;peripherie;2024;Appartement;;6
Rennes;35088;Corps-Nuds;peripherie;2024;Maison;;18
Rennes;35088;Corps-Nuds;peripherie;2025;Appartement;;3
Rennes;35088;Corps-Nuds;peripherie;2025;Maison;;19
Rennes;35120;Gévezé;peripherie;2021;Appartement;;23
Rennes;35120;Gévezé;peripherie;2021;Maison;2647.0;57
Rennes;35120;Gévezé;peripherie;2022;Appartement;;22
Rennes;35120;Gévezé;peripherie;2022;Maison;3189.0;60
Rennes;35120;Gévezé;peripherie;2023;Appartement;;14
Rennes;35120;Gévezé;peripherie;2023;Maison;3095.0;40
Rennes;35120;Gévezé;peripherie;2024;Appartement;;11
Rennes;35120;Gévezé;peripherie;2024;Maison;2843.0;42
Rennes;35120;Gévezé;peripherie;2025;Appartement;;17
Rennes;35120;Gévezé;peripherie;2025;Maison;2904.0;50
Rennes;35131;L'Hermitage;peripherie;2021;Appartement;;24
Rennes;35131;L'Hermitage;peripherie;2021;Maison;2605.0;38
Rennes;35131;L'Hermitage;peripherie;2022;Appartement;;16
Rennes;35131;L'Hermitage;peripherie;2022;Maison;2626.0;35
Rennes;35131;L'Hermitage;peripherie;2023;Appartement;;20
Rennes;35131;L'Hermitage;peripherie;2023;Maison;;23
Rennes;35131;L'Hermitage;peripherie;2024;Appartement;;6
Rennes;35131;L'Hermitage;peripherie;2024;Maison;;20
Rennes;35131;L'Hermitage;peripherie;2025;Appartement;;19
Rennes;35131;L'Hermitage;peripherie;2025;Maison;2539.0;39
Rennes;35139;Laillé;peripherie;2021;Appartement;;19
Rennes;35139;Laillé;peripherie;2021;Maison;2692.0;42
Rennes;35139;Laillé;peripherie;2022;Appartement;;16
Rennes;35139;Laillé;peripherie;2022;Maison;2611.0;47
Rennes;35139;Laillé;peripherie;2023;Appartement;;26
Rennes;35139;Laillé;peripherie;2023;Maison;2725.0;41
Rennes;35139;Laillé;peripherie;2024;Appartement;;16
Rennes;35139;Laillé;peripherie;2024;Maison;2777.0;38
Rennes;35139;Laillé;peripherie;2025;Appartement;;4
Rennes;35139;Laillé;peripherie;2025;Maison;2660.0;41
Rennes;35144;Langan;peripherie;2021;Appartement;;2
Rennes;35144;Langan;peripherie;2021;Maison;;16
Rennes;35144;Langan;peripherie;2022;Appartement;;3
Rennes;35144;Langan;peripherie;2022;Maison;;9
Rennes;35144;Langan;peripherie;2023;Maison;;8
Rennes;35144;Langan;peripherie;2024;Appartement;;3
Rennes;35144;Langan;peripherie;2024;Maison;;10
Rennes;35144;Langan;peripherie;2025;Maison;;9
Rennes;35180;Miniac-sous-Bécherel;peripherie;2021;Maison;;6
Rennes;35180;Miniac-sous-Bécherel;peripherie;2022;Maison;;10
Rennes;35180;Miniac-sous-Bécherel;peripherie;2023;Maison;;8
Rennes;35180;Miniac-sous-Bécherel;peripherie;2024;Maison;;5
Rennes;35180;Miniac-sous-Bécherel;peripherie;2025;Maison;;4
Rennes;35189;Montgermont;peripherie;2021;Appartement;;10
Rennes;35189;Montgermont;peripherie;2021;Maison;2906.0;34
Rennes;35189;Montgermont;peripherie;2022;Appartement;3478.0;34
Rennes;35189;Montgermont;peripherie;2022;Maison;3487.0;32
Rennes;35189;Montgermont;peripherie;2023;Appartement;;19
Rennes;35189;Montgermont;peripherie;2023;Maison;;25
Rennes;35189;Montgermont;peripherie;2024;Appartement;;9
Rennes;35189;Montgermont;peripherie;2024;Maison;;23
Rennes;35189;Montgermont;peripherie;2025;Appartement;;16
Rennes;35189;Montgermont;peripherie;2025;Maison;;16
Rennes;35196;Mordelles;peripherie;2021;Appartement;2754.0;50
Rennes;35196;Mordelles;peripherie;2021;Maison;2640.0;56
Rennes;35196;Mordelles;peripherie;2022;Appartement;2850.0;60
Rennes;35196;Mordelles;peripherie;2022;Maison;2852.0;52
Rennes;35196;Mordelles;peripherie;2023;Appartement;2877.0;32
Rennes;35196;Mordelles;peripherie;2023;Maison;2632.0;31
Rennes;35196;Mordelles;peripherie;2024;Appartement;2885.0;36
Rennes;35196;Mordelles;peripherie;2024;Maison;2909.0;36
Rennes;35196;Mordelles;peripherie;2025;Appartement;3000.0;55
Rennes;35196;Mordelles;peripherie;2025;Maison;2878.0;49
Rennes;35204;Nouvoitou;peripherie;2021;Appartement;;2
Rennes;35204;Nouvoitou;peripherie;2021;Maison;2500.0;38
Rennes;35204;Nouvoitou;peripherie;2022;Appartement;;4
Rennes;35204;Nouvoitou;peripherie;2022;Maison;2614.0;35
Rennes;35204;Nouvoitou;peripherie;2023;Appartement;;3
Rennes;35204;Nouvoitou;peripherie;2023;Maison;;19
Rennes;35204;Nouvoitou;peripherie;2024;Maison;2670.0;39
Rennes;35204;Nouvoitou;peripherie;2025;Appartement;;7
Rennes;35204;Nouvoitou;peripherie;2025;Maison;;29
Rennes;35206;Noyal-Châtillon-sur-Seiche;peripherie;2021;Appartement;2868.0;58
Rennes;35206;Noyal-Châtillon-sur-Seiche;peripherie;2021;Maison;2893.0;53
Rennes;35206;Noyal-Châtillon-sur-Seiche;peripherie;2022;Appartement;2990.0;46
Rennes;35206;Noyal-Châtillon-sur-Seiche;peripherie;2022;Maison;3146.0;40
Rennes;35206;Noyal-Châtillon-sur-Seiche;peripherie;2023;Appartement;2443.0;98
Rennes;35206;Noyal-Châtillon-sur-Seiche;peripherie;2023;Maison;2722.0;50
Rennes;35206;Noyal-Châtillon-sur-Seiche;peripherie;2024;Appartement;2667.0;50
Rennes;35206;Noyal-Châtillon-sur-Seiche;peripherie;2024;Maison;2704.0;46
Rennes;35206;Noyal-Châtillon-sur-Seiche;peripherie;2025;Appartement;3070.0;52
Rennes;35206;Noyal-Châtillon-sur-Seiche;peripherie;2025;Maison;3101.0;38
Rennes;35208;Orgères;peripherie;2021;Appartement;;20
Rennes;35208;Orgères;peripherie;2021;Maison;2479.0;58
Rennes;35208;Orgères;peripherie;2022;Appartement;;13
Rennes;35208;Orgères;peripherie;2022;Maison;2812.0;39
Rennes;35208;Orgères;peripherie;2023;Appartement;;10
Rennes;35208;Orgères;peripherie;2023;Maison;2872.0;48
Rennes;35208;Orgères;peripherie;2024;Appartement;;8
Rennes;35208;Orgères;peripherie;2024;Maison;2848.0;30
Rennes;35208;Orgères;peripherie;2025;Appartement;;13
Rennes;35208;Orgères;peripherie;2025;Maison;;25
Rennes;35210;Pacé;peripherie;2021;Appartement;3024.0;77
Rennes;35210;Pacé;peripherie;2021;Maison;3175.0;70
Rennes;35210;Pacé;peripherie;2022;Appartement;3227.0;68
Rennes;35210;Pacé;peripherie;2022;Maison;3459.0;79
Rennes;35210;Pacé;peripherie;2023;Appartement;3389.0;47
Rennes;35210;Pacé;peripherie;2023;Maison;3330.0;80
Rennes;35210;Pacé;peripherie;2024;Appartement;3269.0;42
Rennes;35210;Pacé;peripherie;2024;Maison;3305.0;58
Rennes;35210;Pacé;peripherie;2025;Appartement;3400.0;57
Rennes;35210;Pacé;peripherie;2025;Maison;3174.0;70
Rennes;35216;Parthenay-de-Bretagne;peripherie;2021;Appartement;;7
Rennes;35216;Parthenay-de-Bretagne;peripherie;2021;Maison;;23
Rennes;35216;Parthenay-de-Bretagne;peripherie;2022;Appartement;;3
Rennes;35216;Parthenay-de-Bretagne;peripherie;2022;Maison;;21
Rennes;35216;Parthenay-de-Bretagne;peripherie;2023;Appartement;;9
Rennes;35216;Parthenay-de-Bretagne;peripherie;2023;Maison;;9
Rennes;35216;Parthenay-de-Bretagne;peripherie;2024;Appartement;;5
Rennes;35216;Parthenay-de-Bretagne;peripherie;2024;Maison;;14
Rennes;35216;Parthenay-de-Bretagne;peripherie;2025;Appartement;;1
Rennes;35216;Parthenay-de-Bretagne;peripherie;2025;Maison;;11
Rennes;35238;Rennes;centre;2021;Appartement;3573.0;3406
Rennes;35238;Rennes;centre;2021;Maison;5000.0;551
Rennes;35238;Rennes;centre;2022;Appartement;3824.0;3455
Rennes;35238;Rennes;centre;2022;Maison;5229.0;516
Rennes;35238;Rennes;centre;2023;Appartement;3750.0;2759
Rennes;35238;Rennes;centre;2023;Maison;5033.0;384
Rennes;35238;Rennes;centre;2024;Appartement;3608.0;2557
Rennes;35238;Rennes;centre;2024;Maison;4615.0;397
Rennes;35238;Rennes;centre;2025;Appartement;3700.0;2872
Rennes;35238;Rennes;centre;2025;Maison;4500.0;496
Rennes;35240;Le Rheu;peripherie;2021;Appartement;2519.0;83
Rennes;35240;Le Rheu;peripherie;2021;Maison;2824.0;64
Rennes;35240;Le Rheu;peripherie;2022;Appartement;2848.0;84
Rennes;35240;Le Rheu;peripherie;2022;Maison;3146.0;57
Rennes;35240;Le Rheu;peripherie;2023;Appartement;2935.0;54
Rennes;35240;Le Rheu;peripherie;2023;Maison;2782.0;41
Rennes;35240;Le Rheu;peripherie;2024;Appartement;2930.0;65
Rennes;35240;Le Rheu;peripherie;2024;Maison;3021.0;43
Rennes;35240;Le Rheu;peripherie;2025;Appartement;2892.0;78
Rennes;35240;Le Rheu;peripherie;2025;Maison;2875.0;67
Rennes;35245;Romillé;peripherie;2021;Appartement;;10
Rennes;35245;Romillé;peripherie;2021;Maison;2010.0;45
Rennes;35245;Romillé;peripherie;2022;Appartement;;10
Rennes;35245;Romillé;peripherie;2022;Maison;2563.0;44
Rennes;35245;Romillé;peripherie;2023;Appartement;;8
Rennes;35245;Romillé;peripherie;2023;Maison;2603.0;35
Rennes;35245;Romillé;peripherie;2024;Appartement;;6
Rennes;35245;Romillé;peripherie;2024;Maison;;24
Rennes;35245;Romillé;peripherie;2025;Appartement;;8
Rennes;35245;Romillé;peripherie;2025;Maison;2637.0;37
Rennes;35250;Saint-Armel;peripherie;2021;Appartement;;19
Rennes;35250;Saint-Armel;peripherie;2021;Maison;;23
Rennes;35250;Saint-Armel;peripherie;2022;Appartement;;17
Rennes;35250;Saint-Armel;peripherie;2022;Maison;;15
Rennes;35250;Saint-Armel;peripherie;2023;Appartement;;6
Rennes;35250;Saint-Armel;peripherie;2023;Maison;;27
Rennes;35250;Saint-Armel;peripherie;2024;Appartement;;5
Rennes;35250;Saint-Armel;peripherie;2024;Maison;;19
Rennes;35250;Saint-Armel;peripherie;2025;Appartement;;7
Rennes;35250;Saint-Armel;peripherie;2025;Maison;;18
Rennes;35266;Saint-Erblon;peripherie;2021;Appartement;;27
Rennes;35266;Saint-Erblon;peripherie;2021;Maison;2564.0;44
Rennes;35266;Saint-Erblon;peripherie;2022;Appartement;;28
Rennes;35266;Saint-Erblon;peripherie;2022;Maison;2938.0;38
Rennes;35266;Saint-Erblon;peripherie;2023;Appartement;;15
Rennes;35266;Saint-Erblon;peripherie;2023;Maison;;24
Rennes;35266;Saint-Erblon;peripherie;2024;Appartement;;11
Rennes;35266;Saint-Erblon;peripherie;2024;Maison;2468.0;34
Rennes;35266;Saint-Erblon;peripherie;2025;Appartement;;16
Rennes;35266;Saint-Erblon;peripherie;2025;Maison;;28
Rennes;35275;Saint-Gilles;peripherie;2021;Appartement;2083.0;39
Rennes;35275;Saint-Gilles;peripherie;2021;Maison;2686.0;50
Rennes;35275;Saint-Gilles;peripherie;2022;Appartement;;23
Rennes;35275;Saint-Gilles;peripherie;2022;Maison;3026.0;32
Rennes;35275;Saint-Gilles;peripherie;2023;Appartement;;13
Rennes;35275;Saint-Gilles;peripherie;2023;Maison;3079.0;32
Rennes;35275;Saint-Gilles;peripherie;2024;Appartement;;7
Rennes;35275;Saint-Gilles;peripherie;2024;Maison;;26
Rennes;35275;Saint-Gilles;peripherie;2025;Appartement;;23
Rennes;35275;Saint-Gilles;peripherie;2025;Maison;2939.0;33
Rennes;35278;Saint-Grégoire;peripherie;2021;Appartement;3484.0;40
Rennes;35278;Saint-Grégoire;peripherie;2021;Maison;3711.0;74
Rennes;35278;Saint-Grégoire;peripherie;2022;Appartement;3641.0;72
Rennes;35278;Saint-Grégoire;peripherie;2022;Maison;3965.0;62
Rennes;35278;Saint-Grégoire;peripherie;2023;Appartement;3556.0;69
Rennes;35278;Saint-Grégoire;peripherie;2023;Maison;4299.0;50
Rennes;35278;Saint-Grégoire;peripherie;2024;Appartement;3551.0;39
Rennes;35278;Saint-Grégoire;peripherie;2024;Maison;3921.0;36
Rennes;35278;Saint-Grégoire;peripherie;2025;Appartement;3487.0;66
Rennes;35278;Saint-Grégoire;peripherie;2025;Maison;4002.0;55
Rennes;35281;Saint-Jacques-de-la-Lande;peripherie;2021;Appartement;2679.0;199
Rennes;35281;Saint-Jacques-de-la-Lande;peripherie;2021;Maison;3310.0;89
Rennes;35281;Saint-Jacques-de-la-Lande;peripherie;2022;Appartement;2961.0;195
Rennes;35281;Saint-Jacques-de-la-Lande;peripherie;2022;Maison;3364.0;75
Rennes;35281;Saint-Jacques-de-la-Lande;peripherie;2023;Appartement;3000.0;154
Rennes;35281;Saint-Jacques-de-la-Lande;peripherie;2023;Maison;3423.0;45
Rennes;35281;Saint-Jacques-de-la-Lande;peripherie;2024;Appartement;2903.0;133
Rennes;35281;Saint-Jacques-de-la-Lande;peripherie;2024;Maison;3333.0;50
Rennes;35281;Saint-Jacques-de-la-Lande;peripherie;2025;Appartement;3043.0;175
Rennes;35281;Saint-Jacques-de-la-Lande;peripherie;2025;Maison;3015.0;40
Rennes;35315;Saint-Sulpice-la-Forêt;peripherie;2021;Appartement;;1
Rennes;35315;Saint-Sulpice-la-Forêt;peripherie;2021;Maison;;13
Rennes;35315;Saint-Sulpice-la-Forêt;peripherie;2022;Maison;;7
Rennes;35315;Saint-Sulpice-la-Forêt;peripherie;2023;Maison;;4
Rennes;35315;Saint-Sulpice-la-Forêt;peripherie;2024;Maison;;8
Rennes;35315;Saint-Sulpice-la-Forêt;peripherie;2025;Maison;;18
Rennes;35334;Thorigné-Fouillard;peripherie;2021;Appartement;2885.0;32
Rennes;35334;Thorigné-Fouillard;peripherie;2021;Maison;3121.0;65
Rennes;35334;Thorigné-Fouillard;peripherie;2022;Appartement;;29
Rennes;35334;Thorigné-Fouillard;peripherie;2022;Maison;3447.0;58
Rennes;35334;Thorigné-Fouillard;peripherie;2023;Appartement;;23
Rennes;35334;Thorigné-Fouillard;peripherie;2023;Maison;3352.0;52
Rennes;35334;Thorigné-Fouillard;peripherie;2024;Appartement;;25
Rennes;35334;Thorigné-Fouillard;peripherie;2024;Maison;2985.0;46
Rennes;35334;Thorigné-Fouillard;peripherie;2025;Appartement;;27
Rennes;35334;Thorigné-Fouillard;peripherie;2025;Maison;3062.0;47
Rennes;35351;Le Verger;peripherie;2021;Maison;;11
Rennes;35351;Le Verger;peripherie;2022;Maison;;9
Rennes;35351;Le Verger;peripherie;2023;Appartement;;1
Rennes;35351;Le Verger;peripherie;2023;Maison;;11
Rennes;35351;Le Verger;peripherie;2024;Appartement;;2
Rennes;35351;Le Verger;peripherie;2024;Maison;;7
Rennes;35351;Le Verger;peripherie;2025;Appartement;;1
Rennes;35351;Le Verger;peripherie;2025;Maison;;12
Rennes;35352;Vern-sur-Seiche;peripherie;2021;Appartement;2529.0;39
Rennes;35352;Vern-sur-Seiche;peripherie;2021;Maison;2861.0;80
Rennes;35352;Vern-sur-Seiche;peripherie;2022;Appartement;;23
Rennes;35352;Vern-sur-Seiche;peripherie;2022;Maison;3135.0;67
Rennes;35352;Vern-sur-Seiche;peripherie;2023;Appartement;;21
Rennes;35352;Vern-sur-Seiche;peripherie;2023;Maison;3036.0;51
Rennes;35352;Vern-sur-Seiche;peripherie;2024;Appartement;;26
Rennes;35352;Vern-sur-Seiche;peripherie;2024;Maison;2810.0;49
Rennes;35352;Vern-sur-Seiche;peripherie;2025;Appartement;;24
Rennes;35352;Vern-sur-Seiche;peripherie;2025;Maison;2985.0;54
Rennes;35353;Vezin-le-Coquet;peripherie;2021;Appartement;2623.0;65
Rennes;35353;Vezin-le-Coquet;peripherie;2021;Maison;2855.0;40
Rennes;35353;Vezin-le-Coquet;peripherie;2022;Appartement;3199.0;30
Rennes;35353;Vezin-le-Coquet;peripherie;2022;Maison;3418.0;52
Rennes;35353;Vezin-le-Coquet;peripherie;2023;Appartement;3130.0;30
Rennes;35353;Vezin-le-Coquet;peripherie;2023;Maison;3069.0;32
Rennes;35353;Vezin-le-Coquet;peripherie;2024;Appartement;3225.0;38
Rennes;35353;Vezin-le-Coquet;peripherie;2024;Maison;3102.0;30
Rennes;35353;Vezin-le-Coquet;peripherie;2025;Appartement;3173.0;36
Rennes;35353;Vezin-le-Coquet;peripherie;2025;Maison;3074.0;38
Rennes;35363;Pont-Péan;peripherie;2021;Appartement;;21
Rennes;35363;Pont-Péan;peripherie;2021;Maison;2838.0;32
Rennes;35363;Pont-Péan;peripherie;2022;Appartement;;20
Rennes;35363;Pont-Péan;peripherie;2022;Maison;2749.0;30
Rennes;35363;Pont-Péan;peripherie;2023;Appartement;;16
Rennes;35363;Pont-Péan;peripherie;2023;Maison;;23
Rennes;35363;Pont-Péan;peripherie;2024;Appartement;;13
Rennes;35363;Pont-Péan;peripherie;2024;Maison;;22
Rennes;35363;Pont-Péan;peripherie;2025;Appartement;;23
Rennes;35363;Pont-Péan;peripherie;2025;Maison;2587.0;36
Toulouse;31003;Aigrefeuille;peripherie;2021;Appartement;;2
Toulouse;31003;Aigrefeuille;peripherie;2021;Maison;;8
Toulouse;31003;Aigrefeuille;peripherie;2022;Appartement;;3
Toulouse;31003;Aigrefeuille;peripherie;2022;Maison;;16
Toulouse;31003;Aigrefeuille;peripherie;2023;Appartement;;1
Toulouse;31003;Aigrefeuille;peripherie;2023;Maison;;3
Toulouse;31003;Aigrefeuille;peripherie;2024;Appartement;;1
Toulouse;31003;Aigrefeuille;peripherie;2024;Maison;;6
Toulouse;31003;Aigrefeuille;peripherie;2025;Appartement;;2
Toulouse;31003;Aigrefeuille;peripherie;2025;Maison;;10
Toulouse;31022;Aucamville;peripherie;2021;Appartement;2637.0;145
Toulouse;31022;Aucamville;peripherie;2021;Maison;2882.0;84
Toulouse;31022;Aucamville;peripherie;2022;Appartement;2697.0;121
Toulouse;31022;Aucamville;peripherie;2022;Maison;3017.0;70
Toulouse;31022;Aucamville;peripherie;2023;Appartement;2622.0;90
Toulouse;31022;Aucamville;peripherie;2023;Maison;3019.0;52
Toulouse;31022;Aucamville;peripherie;2024;Appartement;2612.0;75
Toulouse;31022;Aucamville;peripherie;2024;Maison;2877.0;34
Toulouse;31022;Aucamville;peripherie;2025;Appartement;2626.0;78
Toulouse;31022;Aucamville;peripherie;2025;Maison;2771.0;47
Toulouse;31032;Aussonne;peripherie;2021;Appartement;2619.0;41
Toulouse;31032;Aussonne;peripherie;2021;Maison;2876.0;59
Toulouse;31032;Aussonne;peripherie;2022;Appartement;2698.0;35
Toulouse;31032;Aussonne;peripherie;2022;Maison;2915.0;69
Toulouse;31032;Aussonne;peripherie;2023;Appartement;;18
Toulouse;31032;Aussonne;peripherie;2023;Maison;2995.0;55
Toulouse;31032;Aussonne;peripherie;2024;Appartement;;14
Toulouse;31032;Aussonne;peripherie;2024;Maison;2775.0;32
Toulouse;31032;Aussonne;peripherie;2025;Appartement;;28
Toulouse;31032;Aussonne;peripherie;2025;Maison;2893.0;58
Toulouse;31044;Balma;peripherie;2021;Appartement;3400.0;132
Toulouse;31044;Balma;peripherie;2021;Maison;3933.0;90
Toulouse;31044;Balma;peripherie;2022;Appartement;3445.0;174
Toulouse;31044;Balma;peripherie;2022;Maison;4392.0;88
Toulouse;31044;Balma;peripherie;2023;Appartement;3438.0;123
Toulouse;31044;Balma;peripherie;2023;Maison;4275.0;67
Toulouse;31044;Balma;peripherie;2024;Appartement;3189.0;107
Toulouse;31044;Balma;peripherie;2024;Maison;4083.0;64
Toulouse;31044;Balma;peripherie;2025;Appartement;3317.0;150
Toulouse;31044;Balma;peripherie;2025;Maison;3886.0;90
Toulouse;31053;Beaupuy;peripherie;2021;Maison;;7
Toulouse;31053;Beaupuy;peripherie;2022;Maison;;7
Toulouse;31053;Beaupuy;peripherie;2023;Maison;;2
Toulouse;31053;Beaupuy;peripherie;2024;Maison;;3
Toulouse;31053;Beaupuy;peripherie;2025;Maison;;2
Toulouse;31056;Beauzelle;peripherie;2021;Appartement;2627.0;30
Toulouse;31056;Beauzelle;peripherie;2021;Maison;3256.0;59
Toulouse;31056;Beauzelle;peripherie;2022;Appartement;2958.0;74
Toulouse;31056;Beauzelle;peripherie;2022;Maison;3271.0;49
Toulouse;31056;Beauzelle;peripherie;2023;Appartement;2800.0;45
Toulouse;31056;Beauzelle;peripherie;2023;Maison;3617.0;37
Toulouse;31056;Beauzelle;peripherie;2024;Appartement;2832.0;33
Toulouse;31056;Beauzelle;peripherie;2024;Maison;3463.0;30
Toulouse;31056;Beauzelle;peripherie;2025;Appartement;2857.0;45
Toulouse;31056;Beauzelle;peripherie;2025;Maison;3293.0;36
Toulouse;31069;Blagnac;peripherie;2021;Appartement;2903.0;291
Toulouse;31069;Blagnac;peripherie;2021;Maison;3640.0;128
Toulouse;31069;Blagnac;peripherie;2022;Appartement;2956.0;292
Toulouse;31069;Blagnac;peripherie;2022;Maison;3750.0;155
Toulouse;31069;Blagnac;peripherie;2023;Appartement;3085.0;250
Toulouse;31069;Blagnac;peripherie;2023;Maison;3889.0;111
Toulouse;31069;Blagnac;peripherie;2024;Appartement;2935.0;202
Toulouse;31069;Blagnac;peripherie;2024;Maison;3516.0;104
Toulouse;31069;Blagnac;peripherie;2025;Appartement;3040.0;236
Toulouse;31069;Blagnac;peripherie;2025;Maison;3655.0;84
Toulouse;31088;Brax;peripherie;2021;Appartement;;4
Toulouse;31088;Brax;peripherie;2021;Maison;;11
Toulouse;31088;Brax;peripherie;2022;Appartement;;11
Toulouse;31088;Brax;peripherie;2022;Maison;;18
Toulouse;31088;Brax;peripherie;2023;Appartement;;4
Toulouse;31088;Brax;peripherie;2023;Maison;;21
Toulouse;31088;Brax;peripherie;2024;Appartement;;3
Toulouse;31088;Brax;peripherie;2024;Maison;;17
Toulouse;31088;Brax;peripherie;2025;Maison;;13
Toulouse;31091;Bruguières;peripherie;2021;Appartement;;29
Toulouse;31091;Bruguières;peripherie;2021;Maison;2840.0;59
Toulouse;31091;Bruguières;peripherie;2022;Appartement;;28
Toulouse;31091;Bruguières;peripherie;2022;Maison;2923.0;53
Toulouse;31091;Bruguières;peripherie;2023;Appartement;;11
Toulouse;31091;Bruguières;peripherie;2023;Maison;2916.0;40
Toulouse;31091;Bruguières;peripherie;2024;Appartement;;27
Toulouse;31091;Bruguières;peripherie;2024;Maison;;21
Toulouse;31091;Bruguières;peripherie;2025;Appartement;2460.0;30
Toulouse;31091;Bruguières;peripherie;2025;Maison;2961.0;42
Toulouse;31116;Castelginest;peripherie;2021;Appartement;2463.0;78
Toulouse;31116;Castelginest;peripherie;2021;Maison;2957.0;91
Toulouse;31116;Castelginest;peripherie;2022;Appartement;2862.0;87
Toulouse;31116;Castelginest;peripherie;2022;Maison;2987.0;108
Toulouse;31116;Castelginest;peripherie;2023;Appartement;2593.0;55
Toulouse;31116;Castelginest;peripherie;2023;Maison;2970.0;79
Toulouse;31116;Castelginest;peripherie;2024;Appartement;2574.0;47
Toulouse;31116;Castelginest;peripherie;2024;Maison;2968.0;74
Toulouse;31116;Castelginest;peripherie;2025;Appartement;2521.0;51
Toulouse;31116;Castelginest;peripherie;2025;Maison;2833.0;83
Toulouse;31149;Colomiers;peripherie;2021;Appartement;2522.0;330
Toulouse;31149;Colomiers;peripherie;2021;Maison;3161.0;237
Toulouse;31149;Colomiers;peripherie;2022;Appartement;2566.0;399
Toulouse;31149;Colomiers;peripherie;2022;Maison;3316.0;219
Toulouse;31149;Colomiers;peripherie;2023;Appartement;2602.0;308
Toulouse;31149;Colomiers;peripherie;2023;Maison;3208.0;179
Toulouse;31149;Colomiers;peripherie;2024;Appartement;2527.0;252
Toulouse;31149;Colomiers;peripherie;2024;Maison;2924.0;154
Toulouse;31149;Colomiers;peripherie;2025;Appartement;2685.0;313
Toulouse;31149;Colomiers;peripherie;2025;Maison;3100.0;191
Toulouse;31150;Cornebarrieu;peripherie;2021;Appartement;2524.0;35
Toulouse;31150;Cornebarrieu;peripherie;2021;Maison;2833.0;79
Toulouse;31150;Cornebarrieu;peripherie;2022;Appartement;2468.0;46
Toulouse;31150;Cornebarrieu;peripherie;2022;Maison;3023.0;62
Toulouse;31150;Cornebarrieu;peripherie;2023;Appartement;2653.0;47
Toulouse;31150;Cornebarrieu;peripherie;2023;Maison;3269.0;64
Toulouse;31150;Cornebarrieu;peripherie;2024;Appartement;2535.0;35
Toulouse;31150;Cornebarrieu;peripherie;2024;Maison;3038.0;53
Toulouse;31150;Cornebarrieu;peripherie;2025;Appartement;2378.0;41
Toulouse;31150;Cornebarrieu;peripherie;2025;Maison;2871.0;56
Toulouse;31157;Cugnaux;peripherie;2021;Appartement;2442.0;140
Toulouse;31157;Cugnaux;peripherie;2021;Maison;2817.0;156
Toulouse;31157;Cugnaux;peripherie;2022;Appartement;2589.0;122
Toulouse;31157;Cugnaux;peripherie;2022;Maison;3010.0;136
Toulouse;31157;Cugnaux;peripherie;2023;Appartement;2513.0;112
Toulouse;31157;Cugnaux;peripherie;2023;Maison;2938.0;97
Toulouse;31157;Cugnaux;peripherie;2024;Appartement;2502.0;107
Toulouse;31157;Cugnaux;peripherie;2024;Maison;2870.0;104
Toulouse;31157;Cugnaux;peripherie;2025;Appartement;2591.0;137
Toulouse;31157;Cugnaux;peripherie;2025;Maison;2764.0;128
Toulouse;31163;Drémil-Lafage;peripherie;2021;Appartement;;4
Toulouse;31163;Drémil-Lafage;peripherie;2021;Maison;;19
Toulouse;31163;Drémil-Lafage;peripherie;2022;Appartement;;3
Toulouse;31163;Drémil-Lafage;peripherie;2022;Maison;;16
Toulouse;31163;Drémil-Lafage;peripherie;2023;Appartement;;4
Toulouse;31163;Drémil-Lafage;peripherie;2023;Maison;;13
Toulouse;31163;Drémil-Lafage;peripherie;2024;Appartement;;3
Toulouse;31163;Drémil-Lafage;peripherie;2024;Maison;;9
Toulouse;31163;Drémil-Lafage;peripherie;2025;Appartement;;1
Toulouse;31163;Drémil-Lafage;peripherie;2025;Maison;;18
Toulouse;31182;Fenouillet;peripherie;2021;Appartement;2312.0;40
Toulouse;31182;Fenouillet;peripherie;2021;Maison;2583.0;41
Toulouse;31182;Fenouillet;peripherie;2022;Appartement;2457.0;45
Toulouse;31182;Fenouillet;peripherie;2022;Maison;3011.0;38
Toulouse;31182;Fenouillet;peripherie;2023;Appartement;2349.0;32
Toulouse;31182;Fenouillet;peripherie;2023;Maison;2875.0;41
Toulouse;31182;Fenouillet;peripherie;2024;Appartement;2381.0;36
Toulouse;31182;Fenouillet;peripherie;2024;Maison;;25
Toulouse;31182;Fenouillet;peripherie;2025;Appartement;2368.0;41
Toulouse;31182;Fenouillet;peripherie;2025;Maison;2709.0;45
Toulouse;31184;Flourens;peripherie;2021;Appartement;;3
Toulouse;31184;Flourens;peripherie;2021;Maison;;17
Toulouse;31184;Flourens;peripherie;2022;Appartement;;8
Toulouse;31184;Flourens;peripherie;2022;Maison;;13
Toulouse;31184;Flourens;peripherie;2023;Appartement;;4
Toulouse;31184;Flourens;peripherie;2023;Maison;;13
Toulouse;31184;Flourens;peripherie;2024;Appartement;;2
Toulouse;31184;Flourens;peripherie;2024;Maison;;8
Toulouse;31184;Flourens;peripherie;2025;Appartement;;3
Toulouse;31184;Flourens;peripherie;2025;Maison;;17
Toulouse;31186;Fonbeauzard;peripherie;2021;Appartement;2556.0;33
Toulouse;31186;Fonbeauzard;peripherie;2021;Maison;;22
Toulouse;31186;Fonbeauzard;peripherie;2022;Appartement;2644.0;35
Toulouse;31186;Fonbeauzard;peripherie;2022;Maison;;22
Toulouse;31186;Fonbeauzard;peripherie;2023;Appartement;;20
Toulouse;31186;Fonbeauzard;peripherie;2023;Maison;;17
Toulouse;31186;Fonbeauzard;peripherie;2024;Appartement;;22
Toulouse;31186;Fonbeauzard;peripherie;2024;Maison;;16
Toulouse;31186;Fonbeauzard;peripherie;2025;Appartement;;19
Toulouse;31186;Fonbeauzard;peripherie;2025;Maison;;25
Toulouse;31205;Gagnac-sur-Garonne;peripherie;2021;Appartement;2470.0;36
Toulouse;31205;Gagnac-sur-Garonne;peripherie;2021;Maison;;26
Toulouse;31205;Gagnac-sur-Garonne;peripherie;2022;Appartement;2520.0;40
Toulouse;31205;Gagnac-sur-Garonne;peripherie;2022;Maison;;12
Toulouse;31205;Gagnac-sur-Garonne;peripherie;2023;Appartement;;25
Toulouse;31205;Gagnac-sur-Garonne;peripherie;2023;Maison;;11
Toulouse;31205;Gagnac-sur-Garonne;peripherie;2024;Appartement;2578.0;31
Toulouse;31205;Gagnac-sur-Garonne;peripherie;2024;Maison;;12
Toulouse;31205;Gagnac-sur-Garonne;peripherie;2025;Appartement;;24
Toulouse;31205;Gagnac-sur-Garonne;peripherie;2025;Maison;;25
Toulouse;31230;Gratentour;peripherie;2021;Appartement;;5
Toulouse;31230;Gratentour;peripherie;2021;Maison;2864.0;35
Toulouse;31230;Gratentour;peripherie;2022;Appartement;;9
Toulouse;31230;Gratentour;peripherie;2022;Maison;3025.0;40
Toulouse;31230;Gratentour;peripherie;2023;Appartement;;5
Toulouse;31230;Gratentour;peripherie;2023;Maison;3070.0;39
Toulouse;31230;Gratentour;peripherie;2024;Appartement;;6
Toulouse;31230;Gratentour;peripherie;2024;Maison;2784.0;51
Toulouse;31230;Gratentour;peripherie;2025;Appartement;;7
Toulouse;31230;Gratentour;peripherie;2025;Maison;2875.0;30
Toulouse;31282;Launaguet;peripherie;2021;Appartement;2569.0;59
Toulouse;31282;Launaguet;peripherie;2021;Maison;2850.0;76
Toulouse;31282;Launaguet;peripherie;2022;Appartement;2536.0;67
Toulouse;31282;Launaguet;peripherie;2022;Maison;2785.0;55
Toulouse;31282;Launaguet;peripherie;2023;Appartement;2674.0;47
Toulouse;31282;Launaguet;peripherie;2023;Maison;2989.0;49
Toulouse;31282;Launaguet;peripherie;2024;Appartement;2602.0;40
Toulouse;31282;Launaguet;peripherie;2024;Maison;2751.0;43
Toulouse;31282;Launaguet;peripherie;2025;Appartement;2455.0;38
Toulouse;31282;Launaguet;peripherie;2025;Maison;2900.0;73
Toulouse;31293;Lespinasse;peripherie;2021;Appartement;;9
Toulouse;31293;Lespinasse;peripherie;2021;Maison;2911.0;31
Toulouse;31293;Lespinasse;peripherie;2022;Appartement;;6
Toulouse;31293;Lespinasse;peripherie;2022;Maison;2843.0;34
Toulouse;31293;Lespinasse;peripherie;2023;Appartement;;5
Toulouse;31293;Lespinasse;peripherie;2023;Maison;;28
Toulouse;31293;Lespinasse;peripherie;2024;Appartement;;5
Toulouse;31293;Lespinasse;peripherie;2024;Maison;;27
Toulouse;31293;Lespinasse;peripherie;2025;Appartement;;4
Toulouse;31293;Lespinasse;peripherie;2025;Maison;;27
Toulouse;31351;Mondonville;peripherie;2021;Appartement;2469.0;65
Toulouse;31351;Mondonville;peripherie;2021;Maison;2851.0;50
Toulouse;31351;Mondonville;peripherie;2022;Appartement;2456.0;55
Toulouse;31351;Mondonville;peripherie;2022;Maison;2924.0;47
Toulouse;31351;Mondonville;peripherie;2023;Appartement;2500.0;36
Toulouse;31351;Mondonville;peripherie;2023;Maison;2923.0;40
Toulouse;31351;Mondonville;peripherie;2024;Appartement;2488.0;31
Toulouse;31351;Mondonville;peripherie;2024;Maison;;21
Toulouse;31351;Mondonville;peripherie;2025;Appartement;2471.0;35
Toulouse;31351;Mondonville;peripherie;2025;Maison;3013.0;34
Toulouse;31352;Mondouzil;peripherie;2021;Maison;;1
Toulouse;31352;Mondouzil;peripherie;2022;Maison;;2
Toulouse;31352;Mondouzil;peripherie;2025;Maison;;2
Toulouse;31355;Mons;peripherie;2021;Maison;;7
Toulouse;31355;Mons;peripherie;2022;Appartement;;4
Toulouse;31355;Mons;peripherie;2022;Maison;;6
Toulouse;31355;Mons;peripherie;2023;Maison;;6
Toulouse;31355;Mons;peripherie;2024;Maison;;11
Toulouse;31355;Mons;peripherie;2025;Maison;;6
Toulouse;31389;Montrabé;peripherie;2021;Appartement;2660.0;31
Toulouse;31389;Montrabé;peripherie;2021;Maison;;26
Toulouse;31389;Montrabé;peripherie;2022;Appartement;2800.0;34
Toulouse;31389;Montrabé;peripherie;2022;Maison;;29
Toulouse;31389;Montrabé;peripherie;2023;Appartement;2910.0;36
Toulouse;31389;Montrabé;peripherie;2023;Maison;;19
Toulouse;31389;Montrabé;peripherie;2024;Appartement;;21
Toulouse;31389;Montrabé;peripherie;2024;Maison;;20
Toulouse;31389;Montrabé;peripherie;2025;Appartement;;22
Toulouse;31389;Montrabé;peripherie;2025;Maison;;25
Toulouse;31417;Pibrac;peripherie;2021;Appartement;;27
Toulouse;31417;Pibrac;peripherie;2021;Maison;3158.0;57
Toulouse;31417;Pibrac;peripherie;2022;Appartement;2587.0;34
Toulouse;31417;Pibrac;peripherie;2022;Maison;3288.0;59
Toulouse;31417;Pibrac;peripherie;2023;Appartement;;22
Toulouse;31417;Pibrac;peripherie;2023;Maison;3246.0;47
Toulouse;31417;Pibrac;peripherie;2024;Appartement;;23
Toulouse;31417;Pibrac;peripherie;2024;Maison;3333.0;47
Toulouse;31417;Pibrac;peripherie;2025;Appartement;;25
Toulouse;31417;Pibrac;peripherie;2025;Maison;3102.0;46
Toulouse;31418;Pin-Balma;peripherie;2021;Appartement;;11
Toulouse;31418;Pin-Balma;peripherie;2021;Maison;;3
Toulouse;31418;Pin-Balma;peripherie;2022;Appartement;;4
Toulouse;31418;Pin-Balma;peripherie;2022;Maison;;4
Toulouse;31418;Pin-Balma;peripherie;2023;Appartement;;6
Toulouse;31418;Pin-Balma;peripherie;2023;Maison;;2
Toulouse;31418;Pin-Balma;peripherie;2024;Maison;;1
Toulouse;31418;Pin-Balma;peripherie;2025;Appartement;;2
Toulouse;31418;Pin-Balma;peripherie;2025;Maison;;2
Toulouse;31445;Quint-Fonsegrives;peripherie;2021;Appartement;;19
Toulouse;31445;Quint-Fonsegrives;peripherie;2021;Maison;3738.0;41
Toulouse;31445;Quint-Fonsegrives;peripherie;2022;Appartement;;27
Toulouse;31445;Quint-Fonsegrives;peripherie;2022;Maison;2690.0;85
Toulouse;31445;Quint-Fonsegrives;peripherie;2023;Appartement;;23
Toulouse;31445;Quint-Fonsegrives;peripherie;2023;Maison;3517.0;34
Toulouse;31445;Quint-Fonsegrives;peripherie;2024;Appartement;;16
Toulouse;31445;Quint-Fonsegrives;peripherie;2024;Maison;3503.0;42
Toulouse;31445;Quint-Fonsegrives;peripherie;2025;Appartement;;27
Toulouse;31445;Quint-Fonsegrives;peripherie;2025;Maison;3757.0;34
Toulouse;31467;Saint-Alban;peripherie;2021;Appartement;;22
Toulouse;31467;Saint-Alban;peripherie;2021;Maison;2962.0;50
Toulouse;31467;Saint-Alban;peripherie;2022;Appartement;;13
Toulouse;31467;Saint-Alban;peripherie;2022;Maison;2927.0;45
Toulouse;31467;Saint-Alban;peripherie;2023;Appartement;;12
Toulouse;31467;Saint-Alban;peripherie;2023;Maison;;24
Toulouse;31467;Saint-Alban;peripherie;2024;Appartement;;11
Toulouse;31467;Saint-Alban;peripherie;2024;Maison;2935.0;39
Toulouse;31467;Saint-Alban;peripherie;2025;Appartement;;15
Toulouse;31467;Saint-Alban;peripherie;2025;Maison;2684.0;57
Toulouse;31488;Saint-Jean;peripherie;2021;Appartement;3018.0;73
Toulouse;31488;Saint-Jean;peripherie;2021;Maison;3075.0;108
Toulouse;31488;Saint-Jean;peripherie;2022;Appartement;3048.0;66
Toulouse;31488;Saint-Jean;peripherie;2022;Maison;3453.0;95
Toulouse;31488;Saint-Jean;peripherie;2023;Appartement;3299.0;50
Toulouse;31488;Saint-Jean;peripherie;2023;Maison;3175.0;83
Toulouse;31488;Saint-Jean;peripherie;2024;Appartement;3083.0;48
Toulouse;31488;Saint-Jean;peripherie;2024;Maison;2885.0;68
Toulouse;31488;Saint-Jean;peripherie;2025;Appartement;3125.0;50
Toulouse;31488;Saint-Jean;peripherie;2025;Maison;2971.0;94
Toulouse;31490;Saint-Jory;peripherie;2021;Appartement;;20
Toulouse;31490;Saint-Jory;peripherie;2021;Maison;2677.0;56
Toulouse;31490;Saint-Jory;peripherie;2022;Appartement;;20
Toulouse;31490;Saint-Jory;peripherie;2022;Maison;2568.0;60
Toulouse;31490;Saint-Jory;peripherie;2023;Appartement;;11
Toulouse;31490;Saint-Jory;peripherie;2023;Maison;2897.0;49
Toulouse;31490;Saint-Jory;peripherie;2024;Appartement;;12
Toulouse;31490;Saint-Jory;peripherie;2024;Maison;;23
Toulouse;31490;Saint-Jory;peripherie;2025;Appartement;;11
Toulouse;31490;Saint-Jory;peripherie;2025;Maison;2886.0;39
Toulouse;31506;Saint-Orens-de-Gameville;peripherie;2021;Appartement;2854.0;76
Toulouse;31506;Saint-Orens-de-Gameville;peripherie;2021;Maison;3254.0;114
Toulouse;31506;Saint-Orens-de-Gameville;peripherie;2022;Appartement;3170.0;84
Toulouse;31506;Saint-Orens-de-Gameville;peripherie;2022;Maison;3457.0;121
Toulouse;31506;Saint-Orens-de-Gameville;peripherie;2023;Appartement;3151.0;76
Toulouse;31506;Saint-Orens-de-Gameville;peripherie;2023;Maison;3421.0;84
Toulouse;31506;Saint-Orens-de-Gameville;peripherie;2024;Appartement;2977.0;78
Toulouse;31506;Saint-Orens-de-Gameville;peripherie;2024;Maison;3138.0;69
Toulouse;31506;Saint-Orens-de-Gameville;peripherie;2025;Appartement;3127.0;109
Toulouse;31506;Saint-Orens-de-Gameville;peripherie;2025;Maison;3212.0;86
Toulouse;31541;Seilh;peripherie;2021;Appartement;2837.0;43
Toulouse;31541;Seilh;peripherie;2021;Maison;;22
Toulouse;31541;Seilh;peripherie;2022;Appartement;3095.0;59
Toulouse;31541;Seilh;peripherie;2022;Maison;;27
Toulouse;31541;Seilh;peripherie;2023;Appartement;3207.0;49
Toulouse;31541;Seilh;peripherie;2023;Maison;;23
Toulouse;31541;Seilh;peripherie;2024;Appartement;;28
Toulouse;31541;Seilh;peripherie;2024;Maison;;23
Toulouse;31541;Seilh;peripherie;2025;Appartement;3125.0;31
Toulouse;31541;Seilh;peripherie;2025;Maison;;22
Toulouse;31555;Toulouse;centre;2021;Appartement;3214.0;7904
Toulouse;31555;Toulouse;centre;2021;Maison;3791.0;1439
Toulouse;31555;Toulouse;centre;2022;Appartement;3312.0;8238
Toulouse;31555;Toulouse;centre;2022;Maison;4000.0;1377
Toulouse;31555;Toulouse;centre;2023;Appartement;3308.0;6226
Toulouse;31555;Toulouse;centre;2023;Maison;3963.0;1039
Toulouse;31555;Toulouse;centre;2024;Appartement;3185.0;5559
Toulouse;31555;Toulouse;centre;2024;Maison;3666.0;963
Toulouse;31555;Toulouse;centre;2025;Appartement;3251.0;6780
Toulouse;31555;Toulouse;centre;2025;Maison;3708.0;1170
Toulouse;31557;Tournefeuille;peripherie;2021;Appartement;2821.0;160
Toulouse;31557;Tournefeuille;peripherie;2021;Maison;3394.0;191
Toulouse;31557;Tournefeuille;peripherie;2022;Appartement;3108.0;149
Toulouse;31557;Tournefeuille;peripherie;2022;Maison;3568.0;210
Toulouse;31557;Tournefeuille;peripherie;2023;Appartement;3098.0;106
Toulouse;31557;Tournefeuille;peripherie;2023;Maison;3537.0;159
Toulouse;31557;Tournefeuille;peripherie;2024;Appartement;2962.0;96
Toulouse;31557;Tournefeuille;peripherie;2024;Maison;3245.0;151
Toulouse;31557;Tournefeuille;peripherie;2025;Appartement;2952.0;130
Toulouse;31557;Tournefeuille;peripherie;2025;Maison;3302.0;164
Toulouse;31561;L'Union;peripherie;2021;Appartement;;29
Toulouse;31561;L'Union;peripherie;2021;Maison;3556.0;119
Toulouse;31561;L'Union;peripherie;2022;Appartement;;29
Toulouse;31561;L'Union;peripherie;2022;Maison;3611.0;124
Toulouse;31561;L'Union;peripherie;2023;Appartement;;20
Toulouse;31561;L'Union;peripherie;2023;Maison;3460.0;99
Toulouse;31561;L'Union;peripherie;2024;Appartement;3248.0;31
Toulouse;31561;L'Union;peripherie;2024;Maison;3206.0;106
Toulouse;31561;L'Union;peripherie;2025;Appartement;3267.0;43
Toulouse;31561;L'Union;peripherie;2025;Maison;2942.0;124
Toulouse;31588;Villeneuve-Tolosane;peripherie;2021;Appartement;2386.0;49
Toulouse;31588;Villeneuve-Tolosane;peripherie;2021;Maison;2721.0;96
Toulouse;31588;Villeneuve-Tolosane;peripherie;2022;Appartement;2437.0;43
Toulouse;31588;Villeneuve-Tolosane;peripherie;2022;Maison;2943.0;79
Toulouse;31588;Villeneuve-Tolosane;peripherie;2023;Appartement;2536.0;35
Toulouse;31588;Villeneuve-Tolosane;peripherie;2023;Maison;3052.0;80
Toulouse;31588;Villeneuve-Tolosane;peripherie;2024;Appartement;;29
Toulouse;31588;Villeneuve-Tolosane;peripherie;2024;Maison;2785.0;69
Toulouse;31588;Villeneuve-Tolosane;peripherie;2025;Appartement;2538.0;34
Toulouse;31588;Villeneuve-Tolosane;peripherie;2025;Maison;2793.0;93
